Valuation ID,Item,Item Primary Key,Category,Subcategory,Unit,Item Amount,Item Unit Value,Inventory Value
INV-2025-01,Coca-Cola Syrup BIB,NAB-001,Non-Alcoholic Beverage,Soda,5 gal bag-in-box,22,65.02,1430.44
INV-2025-01,Diet Coke Syrup BIB,NAB-002,Non-Alcoholic Beverage,Soda,5 gal bag-in-box,13,62.17,808.21
INV-2025-01,Sprite Syrup BIB,NAB-003,Non-Alcoholic Beverage,Soda,5 gal bag-in-box,39,64.0,2496.0
INV-2025-01,Ginger Ale Syrup BIB,NAB-004,Non-Alcoholic Beverage,Soda,5 gal bag-in-box,32,61.8,1977.6
INV-2025-01,Still Water 16.9oz,NAB-005,Non-Alcoholic Beverage,Bottled Water,case of 24,10,6.56,65.6
INV-2025-01,Sparkling Water 12oz,NAB-006,Non-Alcoholic Beverage,Bottled Water,case of 24,37,17.65,653.05
INV-2025-01,Orange Juice Concentrate,NAB-007,Non-Alcoholic Beverage,Juice,gallon,40,11.16,446.4
INV-2025-01,Cranberry Juice Cocktail,NAB-008,Non-Alcoholic Beverage,Juice,gallon,39,8.99,350.61
INV-2025-01,Pineapple Juice,NAB-009,Non-Alcoholic Beverage,Juice,46 oz can,33,4.46,147.18
INV-2025-01,Lemon Juice (bottled),NAB-010,Non-Alcoholic Beverage,Juice,32 oz bottle,5,4.84,24.2
INV-2025-01,Lime Juice (bottled),NAB-011,Non-Alcoholic Beverage,Juice,32 oz bottle,15,4.42,66.3
INV-2025-01,"Espresso Beans, Dark Roast",NAB-012,Non-Alcoholic Beverage,Coffee,5 lb bag,26,41.33,1074.58
INV-2025-01,"Drip Coffee, Medium Roast",NAB-013,Non-Alcoholic Beverage,Coffee,2 lb bag,18,17.99,323.82
INV-2025-01,"Decaf Coffee, Medium Roast",NAB-014,Non-Alcoholic Beverage,Coffee,2 lb bag,26,17.14,445.64
INV-2025-01,Black Tea Bags,NAB-015,Non-Alcoholic Beverage,Tea,box of 100,29,14.32,415.28
INV-2025-01,Green Tea Bags,NAB-016,Non-Alcoholic Beverage,Tea,box of 100,27,15.48,417.96
INV-2025-01,Herbal Chamomile Tea Bags,NAB-017,Non-Alcoholic Beverage,Tea,box of 100,7,17.25,120.75
INV-2025-01,Red Bull 8.4oz,NAB-018,Non-Alcoholic Beverage,Energy/Sports,case of 24,39,34.71,1353.69
INV-2025-01,Gatorade Fruit Punch,NAB-019,Non-Alcoholic Beverage,Energy/Sports,case of 24,29,20.34,589.86
INV-2025-01,Whole Milk,NAB-020,Non-Alcoholic Beverage,Milk/Dairy Bev,half gallon,23,2.85,65.55
INV-2025-01,Oat Milk,NAB-021,Non-Alcoholic Beverage,Milk/Dairy Bev,32 oz carton,28,5.94,166.32
INV-2025-01,"Almond Milk, Unsweetened",NAB-022,Non-Alcoholic Beverage,Milk/Dairy Bev,32 oz carton,9,3.96,35.64
INV-2025-01,Root Beer Syrup BIB,NAB-023,Non-Alcoholic Beverage,Soda,5 gal bag-in-box,19,60.82,1155.58
INV-2025-01,Club Soda Canister,NAB-024,Non-Alcoholic Beverage,Soda,5 gal canister,10,17.05,170.5
INV-2025-01,Grapefruit Juice,NAB-025,Non-Alcoholic Beverage,Juice,46 oz can,11,5.58,61.38
INV-2025-01,Tomato Juice,NAB-026,Non-Alcoholic Beverage,Juice,46 oz can,34,4.74,161.16
INV-2025-01,Sparkling Lemon Water 12oz,NAB-027,Non-Alcoholic Beverage,Bottled Water,case of 24,28,15.71,439.88
INV-2025-01,Cold Brew Concentrate,NAB-028,Non-Alcoholic Beverage,Coffee,gallon,27,19.57,528.39
INV-2025-01,Half & Half,NAB-029,Non-Alcoholic Beverage,Milk/Dairy Bev,quart,22,4.92,108.24
INV-2025-01,Powerade Blue,NAB-030,Non-Alcoholic Beverage,Energy/Sports,case of 24,9,17.9,161.1
INV-2025-01,Domestic Draft Lager Keg,ALC-001,Alcoholic Beverage,Beer,1/2 barrel keg,8,114.48,915.84
INV-2025-01,Craft IPA Keg,ALC-002,Alcoholic Beverage,Beer,1/6 barrel keg,10,105.9,1059.0
INV-2025-01,"Mexican Lager, Bottled",ALC-003,Alcoholic Beverage,Beer,case of 24,15,38.5,577.5
INV-2025-01,"Wheat Beer, Bottled",ALC-004,Alcoholic Beverage,Beer,case of 24,23,33.9,779.7
INV-2025-01,Light Lager Draft Keg,ALC-005,Alcoholic Beverage,Beer,1/2 barrel keg,10,97.38,973.8
INV-2025-01,"Cabernet Sauvignon, House Red",ALC-006,Alcoholic Beverage,Wine,case of 12,29,85.66,2484.14
INV-2025-01,"Chardonnay, House White",ALC-007,Alcoholic Beverage,Wine,case of 12,4,79.51,318.04
INV-2025-01,Pinot Noir,ALC-008,Alcoholic Beverage,Wine,case of 12,4,137.35,549.4
INV-2025-01,Sauvignon Blanc,ALC-009,Alcoholic Beverage,Wine,case of 12,15,97.54,1463.1
INV-2025-01,Prosecco,ALC-010,Alcoholic Beverage,Wine,case of 12,9,120.53,1084.77
INV-2025-01,Rosé,ALC-011,Alcoholic Beverage,Wine,case of 12,21,93.76,1968.96
INV-2025-01,"Vodka, Well",ALC-012,Alcoholic Beverage,Spirits,1.75L bottle,13,23.86,310.18
INV-2025-01,"Vodka, Premium",ALC-013,Alcoholic Beverage,Spirits,1L bottle,18,32.53,585.54
INV-2025-01,"Gin, Well",ALC-014,Alcoholic Beverage,Spirits,1.75L bottle,23,21.25,488.75
INV-2025-01,"Tequila, Blanco Premium",ALC-015,Alcoholic Beverage,Spirits,1L bottle,11,32.6,358.6
INV-2025-01,"Tequila, Reposado Premium",ALC-016,Alcoholic Beverage,Spirits,1L bottle,26,46.0,1196.0
INV-2025-01,"Bourbon, Well",ALC-017,Alcoholic Beverage,Spirits,1.75L bottle,11,31.18,342.98
INV-2025-01,"Bourbon, Premium",ALC-018,Alcoholic Beverage,Spirits,750ml bottle,16,46.74,747.84
INV-2025-01,"Rum, White",ALC-019,Alcoholic Beverage,Spirits,1.75L bottle,15,19.48,292.2
INV-2025-01,"Rum, Spiced",ALC-020,Alcoholic Beverage,Spirits,1L bottle,7,20.72,145.04
INV-2025-01,"Whiskey, Rye",ALC-021,Alcoholic Beverage,Spirits,750ml bottle,5,39.28,196.4
INV-2025-01,"Scotch, Blended",ALC-022,Alcoholic Beverage,Spirits,750ml bottle,30,27.7,831.0
INV-2025-01,Triple Sec,ALC-023,Alcoholic Beverage,Liqueur,1L bottle,23,14.74,339.02
INV-2025-01,Coffee Liqueur,ALC-024,Alcoholic Beverage,Liqueur,750ml bottle,24,25.39,609.36
INV-2025-01,Amaretto,ALC-025,Alcoholic Beverage,Liqueur,750ml bottle,5,21.12,105.6
INV-2025-01,"Stout, Bottled",ALC-026,Alcoholic Beverage,Beer,case of 24,22,47.44,1043.68
INV-2025-01,Non-Alcoholic Beer,ALC-027,Alcoholic Beverage,Beer,case of 24,19,33.8,642.2
INV-2025-01,"Champagne, Brut",ALC-028,Alcoholic Beverage,Wine,case of 6,20,124.22,2484.4
INV-2025-01,Mezcal,ALC-029,Alcoholic Beverage,Spirits,750ml bottle,3,42.95,128.85
INV-2025-01,"Vermouth, Dry",ALC-030,Alcoholic Beverage,Liqueur,1L bottle,6,12.79,76.74
INV-2025-01,All-Purpose Flour,DRY-001,Dry Goods & Spices,Flour,50 lb bag,39,23.44,914.16
INV-2025-01,Bread Flour,DRY-002,Dry Goods & Spices,Flour,50 lb bag,46,23.94,1101.24
INV-2025-01,Cornmeal,DRY-003,Dry Goods & Spices,Flour,25 lb bag,23,16.73,384.79
INV-2025-01,"White Rice, Long Grain",DRY-004,Dry Goods & Spices,Grain,50 lb bag,34,32.66,1110.44
INV-2025-01,Jasmine Rice,DRY-005,Dry Goods & Spices,Grain,50 lb bag,21,36.5,766.5
INV-2025-01,Quinoa,DRY-006,Dry Goods & Spices,Grain,10 lb bag,16,29.56,472.96
INV-2025-01,"Spaghetti, Dry",DRY-007,Dry Goods & Spices,Pasta,20 lb case,11,22.06,242.66
INV-2025-01,"Penne, Dry",DRY-008,Dry Goods & Spices,Pasta,20 lb case,24,19.44,466.56
INV-2025-01,"Black Beans, Dry",DRY-009,Dry Goods & Spices,Legume,25 lb bag,37,22.87,846.19
INV-2025-01,"Pinto Beans, Dry",DRY-010,Dry Goods & Spices,Legume,25 lb bag,14,21.55,301.7
INV-2025-01,Granulated Sugar,DRY-011,Dry Goods & Spices,Sugar,50 lb bag,15,25.28,379.2
INV-2025-01,Brown Sugar,DRY-012,Dry Goods & Spices,Sugar,25 lb bag,38,18.67,709.46
INV-2025-01,Powdered Sugar,DRY-013,Dry Goods & Spices,Sugar,25 lb bag,43,20.26,871.18
INV-2025-01,Kosher Salt,DRY-014,Dry Goods & Spices,Spice,25 lb bag,6,9.66,57.96
INV-2025-01,"Black Pepper, Ground",DRY-015,Dry Goods & Spices,Spice,1 lb bag,28,14.65,410.2
INV-2025-01,"Paprika, Smoked",DRY-016,Dry Goods & Spices,Spice,1 lb bag,24,9.58,229.92
INV-2025-01,"Cumin, Ground",DRY-017,Dry Goods & Spices,Spice,1 lb bag,20,13.99,279.8
INV-2025-01,Chili Powder,DRY-018,Dry Goods & Spices,Spice,1 lb bag,10,8.66,86.6
INV-2025-01,Garlic Powder,DRY-019,Dry Goods & Spices,Spice,1 lb bag,36,8.86,318.96
INV-2025-01,Onion Powder,DRY-020,Dry Goods & Spices,Spice,1 lb bag,39,9.71,378.69
INV-2025-01,Cayenne Pepper,DRY-021,Dry Goods & Spices,Spice,1 lb bag,13,9.72,126.36
INV-2025-01,"Oregano, Dried",DRY-022,Dry Goods & Spices,Spice,1 lb bag,40,12.54,501.6
INV-2025-01,"Cinnamon, Ground",DRY-023,Dry Goods & Spices,Spice,1 lb bag,38,9.85,374.3
INV-2025-01,Baking Powder,DRY-024,Dry Goods & Spices,Baking,10 lb can,32,20.69,662.08
INV-2025-01,Baking Soda,DRY-025,Dry Goods & Spices,Baking,12 lb box,39,10.84,422.76
INV-2025-01,Cocoa Powder,DRY-026,Dry Goods & Spices,Baking,5 lb bag,49,20.21,990.29
INV-2025-01,Panko Bread Crumbs,DRY-027,Dry Goods & Spices,Breading,25 lb case,24,33.24,797.76
INV-2025-01,Seasoned Bread Crumbs,DRY-028,Dry Goods & Spices,Breading,25 lb case,47,30.91,1452.77
INV-2025-01,Sesame Seeds,DRY-029,Dry Goods & Spices,Nuts/Seeds,5 lb bag,33,21.84,720.72
INV-2025-01,Sliced Almonds,DRY-030,Dry Goods & Spices,Nuts/Seeds,5 lb bag,33,27.93,921.69
INV-2025-01,Frozen Peas,FRZ-001,Frozen/Refrigerated Goods,Frozen Vegetable,20 lb case,19,23.3,442.7
INV-2025-01,Frozen Corn,FRZ-002,Frozen/Refrigerated Goods,Frozen Vegetable,20 lb case,6,24.88,149.28
INV-2025-01,Frozen Broccoli Florets,FRZ-003,Frozen/Refrigerated Goods,Frozen Vegetable,20 lb case,19,30.09,571.71
INV-2025-01,"Frozen Spinach, Chopped",FRZ-004,Frozen/Refrigerated Goods,Frozen Vegetable,20 lb case,5,24.49,122.45
INV-2025-01,"French Fries, Straight Cut",FRZ-005,Frozen/Refrigerated Goods,Frozen Potato,30 lb case,8,32.02,256.16
INV-2025-01,Tater Tots,FRZ-006,Frozen/Refrigerated Goods,Frozen Potato,30 lb case,7,32.74,229.18
INV-2025-01,"Hash Browns, Shredded",FRZ-007,Frozen/Refrigerated Goods,Frozen Potato,20 lb case,9,27.69,249.21
INV-2025-01,"Dinner Rolls, Par-Baked",FRZ-008,Frozen/Refrigerated Goods,Frozen Bread,case of 200,22,40.35,887.7
INV-2025-01,Pizza Dough Balls,FRZ-009,Frozen/Refrigerated Goods,Frozen Bread,case of 40,18,39.84,717.12
INV-2025-01,Vanilla Ice Cream,FRZ-010,Frozen/Refrigerated Goods,Frozen Dessert,3 gal tub,35,25.05,876.75
INV-2025-01,Chocolate Ice Cream,FRZ-011,Frozen/Refrigerated Goods,Frozen Dessert,3 gal tub,35,29.83,1044.05
INV-2025-01,"Cheesecake, Uncut",FRZ-012,Frozen/Refrigerated Goods,Frozen Dessert,10 inch,17,18.41,312.97
INV-2025-01,Frozen Mixed Berries,FRZ-013,Frozen/Refrigerated Goods,Frozen Fruit,10 lb bag,32,33.54,1073.28
INV-2025-01,Frozen Mango Chunks,FRZ-014,Frozen/Refrigerated Goods,Frozen Fruit,10 lb bag,31,25.87,801.97
INV-2025-01,Shredded Mozzarella,FRZ-015,Frozen/Refrigerated Goods,Dairy,5 lb bag,8,19.26,154.08
INV-2025-01,Shredded Cheddar,FRZ-016,Frozen/Refrigerated Goods,Dairy,5 lb bag,11,17.06,187.66
INV-2025-01,"Parmesan, Grated",FRZ-017,Frozen/Refrigerated Goods,Dairy,5 lb bag,26,36.02,936.52
INV-2025-01,Cream Cheese,FRZ-018,Frozen/Refrigerated Goods,Dairy,3 lb block,11,11.72,128.92
INV-2025-01,"Butter, Unsalted",FRZ-019,Frozen/Refrigerated Goods,Dairy,36 lb case,17,111.03,1887.51
INV-2025-01,Heavy Cream,FRZ-020,Frozen/Refrigerated Goods,Dairy,quart,13,5.03,65.39
INV-2025-01,Sour Cream,FRZ-021,Frozen/Refrigerated Goods,Dairy,5 lb tub,22,15.23,335.06
INV-2025-01,"Eggs, Large",FRZ-022,Frozen/Refrigerated Goods,Dairy,case of 15 dz,9,53.68,483.12
INV-2025-01,"Frozen Shrimp, 21/25",FRZ-023,Frozen/Refrigerated Goods,Frozen Protein,5 lb bag,40,59.21,2368.4
INV-2025-01,Frozen Chicken Wings,FRZ-024,Frozen/Refrigerated Goods,Frozen Protein,40 lb case,39,110.66,4315.74
INV-2025-01,Frozen Salmon Fillets,FRZ-025,Frozen/Refrigerated Goods,Frozen Protein,10 lb box,10,103.72,1037.2
INV-2025-01,Mozzarella Sticks,FRZ-026,Frozen/Refrigerated Goods,Frozen Appetizer,case of 240,20,54.55,1091.0
INV-2025-01,"Spring Rolls, Vegetable",FRZ-027,Frozen/Refrigerated Goods,Frozen Appetizer,case of 100,36,61.49,2213.64
INV-2025-01,"Yogurt, Plain",FRZ-028,Frozen/Refrigerated Goods,Dairy,5 lb tub,30,15.06,451.8
INV-2025-01,Frozen Diced Onions,FRZ-029,Frozen/Refrigerated Goods,Frozen Vegetable,20 lb case,15,25.91,388.65
INV-2025-01,"Pie Crust, Frozen 9in",FRZ-030,Frozen/Refrigerated Goods,Frozen Dessert,case of 24,29,31.44,911.76
INV-2025-01,Canola Oil,LIQ-001,Liquids/Pastes/Sauces,Oil,35 lb jug,28,44.53,1246.84
INV-2025-01,"Olive Oil, Extra Virgin",LIQ-002,Liquids/Pastes/Sauces,Oil,3 L tin,12,25.9,310.8
INV-2025-01,Vegetable Oil,LIQ-003,Liquids/Pastes/Sauces,Oil,35 lb jug,26,42.15,1095.9
INV-2025-01,Sesame Oil,LIQ-004,Liquids/Pastes/Sauces,Oil,1 gal jug,20,28.96,579.2
INV-2025-01,White Vinegar,LIQ-005,Liquids/Pastes/Sauces,Vinegar,1 gal jug,18,6.91,124.38
INV-2025-01,Balsamic Vinegar,LIQ-006,Liquids/Pastes/Sauces,Vinegar,1 gal jug,12,24.36,292.32
INV-2025-01,Rice Wine Vinegar,LIQ-007,Liquids/Pastes/Sauces,Vinegar,1 gal jug,4,20.14,80.56
INV-2025-01,Soy Sauce,LIQ-008,Liquids/Pastes/Sauces,Sauce,1 gal jug,20,11.8,236.0
INV-2025-01,Hot Sauce,LIQ-009,Liquids/Pastes/Sauces,Sauce,1 gal jug,13,22.02,286.26
INV-2025-01,Worcestershire Sauce,LIQ-010,Liquids/Pastes/Sauces,Sauce,1 gal jug,21,17.51,367.71
INV-2025-01,BBQ Sauce,LIQ-011,Liquids/Pastes/Sauces,Sauce,1 gal jug,30,16.7,501.0
INV-2025-01,Buffalo Wing Sauce,LIQ-012,Liquids/Pastes/Sauces,Sauce,1 gal jug,4,22.98,91.92
INV-2025-01,Teriyaki Sauce,LIQ-013,Liquids/Pastes/Sauces,Sauce,1 gal jug,5,19.28,96.4
INV-2025-01,Ranch Dressing,LIQ-014,Liquids/Pastes/Sauces,Sauce,1 gal jug,5,20.43,102.15
INV-2025-01,Caesar Dressing,LIQ-015,Liquids/Pastes/Sauces,Sauce,1 gal jug,24,20.29,486.96
INV-2025-01,"Vinaigrette, Balsamic",LIQ-016,Liquids/Pastes/Sauces,Sauce,1 gal jug,15,20.21,303.15
INV-2025-01,Tomato Paste,LIQ-017,Liquids/Pastes/Sauces,Paste,#10 can,21,11.74,246.54
INV-2025-01,Garlic Paste,LIQ-018,Liquids/Pastes/Sauces,Paste,4 lb tub,22,14.69,323.18
INV-2025-01,Ginger Paste,LIQ-019,Liquids/Pastes/Sauces,Paste,4 lb tub,5,17.95,89.75
INV-2025-01,"Curry Paste, Red",LIQ-020,Liquids/Pastes/Sauces,Paste,14 oz can,21,6.33,132.93
INV-2025-01,Crushed Tomatoes,LIQ-021,Liquids/Pastes/Sauces,Canned Tomato,#10 can,13,11.35,147.55
INV-2025-01,Diced Tomatoes,LIQ-022,Liquids/Pastes/Sauces,Canned Tomato,#10 can,9,8.85,79.65
INV-2025-01,Tomato Puree,LIQ-023,Liquids/Pastes/Sauces,Canned Tomato,#10 can,13,7.81,101.53
INV-2025-01,"Chicken Stock, Liquid",LIQ-024,Liquids/Pastes/Sauces,Stock/Broth,1 gal jug,15,14.72,220.8
INV-2025-01,"Beef Stock, Liquid",LIQ-025,Liquids/Pastes/Sauces,Stock/Broth,1 gal jug,23,16.12,370.76
INV-2025-01,"Vegetable Stock, Liquid",LIQ-026,Liquids/Pastes/Sauces,Stock/Broth,1 gal jug,13,17.91,232.83
INV-2025-01,Marinara Sauce,LIQ-027,Liquids/Pastes/Sauces,Sauce,#10 can,5,12.25,61.25
INV-2025-01,Alfredo Sauce,LIQ-028,Liquids/Pastes/Sauces,Sauce,4 lb tub,22,19.22,422.84
INV-2025-01,Sriracha,LIQ-029,Liquids/Pastes/Sauces,Sauce,1 gal jug,6,21.78,130.68
INV-2025-01,Honey,LIQ-030,Liquids/Pastes/Sauces,Honey/Syrup,5 lb jug,9,19.2,172.8
INV-2025-01,Romaine Lettuce,PRD-001,Produce & Meat,Produce,case of 24 heads,6,36.47,218.82
INV-2025-01,Iceberg Lettuce,PRD-002,Produce & Meat,Produce,case of 24 heads,4,28.98,115.92
INV-2025-01,"Tomatoes, Roma",PRD-003,Produce & Meat,Produce,25 lb case,13,35.36,459.68
INV-2025-01,"Onions, Yellow",PRD-004,Produce & Meat,Produce,50 lb bag,16,25.75,412.0
INV-2025-01,"Garlic, Fresh",PRD-005,Produce & Meat,Produce,10 lb case,24,35.76,858.24
INV-2025-01,"Bell Peppers, Green",PRD-006,Produce & Meat,Produce,25 lb case,22,39.52,869.44
INV-2025-01,"Bell Peppers, Red",PRD-007,Produce & Meat,Produce,25 lb case,23,44.36,1020.28
INV-2025-01,Avocados,PRD-008,Produce & Meat,Produce,case of 48,11,70.93,780.23
INV-2025-01,Limes,PRD-009,Produce & Meat,Produce,case of 200,5,42.4,212.0
INV-2025-01,Lemons,PRD-010,Produce & Meat,Produce,case of 165,6,37.67,226.02
INV-2025-01,"Potatoes, Russet",PRD-011,Produce & Meat,Produce,50 lb bag,5,33.4,167.0
INV-2025-01,Carrots,PRD-012,Produce & Meat,Produce,25 lb bag,6,23.74,142.44
INV-2025-01,Celery,PRD-013,Produce & Meat,Produce,case of 30,21,28.56,599.76
INV-2025-01,"Mushrooms, White Button",PRD-014,Produce & Meat,Produce,10 lb case,12,31.93,383.16
INV-2025-01,Cilantro,PRD-015,Produce & Meat,Produce,case of 30 bunches,22,25.49,560.78
INV-2025-01,Jalapeños,PRD-016,Produce & Meat,Produce,10 lb case,18,17.88,321.84
INV-2025-01,Cucumbers,PRD-017,Produce & Meat,Produce,case of 24,3,18.97,56.91
INV-2025-01,"Spinach, Fresh",PRD-018,Produce & Meat,Produce,4 lb case,15,20.38,305.7
INV-2025-01,"Basil, Fresh",PRD-019,Produce & Meat,Produce,case of 12 bunches,3,21.96,65.88
INV-2025-01,"Ginger, Fresh",PRD-020,Produce & Meat,Produce,10 lb case,6,30.8,184.8
INV-2025-01,"Ground Beef, 80/20",PRD-021,Produce & Meat,Meat,case,10,4.81,48.1
INV-2025-01,"Chicken Breast, Boneless",PRD-022,Produce & Meat,Meat,case,16,4.71,75.36
INV-2025-01,"Chicken Thighs, Boneless",PRD-023,Produce & Meat,Meat,case,15,3.93,58.95
INV-2025-01,Pork Shoulder,PRD-024,Produce & Meat,Meat,case,5,3.5,17.5
INV-2025-01,"Bacon, Sliced",PRD-025,Produce & Meat,Meat,15 lb case,24,74.6,1790.4
INV-2025-01,NY Strip Steak,PRD-026,Produce & Meat,Meat,case,19,14.1,267.9
INV-2025-01,Ribeye Steak,PRD-027,Produce & Meat,Meat,case,13,19.65,255.45
INV-2025-01,Ground Pork,PRD-028,Produce & Meat,Meat,case,6,3.83,22.98
INV-2025-01,"Salmon Fillet, Fresh",PRD-029,Produce & Meat,Seafood,case,3,12.93,38.79
INV-2025-01,"Shrimp, Fresh 16/20",PRD-030,Produce & Meat,Seafood,case,3,12.59,37.77
INV-2025-01,"To-Go Containers, 32oz",SUP-001,Supplies,To-Go,case of 150,36,37.47,1348.92
INV-2025-01,"To-Go Cups, 16oz",SUP-002,Supplies,To-Go,case of 1000,95,62.08,5897.6
INV-2025-01,"To-Go Cup Lids, Dome",SUP-003,Supplies,To-Go,case of 1000,81,34.27,2775.87
INV-2025-01,"Paper Bags, Kraft",SUP-004,Supplies,To-Go,case of 500,62,35.07,2174.34
INV-2025-01,"Napkins, Dinner",SUP-005,Supplies,Disposable,case of 3000,29,34.77,1008.33
INV-2025-01,"Straws, Wrapped",SUP-006,Supplies,Disposable,box of 500,40,10.23,409.2
INV-2025-01,"Plastic Cutlery, Forks",SUP-007,Supplies,Disposable,box of 1000,32,20.17,645.44
INV-2025-01,"Plastic Cutlery, Spoons",SUP-008,Supplies,Disposable,box of 1000,13,16.36,212.68
INV-2025-01,Toothpicks,SUP-009,Supplies,Disposable,box of 1000,52,4.4,228.8
INV-2025-01,"Dish Soap, Concentrate",SUP-010,Supplies,Cleaning,1 gal jug,62,26.84,1664.08
INV-2025-01,"Degreaser, Kitchen",SUP-011,Supplies,Cleaning,1 gal jug,41,20.19,827.79
INV-2025-01,Sanitizer Solution,SUP-012,Supplies,Cleaning,1 gal jug,99,16.89,1672.11
INV-2025-01,Bleach,SUP-013,Supplies,Cleaning,1 gal jug,14,8.25,115.5
INV-2025-01,Glass Cleaner,SUP-014,Supplies,Cleaning,1 gal jug,38,14.89,565.82
INV-2025-01,"Paper Towels, Roll",SUP-015,Supplies,Paper Goods,case of 12,68,40.34,2743.12
INV-2025-01,"Toilet Paper, Roll",SUP-016,Supplies,Paper Goods,case of 48,39,41.04,1600.56
INV-2025-01,Butcher Paper Roll,SUP-017,Supplies,Paper Goods,roll,94,29.26,2750.44
INV-2025-01,Parchment Paper Sheets,SUP-018,Supplies,Paper Goods,box of 1000,52,38.95,2025.4
INV-2025-01,Plastic Wrap Roll,SUP-019,Supplies,Wrap/Film,roll,18,21.43,385.74
INV-2025-01,Aluminum Foil Roll,SUP-020,Supplies,Wrap/Film,roll,45,29.77,1339.65
INV-2025-01,"Disposable Gloves, Nitrile",SUP-021,Supplies,Gloves,case of 1000,75,56.03,4202.25
INV-2025-01,"Disposable Gloves, Vinyl",SUP-022,Supplies,Gloves,case of 1000,78,35.19,2744.82
INV-2025-01,Food Storage Containers,SUP-023,Supplies,Storage,case of 100,13,34.56,449.28
INV-2025-01,Container Lids,SUP-024,Supplies,Storage,case of 100,43,23.52,1011.36
INV-2025-01,"Deli Cups w/ Lids, 8oz",SUP-025,Supplies,Storage,case of 500,43,34.45,1481.35
INV-2025-01,Hand Soap,SUP-026,Supplies,Chemical,1 gal jug,86,16.07,1382.02
INV-2025-01,Hand Sanitizer,SUP-027,Supplies,Chemical,1 gal jug,50,19.96,998.0
INV-2025-01,Chafing Fuel Cans,SUP-028,Supplies,Small Wares,case of 24,75,37.26,2794.5
INV-2025-01,Aluminum Steam Table Pans,SUP-029,Supplies,Small Wares,case of 50,83,53.13,4409.79
INV-2025-01,"Menu Paper, Cardstock",SUP-030,Supplies,Menu/Marketing,ream of 500,15,20.82,312.3
INV-2025-02,Coca-Cola Syrup BIB,NAB-001,Non-Alcoholic Beverage,Soda,5 gal bag-in-box,28,67.04,1877.12
INV-2025-02,Diet Coke Syrup BIB,NAB-002,Non-Alcoholic Beverage,Soda,5 gal bag-in-box,26,61.08,1588.08
INV-2025-02,Sprite Syrup BIB,NAB-003,Non-Alcoholic Beverage,Soda,5 gal bag-in-box,12,70.94,851.28
INV-2025-02,Ginger Ale Syrup BIB,NAB-004,Non-Alcoholic Beverage,Soda,5 gal bag-in-box,24,66.89,1605.36
INV-2025-02,Still Water 16.9oz,NAB-005,Non-Alcoholic Beverage,Bottled Water,case of 24,31,6.68,207.08
INV-2025-02,Sparkling Water 12oz,NAB-006,Non-Alcoholic Beverage,Bottled Water,case of 24,23,17.52,402.96
INV-2025-02,Orange Juice Concentrate,NAB-007,Non-Alcoholic Beverage,Juice,gallon,17,11.57,196.69
INV-2025-02,Cranberry Juice Cocktail,NAB-008,Non-Alcoholic Beverage,Juice,gallon,29,9.37,271.73
INV-2025-02,Pineapple Juice,NAB-009,Non-Alcoholic Beverage,Juice,46 oz can,16,4.48,71.68
INV-2025-02,Lemon Juice (bottled),NAB-010,Non-Alcoholic Beverage,Juice,32 oz bottle,24,4.58,109.92
INV-2025-02,Lime Juice (bottled),NAB-011,Non-Alcoholic Beverage,Juice,32 oz bottle,5,4.15,20.75
INV-2025-02,"Espresso Beans, Dark Roast",NAB-012,Non-Alcoholic Beverage,Coffee,5 lb bag,18,42.37,762.66
INV-2025-02,"Drip Coffee, Medium Roast",NAB-013,Non-Alcoholic Beverage,Coffee,2 lb bag,25,16.67,416.75
INV-2025-02,"Decaf Coffee, Medium Roast",NAB-014,Non-Alcoholic Beverage,Coffee,2 lb bag,33,18.82,621.06
INV-2025-02,Black Tea Bags,NAB-015,Non-Alcoholic Beverage,Tea,box of 100,37,15.24,563.88
INV-2025-02,Green Tea Bags,NAB-016,Non-Alcoholic Beverage,Tea,box of 100,15,15.62,234.3
INV-2025-02,Herbal Chamomile Tea Bags,NAB-017,Non-Alcoholic Beverage,Tea,box of 100,23,16.68,383.64
INV-2025-02,Red Bull 8.4oz,NAB-018,Non-Alcoholic Beverage,Energy/Sports,case of 24,26,34.53,897.78
INV-2025-02,Gatorade Fruit Punch,NAB-019,Non-Alcoholic Beverage,Energy/Sports,case of 24,20,22.41,448.2
INV-2025-02,Whole Milk,NAB-020,Non-Alcoholic Beverage,Milk/Dairy Bev,half gallon,19,2.84,53.96
INV-2025-02,Oat Milk,NAB-021,Non-Alcoholic Beverage,Milk/Dairy Bev,32 oz carton,14,5.42,75.88
INV-2025-02,"Almond Milk, Unsweetened",NAB-022,Non-Alcoholic Beverage,Milk/Dairy Bev,32 oz carton,20,4.6,92.0
INV-2025-02,Root Beer Syrup BIB,NAB-023,Non-Alcoholic Beverage,Soda,5 gal bag-in-box,9,57.85,520.65
INV-2025-02,Club Soda Canister,NAB-024,Non-Alcoholic Beverage,Soda,5 gal canister,17,16.69,283.73
INV-2025-02,Grapefruit Juice,NAB-025,Non-Alcoholic Beverage,Juice,46 oz can,29,5.68,164.72
INV-2025-02,Tomato Juice,NAB-026,Non-Alcoholic Beverage,Juice,46 oz can,20,4.38,87.6
INV-2025-02,Sparkling Lemon Water 12oz,NAB-027,Non-Alcoholic Beverage,Bottled Water,case of 24,5,17.65,88.25
INV-2025-02,Cold Brew Concentrate,NAB-028,Non-Alcoholic Beverage,Coffee,gallon,11,21.43,235.73
INV-2025-02,Half & Half,NAB-029,Non-Alcoholic Beverage,Milk/Dairy Bev,quart,19,4.52,85.88
INV-2025-02,Powerade Blue,NAB-030,Non-Alcoholic Beverage,Energy/Sports,case of 24,38,17.49,664.62
INV-2025-02,Domestic Draft Lager Keg,ALC-001,Alcoholic Beverage,Beer,1/2 barrel keg,20,109.29,2185.8
INV-2025-02,Craft IPA Keg,ALC-002,Alcoholic Beverage,Beer,1/6 barrel keg,30,105.15,3154.5
INV-2025-02,"Mexican Lager, Bottled",ALC-003,Alcoholic Beverage,Beer,case of 24,7,41.9,293.3
INV-2025-02,"Wheat Beer, Bottled",ALC-004,Alcoholic Beverage,Beer,case of 24,24,33.07,793.68
INV-2025-02,Light Lager Draft Keg,ALC-005,Alcoholic Beverage,Beer,1/2 barrel keg,20,96.03,1920.6
INV-2025-02,"Cabernet Sauvignon, House Red",ALC-006,Alcoholic Beverage,Wine,case of 12,27,87.27,2356.29
INV-2025-02,"Chardonnay, House White",ALC-007,Alcoholic Beverage,Wine,case of 12,22,87.3,1920.6
INV-2025-02,Pinot Noir,ALC-008,Alcoholic Beverage,Wine,case of 12,19,129.42,2458.98
INV-2025-02,Sauvignon Blanc,ALC-009,Alcoholic Beverage,Wine,case of 12,20,100.42,2008.4
INV-2025-02,Prosecco,ALC-010,Alcoholic Beverage,Wine,case of 12,8,117.47,939.76
INV-2025-02,Rosé,ALC-011,Alcoholic Beverage,Wine,case of 12,18,87.72,1578.96
INV-2025-02,"Vodka, Well",ALC-012,Alcoholic Beverage,Spirits,1.75L bottle,27,24.0,648.0
INV-2025-02,"Vodka, Premium",ALC-013,Alcoholic Beverage,Spirits,1L bottle,23,31.9,733.7
INV-2025-02,"Gin, Well",ALC-014,Alcoholic Beverage,Spirits,1.75L bottle,27,21.46,579.42
INV-2025-02,"Tequila, Blanco Premium",ALC-015,Alcoholic Beverage,Spirits,1L bottle,23,33.15,762.45
INV-2025-02,"Tequila, Reposado Premium",ALC-016,Alcoholic Beverage,Spirits,1L bottle,17,42.47,721.99
INV-2025-02,"Bourbon, Well",ALC-017,Alcoholic Beverage,Spirits,1.75L bottle,12,28.72,344.64
INV-2025-02,"Bourbon, Premium",ALC-018,Alcoholic Beverage,Spirits,750ml bottle,13,42.67,554.71
INV-2025-02,"Rum, White",ALC-019,Alcoholic Beverage,Spirits,1.75L bottle,20,18.58,371.6
INV-2025-02,"Rum, Spiced",ALC-020,Alcoholic Beverage,Spirits,1L bottle,7,19.8,138.6
INV-2025-02,"Whiskey, Rye",ALC-021,Alcoholic Beverage,Spirits,750ml bottle,25,35.64,891.0
INV-2025-02,"Scotch, Blended",ALC-022,Alcoholic Beverage,Spirits,750ml bottle,9,27.48,247.32
INV-2025-02,Triple Sec,ALC-023,Alcoholic Beverage,Liqueur,1L bottle,16,15.17,242.72
INV-2025-02,Coffee Liqueur,ALC-024,Alcoholic Beverage,Liqueur,750ml bottle,17,25.36,431.12
INV-2025-02,Amaretto,ALC-025,Alcoholic Beverage,Liqueur,750ml bottle,9,22.67,204.03
INV-2025-02,"Stout, Bottled",ALC-026,Alcoholic Beverage,Beer,case of 24,15,46.8,702.0
INV-2025-02,Non-Alcoholic Beer,ALC-027,Alcoholic Beverage,Beer,case of 24,21,37.71,791.91
INV-2025-02,"Champagne, Brut",ALC-028,Alcoholic Beverage,Wine,case of 6,3,124.14,372.42
INV-2025-02,Mezcal,ALC-029,Alcoholic Beverage,Spirits,750ml bottle,27,42.26,1141.02
INV-2025-02,"Vermouth, Dry",ALC-030,Alcoholic Beverage,Liqueur,1L bottle,18,11.45,206.1
INV-2025-02,All-Purpose Flour,DRY-001,Dry Goods & Spices,Flour,50 lb bag,27,21.81,588.87
INV-2025-02,Bread Flour,DRY-002,Dry Goods & Spices,Flour,50 lb bag,29,25.96,752.84
INV-2025-02,Cornmeal,DRY-003,Dry Goods & Spices,Flour,25 lb bag,31,17.01,527.31
INV-2025-02,"White Rice, Long Grain",DRY-004,Dry Goods & Spices,Grain,50 lb bag,39,37.18,1450.02
INV-2025-02,Jasmine Rice,DRY-005,Dry Goods & Spices,Grain,50 lb bag,19,33.88,643.72
INV-2025-02,Quinoa,DRY-006,Dry Goods & Spices,Grain,10 lb bag,22,29.22,642.84
INV-2025-02,"Spaghetti, Dry",DRY-007,Dry Goods & Spices,Pasta,20 lb case,6,20.46,122.76
INV-2025-02,"Penne, Dry",DRY-008,Dry Goods & Spices,Pasta,20 lb case,47,18.96,891.12
INV-2025-02,"Black Beans, Dry",DRY-009,Dry Goods & Spices,Legume,25 lb bag,30,23.29,698.7
INV-2025-02,"Pinto Beans, Dry",DRY-010,Dry Goods & Spices,Legume,25 lb bag,34,23.47,797.98
INV-2025-02,Granulated Sugar,DRY-011,Dry Goods & Spices,Sugar,50 lb bag,44,25.26,1111.44
INV-2025-02,Brown Sugar,DRY-012,Dry Goods & Spices,Sugar,25 lb bag,30,17.76,532.8
INV-2025-02,Powdered Sugar,DRY-013,Dry Goods & Spices,Sugar,25 lb bag,47,19.27,905.69
INV-2025-02,Kosher Salt,DRY-014,Dry Goods & Spices,Spice,25 lb bag,46,10.18,468.28
INV-2025-02,"Black Pepper, Ground",DRY-015,Dry Goods & Spices,Spice,1 lb bag,34,13.11,445.74
INV-2025-02,"Paprika, Smoked",DRY-016,Dry Goods & Spices,Spice,1 lb bag,21,9.81,206.01
INV-2025-02,"Cumin, Ground",DRY-017,Dry Goods & Spices,Spice,1 lb bag,18,13.09,235.62
INV-2025-02,Chili Powder,DRY-018,Dry Goods & Spices,Spice,1 lb bag,26,9.66,251.16
INV-2025-02,Garlic Powder,DRY-019,Dry Goods & Spices,Spice,1 lb bag,29,8.13,235.77
INV-2025-02,Onion Powder,DRY-020,Dry Goods & Spices,Spice,1 lb bag,31,8.94,277.14
INV-2025-02,Cayenne Pepper,DRY-021,Dry Goods & Spices,Spice,1 lb bag,10,9.43,94.3
INV-2025-02,"Oregano, Dried",DRY-022,Dry Goods & Spices,Spice,1 lb bag,39,12.3,479.7
INV-2025-02,"Cinnamon, Ground",DRY-023,Dry Goods & Spices,Spice,1 lb bag,27,8.89,240.03
INV-2025-02,Baking Powder,DRY-024,Dry Goods & Spices,Baking,10 lb can,9,20.13,181.17
INV-2025-02,Baking Soda,DRY-025,Dry Goods & Spices,Baking,12 lb box,46,9.64,443.44
INV-2025-02,Cocoa Powder,DRY-026,Dry Goods & Spices,Baking,5 lb bag,6,22.76,136.56
INV-2025-02,Panko Bread Crumbs,DRY-027,Dry Goods & Spices,Breading,25 lb case,17,35.62,605.54
INV-2025-02,Seasoned Bread Crumbs,DRY-028,Dry Goods & Spices,Breading,25 lb case,44,28.51,1254.44
INV-2025-02,Sesame Seeds,DRY-029,Dry Goods & Spices,Nuts/Seeds,5 lb bag,13,20.44,265.72
INV-2025-02,Sliced Almonds,DRY-030,Dry Goods & Spices,Nuts/Seeds,5 lb bag,12,30.03,360.36
INV-2025-02,Frozen Peas,FRZ-001,Frozen/Refrigerated Goods,Frozen Vegetable,20 lb case,18,24.91,448.38
INV-2025-02,Frozen Corn,FRZ-002,Frozen/Refrigerated Goods,Frozen Vegetable,20 lb case,21,25.58,537.18
INV-2025-02,Frozen Broccoli Florets,FRZ-003,Frozen/Refrigerated Goods,Frozen Vegetable,20 lb case,15,30.17,452.55
INV-2025-02,"Frozen Spinach, Chopped",FRZ-004,Frozen/Refrigerated Goods,Frozen Vegetable,20 lb case,12,27.47,329.64
INV-2025-02,"French Fries, Straight Cut",FRZ-005,Frozen/Refrigerated Goods,Frozen Potato,30 lb case,15,35.96,539.4
INV-2025-02,Tater Tots,FRZ-006,Frozen/Refrigerated Goods,Frozen Potato,30 lb case,11,31.35,344.85
INV-2025-02,"Hash Browns, Shredded",FRZ-007,Frozen/Refrigerated Goods,Frozen Potato,20 lb case,24,27.97,671.28
INV-2025-02,"Dinner Rolls, Par-Baked",FRZ-008,Frozen/Refrigerated Goods,Frozen Bread,case of 200,29,38.64,1120.56
INV-2025-02,Pizza Dough Balls,FRZ-009,Frozen/Refrigerated Goods,Frozen Bread,case of 40,17,36.9,627.3
INV-2025-02,Vanilla Ice Cream,FRZ-010,Frozen/Refrigerated Goods,Frozen Dessert,3 gal tub,20,24.46,489.2
INV-2025-02,Chocolate Ice Cream,FRZ-011,Frozen/Refrigerated Goods,Frozen Dessert,3 gal tub,24,30.02,720.48
INV-2025-02,"Cheesecake, Uncut",FRZ-012,Frozen/Refrigerated Goods,Frozen Dessert,10 inch,12,20.62,247.44
INV-2025-02,Frozen Mixed Berries,FRZ-013,Frozen/Refrigerated Goods,Frozen Fruit,10 lb bag,7,33.5,234.5
INV-2025-02,Frozen Mango Chunks,FRZ-014,Frozen/Refrigerated Goods,Frozen Fruit,10 lb bag,32,26.68,853.76
INV-2025-02,Shredded Mozzarella,FRZ-015,Frozen/Refrigerated Goods,Dairy,5 lb bag,9,18.76,168.84
INV-2025-02,Shredded Cheddar,FRZ-016,Frozen/Refrigerated Goods,Dairy,5 lb bag,26,16.92,439.92
INV-2025-02,"Parmesan, Grated",FRZ-017,Frozen/Refrigerated Goods,Dairy,5 lb bag,31,36.14,1120.34
INV-2025-02,Cream Cheese,FRZ-018,Frozen/Refrigerated Goods,Dairy,3 lb block,11,12.08,132.88
INV-2025-02,"Butter, Unsalted",FRZ-019,Frozen/Refrigerated Goods,Dairy,36 lb case,28,112.78,3157.84
INV-2025-02,Heavy Cream,FRZ-020,Frozen/Refrigerated Goods,Dairy,quart,34,5.26,178.84
INV-2025-02,Sour Cream,FRZ-021,Frozen/Refrigerated Goods,Dairy,5 lb tub,32,14.53,464.96
INV-2025-02,"Eggs, Large",FRZ-022,Frozen/Refrigerated Goods,Dairy,case of 15 dz,38,58.2,2211.6
INV-2025-02,"Frozen Shrimp, 21/25",FRZ-023,Frozen/Refrigerated Goods,Frozen Protein,5 lb bag,22,64.45,1417.9
INV-2025-02,Frozen Chicken Wings,FRZ-024,Frozen/Refrigerated Goods,Frozen Protein,40 lb case,39,109.62,4275.18
INV-2025-02,Frozen Salmon Fillets,FRZ-025,Frozen/Refrigerated Goods,Frozen Protein,10 lb box,34,96.1,3267.4
INV-2025-02,Mozzarella Sticks,FRZ-026,Frozen/Refrigerated Goods,Frozen Appetizer,case of 240,22,55.99,1231.78
INV-2025-02,"Spring Rolls, Vegetable",FRZ-027,Frozen/Refrigerated Goods,Frozen Appetizer,case of 100,20,64.93,1298.6
INV-2025-02,"Yogurt, Plain",FRZ-028,Frozen/Refrigerated Goods,Dairy,5 lb tub,10,13.65,136.5
INV-2025-02,Frozen Diced Onions,FRZ-029,Frozen/Refrigerated Goods,Frozen Vegetable,20 lb case,33,25.34,836.22
INV-2025-02,"Pie Crust, Frozen 9in",FRZ-030,Frozen/Refrigerated Goods,Frozen Dessert,case of 24,34,33.04,1123.36
INV-2025-02,Canola Oil,LIQ-001,Liquids/Pastes/Sauces,Oil,35 lb jug,24,41.77,1002.48
INV-2025-02,"Olive Oil, Extra Virgin",LIQ-002,Liquids/Pastes/Sauces,Oil,3 L tin,3,26.2,78.6
INV-2025-02,Vegetable Oil,LIQ-003,Liquids/Pastes/Sauces,Oil,35 lb jug,13,37.06,481.78
INV-2025-02,Sesame Oil,LIQ-004,Liquids/Pastes/Sauces,Oil,1 gal jug,9,27.57,248.13
INV-2025-02,White Vinegar,LIQ-005,Liquids/Pastes/Sauces,Vinegar,1 gal jug,11,7.12,78.32
INV-2025-02,Balsamic Vinegar,LIQ-006,Liquids/Pastes/Sauces,Vinegar,1 gal jug,22,26.33,579.26
INV-2025-02,Rice Wine Vinegar,LIQ-007,Liquids/Pastes/Sauces,Vinegar,1 gal jug,11,20.07,220.77
INV-2025-02,Soy Sauce,LIQ-008,Liquids/Pastes/Sauces,Sauce,1 gal jug,19,13.6,258.4
INV-2025-02,Hot Sauce,LIQ-009,Liquids/Pastes/Sauces,Sauce,1 gal jug,5,22.72,113.6
INV-2025-02,Worcestershire Sauce,LIQ-010,Liquids/Pastes/Sauces,Sauce,1 gal jug,16,17.55,280.8
INV-2025-02,BBQ Sauce,LIQ-011,Liquids/Pastes/Sauces,Sauce,1 gal jug,27,15.93,430.11
INV-2025-02,Buffalo Wing Sauce,LIQ-012,Liquids/Pastes/Sauces,Sauce,1 gal jug,18,21.9,394.2
INV-2025-02,Teriyaki Sauce,LIQ-013,Liquids/Pastes/Sauces,Sauce,1 gal jug,18,18.1,325.8
INV-2025-02,Ranch Dressing,LIQ-014,Liquids/Pastes/Sauces,Sauce,1 gal jug,3,18.81,56.43
INV-2025-02,Caesar Dressing,LIQ-015,Liquids/Pastes/Sauces,Sauce,1 gal jug,10,18.89,188.9
INV-2025-02,"Vinaigrette, Balsamic",LIQ-016,Liquids/Pastes/Sauces,Sauce,1 gal jug,10,20.85,208.5
INV-2025-02,Tomato Paste,LIQ-017,Liquids/Pastes/Sauces,Paste,#10 can,21,11.98,251.58
INV-2025-02,Garlic Paste,LIQ-018,Liquids/Pastes/Sauces,Paste,4 lb tub,20,15.94,318.8
INV-2025-02,Ginger Paste,LIQ-019,Liquids/Pastes/Sauces,Paste,4 lb tub,16,19.62,313.92
INV-2025-02,"Curry Paste, Red",LIQ-020,Liquids/Pastes/Sauces,Paste,14 oz can,20,6.09,121.8
INV-2025-02,Crushed Tomatoes,LIQ-021,Liquids/Pastes/Sauces,Canned Tomato,#10 can,25,10.53,263.25
INV-2025-02,Diced Tomatoes,LIQ-022,Liquids/Pastes/Sauces,Canned Tomato,#10 can,12,8.28,99.36
INV-2025-02,Tomato Puree,LIQ-023,Liquids/Pastes/Sauces,Canned Tomato,#10 can,6,8.44,50.64
INV-2025-02,"Chicken Stock, Liquid",LIQ-024,Liquids/Pastes/Sauces,Stock/Broth,1 gal jug,13,14.69,190.97
INV-2025-02,"Beef Stock, Liquid",LIQ-025,Liquids/Pastes/Sauces,Stock/Broth,1 gal jug,20,17.85,357.0
INV-2025-02,"Vegetable Stock, Liquid",LIQ-026,Liquids/Pastes/Sauces,Stock/Broth,1 gal jug,25,15.92,398.0
INV-2025-02,Marinara Sauce,LIQ-027,Liquids/Pastes/Sauces,Sauce,#10 can,9,13.8,124.2
INV-2025-02,Alfredo Sauce,LIQ-028,Liquids/Pastes/Sauces,Sauce,4 lb tub,11,18.44,202.84
INV-2025-02,Sriracha,LIQ-029,Liquids/Pastes/Sauces,Sauce,1 gal jug,27,23.47,633.69
INV-2025-02,Honey,LIQ-030,Liquids/Pastes/Sauces,Honey/Syrup,5 lb jug,12,20.65,247.8
INV-2025-02,Romaine Lettuce,PRD-001,Produce & Meat,Produce,case of 24 heads,8,33.0,264.0
INV-2025-02,Iceberg Lettuce,PRD-002,Produce & Meat,Produce,case of 24 heads,13,25.92,336.96
INV-2025-02,"Tomatoes, Roma",PRD-003,Produce & Meat,Produce,25 lb case,2,37.84,75.68
INV-2025-02,"Onions, Yellow",PRD-004,Produce & Meat,Produce,50 lb bag,6,23.56,141.36
INV-2025-02,"Garlic, Fresh",PRD-005,Produce & Meat,Produce,10 lb case,3,37.25,111.75
INV-2025-02,"Bell Peppers, Green",PRD-006,Produce & Meat,Produce,25 lb case,24,42.14,1011.36
INV-2025-02,"Bell Peppers, Red",PRD-007,Produce & Meat,Produce,25 lb case,22,44.71,983.62
INV-2025-02,Avocados,PRD-008,Produce & Meat,Produce,case of 48,17,62.13,1056.21
INV-2025-02,Limes,PRD-009,Produce & Meat,Produce,case of 200,2,40.09,80.18
INV-2025-02,Lemons,PRD-010,Produce & Meat,Produce,case of 165,17,39.02,663.34
INV-2025-02,"Potatoes, Russet",PRD-011,Produce & Meat,Produce,50 lb bag,12,30.53,366.36
INV-2025-02,Carrots,PRD-012,Produce & Meat,Produce,25 lb bag,3,23.66,70.98
INV-2025-02,Celery,PRD-013,Produce & Meat,Produce,case of 30,17,28.1,477.7
INV-2025-02,"Mushrooms, White Button",PRD-014,Produce & Meat,Produce,10 lb case,4,32.99,131.96
INV-2025-02,Cilantro,PRD-015,Produce & Meat,Produce,case of 30 bunches,4,24.43,97.72
INV-2025-02,Jalapeños,PRD-016,Produce & Meat,Produce,10 lb case,23,16.63,382.49
INV-2025-02,Cucumbers,PRD-017,Produce & Meat,Produce,case of 24,6,21.3,127.8
INV-2025-02,"Spinach, Fresh",PRD-018,Produce & Meat,Produce,4 lb case,11,18.08,198.88
INV-2025-02,"Basil, Fresh",PRD-019,Produce & Meat,Produce,case of 12 bunches,9,22.39,201.51
INV-2025-02,"Ginger, Fresh",PRD-020,Produce & Meat,Produce,10 lb case,15,30.65,459.75
INV-2025-02,"Ground Beef, 80/20",PRD-021,Produce & Meat,Meat,case,21,4.87,102.27
INV-2025-02,"Chicken Breast, Boneless",PRD-022,Produce & Meat,Meat,case,18,4.58,82.44
INV-2025-02,"Chicken Thighs, Boneless",PRD-023,Produce & Meat,Meat,case,16,3.76,60.16
INV-2025-02,Pork Shoulder,PRD-024,Produce & Meat,Meat,case,20,4.05,81.0
INV-2025-02,"Bacon, Sliced",PRD-025,Produce & Meat,Meat,15 lb case,11,70.84,779.24
INV-2025-02,NY Strip Steak,PRD-026,Produce & Meat,Meat,case,3,15.5,46.5
INV-2025-02,Ribeye Steak,PRD-027,Produce & Meat,Meat,case,25,18.15,453.75
INV-2025-02,Ground Pork,PRD-028,Produce & Meat,Meat,case,8,3.95,31.6
INV-2025-02,"Salmon Fillet, Fresh",PRD-029,Produce & Meat,Seafood,case,10,13.68,136.8
INV-2025-02,"Shrimp, Fresh 16/20",PRD-030,Produce & Meat,Seafood,case,7,11.34,79.38
INV-2025-02,"To-Go Containers, 32oz",SUP-001,Supplies,To-Go,case of 150,80,33.93,2714.4
INV-2025-02,"To-Go Cups, 16oz",SUP-002,Supplies,To-Go,case of 1000,10,65.32,653.2
INV-2025-02,"To-Go Cup Lids, Dome",SUP-003,Supplies,To-Go,case of 1000,98,32.77,3211.46
INV-2025-02,"Paper Bags, Kraft",SUP-004,Supplies,To-Go,case of 500,47,30.16,1417.52
INV-2025-02,"Napkins, Dinner",SUP-005,Supplies,Disposable,case of 3000,46,33.63,1546.98
INV-2025-02,"Straws, Wrapped",SUP-006,Supplies,Disposable,box of 500,99,10.23,1012.77
INV-2025-02,"Plastic Cutlery, Forks",SUP-007,Supplies,Disposable,box of 1000,19,19.58,372.02
INV-2025-02,"Plastic Cutlery, Spoons",SUP-008,Supplies,Disposable,box of 1000,43,18.03,775.29
INV-2025-02,Toothpicks,SUP-009,Supplies,Disposable,box of 1000,90,4.27,384.3
INV-2025-02,"Dish Soap, Concentrate",SUP-010,Supplies,Cleaning,1 gal jug,35,25.29,885.15
INV-2025-02,"Degreaser, Kitchen",SUP-011,Supplies,Cleaning,1 gal jug,79,20.05,1583.95
INV-2025-02,Sanitizer Solution,SUP-012,Supplies,Cleaning,1 gal jug,29,19.2,556.8
INV-2025-02,Bleach,SUP-013,Supplies,Cleaning,1 gal jug,28,7.27,203.56
INV-2025-02,Glass Cleaner,SUP-014,Supplies,Cleaning,1 gal jug,31,16.37,507.47
INV-2025-02,"Paper Towels, Roll",SUP-015,Supplies,Paper Goods,case of 12,86,42.98,3696.28
INV-2025-02,"Toilet Paper, Roll",SUP-016,Supplies,Paper Goods,case of 48,82,45.83,3758.06
INV-2025-02,Butcher Paper Roll,SUP-017,Supplies,Paper Goods,roll,66,28.92,1908.72
INV-2025-02,Parchment Paper Sheets,SUP-018,Supplies,Paper Goods,box of 1000,98,39.11,3832.78
INV-2025-02,Plastic Wrap Roll,SUP-019,Supplies,Wrap/Film,roll,61,21.35,1302.35
INV-2025-02,Aluminum Foil Roll,SUP-020,Supplies,Wrap/Film,roll,74,30.7,2271.8
INV-2025-02,"Disposable Gloves, Nitrile",SUP-021,Supplies,Gloves,case of 1000,66,53.12,3505.92
INV-2025-02,"Disposable Gloves, Vinyl",SUP-022,Supplies,Gloves,case of 1000,15,38.42,576.3
INV-2025-02,Food Storage Containers,SUP-023,Supplies,Storage,case of 100,51,37.44,1909.44
INV-2025-02,Container Lids,SUP-024,Supplies,Storage,case of 100,13,23.18,301.34
INV-2025-02,"Deli Cups w/ Lids, 8oz",SUP-025,Supplies,Storage,case of 500,96,39.2,3763.2
INV-2025-02,Hand Soap,SUP-026,Supplies,Chemical,1 gal jug,83,16.47,1367.01
INV-2025-02,Hand Sanitizer,SUP-027,Supplies,Chemical,1 gal jug,12,21.78,261.36
INV-2025-02,Chafing Fuel Cans,SUP-028,Supplies,Small Wares,case of 24,96,41.74,4007.04
INV-2025-02,Aluminum Steam Table Pans,SUP-029,Supplies,Small Wares,case of 50,83,51.79,4298.57
INV-2025-02,"Menu Paper, Cardstock",SUP-030,Supplies,Menu/Marketing,ream of 500,32,20.05,641.6
INV-2025-03,Coca-Cola Syrup BIB,NAB-001,Non-Alcoholic Beverage,Soda,5 gal bag-in-box,16,73.18,1170.88
INV-2025-03,Diet Coke Syrup BIB,NAB-002,Non-Alcoholic Beverage,Soda,5 gal bag-in-box,32,61.19,1958.08
INV-2025-03,Sprite Syrup BIB,NAB-003,Non-Alcoholic Beverage,Soda,5 gal bag-in-box,36,73.67,2652.12
INV-2025-03,Ginger Ale Syrup BIB,NAB-004,Non-Alcoholic Beverage,Soda,5 gal bag-in-box,35,65.18,2281.3
INV-2025-03,Still Water 16.9oz,NAB-005,Non-Alcoholic Beverage,Bottled Water,case of 24,26,6.67,173.42
INV-2025-03,Sparkling Water 12oz,NAB-006,Non-Alcoholic Beverage,Bottled Water,case of 24,11,18.36,201.96
INV-2025-03,Orange Juice Concentrate,NAB-007,Non-Alcoholic Beverage,Juice,gallon,26,11.55,300.3
INV-2025-03,Cranberry Juice Cocktail,NAB-008,Non-Alcoholic Beverage,Juice,gallon,36,8.8,316.8
INV-2025-03,Pineapple Juice,NAB-009,Non-Alcoholic Beverage,Juice,46 oz can,30,4.62,138.6
INV-2025-03,Lemon Juice (bottled),NAB-010,Non-Alcoholic Beverage,Juice,32 oz bottle,40,4.31,172.4
INV-2025-03,Lime Juice (bottled),NAB-011,Non-Alcoholic Beverage,Juice,32 oz bottle,10,4.15,41.5
INV-2025-03,"Espresso Beans, Dark Roast",NAB-012,Non-Alcoholic Beverage,Coffee,5 lb bag,25,40.22,1005.5
INV-2025-03,"Drip Coffee, Medium Roast",NAB-013,Non-Alcoholic Beverage,Coffee,2 lb bag,30,17.74,532.2
INV-2025-03,"Decaf Coffee, Medium Roast",NAB-014,Non-Alcoholic Beverage,Coffee,2 lb bag,5,18.77,93.85
INV-2025-03,Black Tea Bags,NAB-015,Non-Alcoholic Beverage,Tea,box of 100,39,15.22,593.58
INV-2025-03,Green Tea Bags,NAB-016,Non-Alcoholic Beverage,Tea,box of 100,8,14.47,115.76
INV-2025-03,Herbal Chamomile Tea Bags,NAB-017,Non-Alcoholic Beverage,Tea,box of 100,28,16.97,475.16
INV-2025-03,Red Bull 8.4oz,NAB-018,Non-Alcoholic Beverage,Energy/Sports,case of 24,36,37.67,1356.12
INV-2025-03,Gatorade Fruit Punch,NAB-019,Non-Alcoholic Beverage,Energy/Sports,case of 24,8,20.78,166.24
INV-2025-03,Whole Milk,NAB-020,Non-Alcoholic Beverage,Milk/Dairy Bev,half gallon,40,2.55,102.0
INV-2025-03,Oat Milk,NAB-021,Non-Alcoholic Beverage,Milk/Dairy Bev,32 oz carton,23,5.81,133.63
INV-2025-03,"Almond Milk, Unsweetened",NAB-022,Non-Alcoholic Beverage,Milk/Dairy Bev,32 oz carton,36,4.01,144.36
INV-2025-03,Root Beer Syrup BIB,NAB-023,Non-Alcoholic Beverage,Soda,5 gal bag-in-box,20,60.23,1204.6
INV-2025-03,Club Soda Canister,NAB-024,Non-Alcoholic Beverage,Soda,5 gal canister,24,16.26,390.24
INV-2025-03,Grapefruit Juice,NAB-025,Non-Alcoholic Beverage,Juice,46 oz can,40,5.61,224.4
INV-2025-03,Tomato Juice,NAB-026,Non-Alcoholic Beverage,Juice,46 oz can,19,5.01,95.19
INV-2025-03,Sparkling Lemon Water 12oz,NAB-027,Non-Alcoholic Beverage,Bottled Water,case of 24,12,16.51,198.12
INV-2025-03,Cold Brew Concentrate,NAB-028,Non-Alcoholic Beverage,Coffee,gallon,12,21.0,252.0
INV-2025-03,Half & Half,NAB-029,Non-Alcoholic Beverage,Milk/Dairy Bev,quart,14,4.77,66.78
INV-2025-03,Powerade Blue,NAB-030,Non-Alcoholic Beverage,Energy/Sports,case of 24,23,17.61,405.03
INV-2025-03,Domestic Draft Lager Keg,ALC-001,Alcoholic Beverage,Beer,1/2 barrel keg,11,112.32,1235.52
INV-2025-03,Craft IPA Keg,ALC-002,Alcoholic Beverage,Beer,1/6 barrel keg,18,120.53,2169.54
INV-2025-03,"Mexican Lager, Bottled",ALC-003,Alcoholic Beverage,Beer,case of 24,10,39.69,396.9
INV-2025-03,"Wheat Beer, Bottled",ALC-004,Alcoholic Beverage,Beer,case of 24,7,32.3,226.1
INV-2025-03,Light Lager Draft Keg,ALC-005,Alcoholic Beverage,Beer,1/2 barrel keg,22,94.71,2083.62
INV-2025-03,"Cabernet Sauvignon, House Red",ALC-006,Alcoholic Beverage,Wine,case of 12,7,86.91,608.37
INV-2025-03,"Chardonnay, House White",ALC-007,Alcoholic Beverage,Wine,case of 12,11,86.74,954.14
INV-2025-03,Pinot Noir,ALC-008,Alcoholic Beverage,Wine,case of 12,30,129.18,3875.4
INV-2025-03,Sauvignon Blanc,ALC-009,Alcoholic Beverage,Wine,case of 12,28,101.43,2840.04
INV-2025-03,Prosecco,ALC-010,Alcoholic Beverage,Wine,case of 12,29,104.06,3017.74
INV-2025-03,Rosé,ALC-011,Alcoholic Beverage,Wine,case of 12,26,85.58,2225.08
INV-2025-03,"Vodka, Well",ALC-012,Alcoholic Beverage,Spirits,1.75L bottle,21,25.33,531.93
INV-2025-03,"Vodka, Premium",ALC-013,Alcoholic Beverage,Spirits,1L bottle,24,33.03,792.72
INV-2025-03,"Gin, Well",ALC-014,Alcoholic Beverage,Spirits,1.75L bottle,7,21.21,148.47
INV-2025-03,"Tequila, Blanco Premium",ALC-015,Alcoholic Beverage,Spirits,1L bottle,18,33.73,607.14
INV-2025-03,"Tequila, Reposado Premium",ALC-016,Alcoholic Beverage,Spirits,1L bottle,20,47.47,949.4
INV-2025-03,"Bourbon, Well",ALC-017,Alcoholic Beverage,Spirits,1.75L bottle,15,29.78,446.7
INV-2025-03,"Bourbon, Premium",ALC-018,Alcoholic Beverage,Spirits,750ml bottle,13,46.54,605.02
INV-2025-03,"Rum, White",ALC-019,Alcoholic Beverage,Spirits,1.75L bottle,25,19.09,477.25
INV-2025-03,"Rum, Spiced",ALC-020,Alcoholic Beverage,Spirits,1L bottle,15,19.81,297.15
INV-2025-03,"Whiskey, Rye",ALC-021,Alcoholic Beverage,Spirits,750ml bottle,27,37.2,1004.4
INV-2025-03,"Scotch, Blended",ALC-022,Alcoholic Beverage,Spirits,750ml bottle,13,30.7,399.1
INV-2025-03,Triple Sec,ALC-023,Alcoholic Beverage,Liqueur,1L bottle,25,16.62,415.5
INV-2025-03,Coffee Liqueur,ALC-024,Alcoholic Beverage,Liqueur,750ml bottle,15,25.24,378.6
INV-2025-03,Amaretto,ALC-025,Alcoholic Beverage,Liqueur,750ml bottle,24,22.53,540.72
INV-2025-03,"Stout, Bottled",ALC-026,Alcoholic Beverage,Beer,case of 24,23,47.33,1088.59
INV-2025-03,Non-Alcoholic Beer,ALC-027,Alcoholic Beverage,Beer,case of 24,18,37.82,680.76
INV-2025-03,"Champagne, Brut",ALC-028,Alcoholic Beverage,Wine,case of 6,7,117.48,822.36
INV-2025-03,Mezcal,ALC-029,Alcoholic Beverage,Spirits,750ml bottle,21,40.63,853.23
INV-2025-03,"Vermouth, Dry",ALC-030,Alcoholic Beverage,Liqueur,1L bottle,6,13.17,79.02
INV-2025-03,All-Purpose Flour,DRY-001,Dry Goods & Spices,Flour,50 lb bag,33,21.1,696.3
INV-2025-03,Bread Flour,DRY-002,Dry Goods & Spices,Flour,50 lb bag,34,22.66,770.44
INV-2025-03,Cornmeal,DRY-003,Dry Goods & Spices,Flour,25 lb bag,14,16.67,233.38
INV-2025-03,"White Rice, Long Grain",DRY-004,Dry Goods & Spices,Grain,50 lb bag,46,38.15,1754.9
INV-2025-03,Jasmine Rice,DRY-005,Dry Goods & Spices,Grain,50 lb bag,9,33.77,303.93
INV-2025-03,Quinoa,DRY-006,Dry Goods & Spices,Grain,10 lb bag,21,28.76,603.96
INV-2025-03,"Spaghetti, Dry",DRY-007,Dry Goods & Spices,Pasta,20 lb case,49,20.49,1004.01
INV-2025-03,"Penne, Dry",DRY-008,Dry Goods & Spices,Pasta,20 lb case,10,19.47,194.7
INV-2025-03,"Black Beans, Dry",DRY-009,Dry Goods & Spices,Legume,25 lb bag,48,23.77,1140.96
INV-2025-03,"Pinto Beans, Dry",DRY-010,Dry Goods & Spices,Legume,25 lb bag,29,23.59,684.11
INV-2025-03,Granulated Sugar,DRY-011,Dry Goods & Spices,Sugar,50 lb bag,45,26.0,1170.0
INV-2025-03,Brown Sugar,DRY-012,Dry Goods & Spices,Sugar,25 lb bag,36,18.54,667.44
INV-2025-03,Powdered Sugar,DRY-013,Dry Goods & Spices,Sugar,25 lb bag,7,21.24,148.68
INV-2025-03,Kosher Salt,DRY-014,Dry Goods & Spices,Spice,25 lb bag,20,10.52,210.4
INV-2025-03,"Black Pepper, Ground",DRY-015,Dry Goods & Spices,Spice,1 lb bag,23,14.91,342.93
INV-2025-03,"Paprika, Smoked",DRY-016,Dry Goods & Spices,Spice,1 lb bag,10,9.89,98.9
INV-2025-03,"Cumin, Ground",DRY-017,Dry Goods & Spices,Spice,1 lb bag,11,13.74,151.14
INV-2025-03,Chili Powder,DRY-018,Dry Goods & Spices,Spice,1 lb bag,50,9.82,491.0
INV-2025-03,Garlic Powder,DRY-019,Dry Goods & Spices,Spice,1 lb bag,33,7.98,263.34
INV-2025-03,Onion Powder,DRY-020,Dry Goods & Spices,Spice,1 lb bag,24,9.91,237.84
INV-2025-03,Cayenne Pepper,DRY-021,Dry Goods & Spices,Spice,1 lb bag,7,9.21,64.47
INV-2025-03,"Oregano, Dried",DRY-022,Dry Goods & Spices,Spice,1 lb bag,8,12.81,102.48
INV-2025-03,"Cinnamon, Ground",DRY-023,Dry Goods & Spices,Spice,1 lb bag,28,9.2,257.6
INV-2025-03,Baking Powder,DRY-024,Dry Goods & Spices,Baking,10 lb can,20,19.36,387.2
INV-2025-03,Baking Soda,DRY-025,Dry Goods & Spices,Baking,12 lb box,41,10.71,439.11
INV-2025-03,Cocoa Powder,DRY-026,Dry Goods & Spices,Baking,5 lb bag,16,20.11,321.76
INV-2025-03,Panko Bread Crumbs,DRY-027,Dry Goods & Spices,Breading,25 lb case,10,34.38,343.8
INV-2025-03,Seasoned Bread Crumbs,DRY-028,Dry Goods & Spices,Breading,25 lb case,29,30.77,892.33
INV-2025-03,Sesame Seeds,DRY-029,Dry Goods & Spices,Nuts/Seeds,5 lb bag,20,20.52,410.4
INV-2025-03,Sliced Almonds,DRY-030,Dry Goods & Spices,Nuts/Seeds,5 lb bag,42,28.03,1177.26
INV-2025-03,Frozen Peas,FRZ-001,Frozen/Refrigerated Goods,Frozen Vegetable,20 lb case,34,25.6,870.4
INV-2025-03,Frozen Corn,FRZ-002,Frozen/Refrigerated Goods,Frozen Vegetable,20 lb case,34,23.57,801.38
INV-2025-03,Frozen Broccoli Florets,FRZ-003,Frozen/Refrigerated Goods,Frozen Vegetable,20 lb case,5,31.56,157.8
INV-2025-03,"Frozen Spinach, Chopped",FRZ-004,Frozen/Refrigerated Goods,Frozen Vegetable,20 lb case,34,27.99,951.66
INV-2025-03,"French Fries, Straight Cut",FRZ-005,Frozen/Refrigerated Goods,Frozen Potato,30 lb case,39,31.64,1233.96
INV-2025-03,Tater Tots,FRZ-006,Frozen/Refrigerated Goods,Frozen Potato,30 lb case,33,33.17,1094.61
INV-2025-03,"Hash Browns, Shredded",FRZ-007,Frozen/Refrigerated Goods,Frozen Potato,20 lb case,24,28.24,677.76
INV-2025-03,"Dinner Rolls, Par-Baked",FRZ-008,Frozen/Refrigerated Goods,Frozen Bread,case of 200,32,40.49,1295.68
INV-2025-03,Pizza Dough Balls,FRZ-009,Frozen/Refrigerated Goods,Frozen Bread,case of 40,34,41.78,1420.52
INV-2025-03,Vanilla Ice Cream,FRZ-010,Frozen/Refrigerated Goods,Frozen Dessert,3 gal tub,17,28.21,479.57
INV-2025-03,Chocolate Ice Cream,FRZ-011,Frozen/Refrigerated Goods,Frozen Dessert,3 gal tub,35,26.64,932.4
INV-2025-03,"Cheesecake, Uncut",FRZ-012,Frozen/Refrigerated Goods,Frozen Dessert,10 inch,29,19.92,577.68
INV-2025-03,Frozen Mixed Berries,FRZ-013,Frozen/Refrigerated Goods,Frozen Fruit,10 lb bag,23,37.05,852.15
INV-2025-03,Frozen Mango Chunks,FRZ-014,Frozen/Refrigerated Goods,Frozen Fruit,10 lb bag,23,24.02,552.46
INV-2025-03,Shredded Mozzarella,FRZ-015,Frozen/Refrigerated Goods,Dairy,5 lb bag,30,18.06,541.8
INV-2025-03,Shredded Cheddar,FRZ-016,Frozen/Refrigerated Goods,Dairy,5 lb bag,8,19.56,156.48
INV-2025-03,"Parmesan, Grated",FRZ-017,Frozen/Refrigerated Goods,Dairy,5 lb bag,36,36.2,1303.2
INV-2025-03,Cream Cheese,FRZ-018,Frozen/Refrigerated Goods,Dairy,3 lb block,23,12.75,293.25
INV-2025-03,"Butter, Unsalted",FRZ-019,Frozen/Refrigerated Goods,Dairy,36 lb case,19,112.28,2133.32
INV-2025-03,Heavy Cream,FRZ-020,Frozen/Refrigerated Goods,Dairy,quart,27,4.86,131.22
INV-2025-03,Sour Cream,FRZ-021,Frozen/Refrigerated Goods,Dairy,5 lb tub,17,15.62,265.54
INV-2025-03,"Eggs, Large",FRZ-022,Frozen/Refrigerated Goods,Dairy,case of 15 dz,13,55.28,718.64
INV-2025-03,"Frozen Shrimp, 21/25",FRZ-023,Frozen/Refrigerated Goods,Frozen Protein,5 lb bag,7,61.35,429.45
INV-2025-03,Frozen Chicken Wings,FRZ-024,Frozen/Refrigerated Goods,Frozen Protein,40 lb case,33,97.17,3206.61
INV-2025-03,Frozen Salmon Fillets,FRZ-025,Frozen/Refrigerated Goods,Frozen Protein,10 lb box,28,100.71,2819.88
INV-2025-03,Mozzarella Sticks,FRZ-026,Frozen/Refrigerated Goods,Frozen Appetizer,case of 240,10,61.41,614.1
INV-2025-03,"Spring Rolls, Vegetable",FRZ-027,Frozen/Refrigerated Goods,Frozen Appetizer,case of 100,25,64.11,1602.75
INV-2025-03,"Yogurt, Plain",FRZ-028,Frozen/Refrigerated Goods,Dairy,5 lb tub,16,13.47,215.52
INV-2025-03,Frozen Diced Onions,FRZ-029,Frozen/Refrigerated Goods,Frozen Vegetable,20 lb case,39,28.01,1092.39
INV-2025-03,"Pie Crust, Frozen 9in",FRZ-030,Frozen/Refrigerated Goods,Frozen Dessert,case of 24,28,32.83,919.24
INV-2025-03,Canola Oil,LIQ-001,Liquids/Pastes/Sauces,Oil,35 lb jug,11,44.84,493.24
INV-2025-03,"Olive Oil, Extra Virgin",LIQ-002,Liquids/Pastes/Sauces,Oil,3 L tin,11,27.96,307.56
INV-2025-03,Vegetable Oil,LIQ-003,Liquids/Pastes/Sauces,Oil,35 lb jug,18,41.97,755.46
INV-2025-03,Sesame Oil,LIQ-004,Liquids/Pastes/Sauces,Oil,1 gal jug,12,29.34,352.08
INV-2025-03,White Vinegar,LIQ-005,Liquids/Pastes/Sauces,Vinegar,1 gal jug,13,7.67,99.71
INV-2025-03,Balsamic Vinegar,LIQ-006,Liquids/Pastes/Sauces,Vinegar,1 gal jug,17,27.4,465.8
INV-2025-03,Rice Wine Vinegar,LIQ-007,Liquids/Pastes/Sauces,Vinegar,1 gal jug,7,20.7,144.9
INV-2025-03,Soy Sauce,LIQ-008,Liquids/Pastes/Sauces,Sauce,1 gal jug,10,13.42,134.2
INV-2025-03,Hot Sauce,LIQ-009,Liquids/Pastes/Sauces,Sauce,1 gal jug,26,24.36,633.36
INV-2025-03,Worcestershire Sauce,LIQ-010,Liquids/Pastes/Sauces,Sauce,1 gal jug,15,18.89,283.35
INV-2025-03,BBQ Sauce,LIQ-011,Liquids/Pastes/Sauces,Sauce,1 gal jug,28,16.77,469.56
INV-2025-03,Buffalo Wing Sauce,LIQ-012,Liquids/Pastes/Sauces,Sauce,1 gal jug,5,22.4,112.0
INV-2025-03,Teriyaki Sauce,LIQ-013,Liquids/Pastes/Sauces,Sauce,1 gal jug,3,17.56,52.68
INV-2025-03,Ranch Dressing,LIQ-014,Liquids/Pastes/Sauces,Sauce,1 gal jug,6,19.97,119.82
INV-2025-03,Caesar Dressing,LIQ-015,Liquids/Pastes/Sauces,Sauce,1 gal jug,24,19.94,478.56
INV-2025-03,"Vinaigrette, Balsamic",LIQ-016,Liquids/Pastes/Sauces,Sauce,1 gal jug,11,21.81,239.91
INV-2025-03,Tomato Paste,LIQ-017,Liquids/Pastes/Sauces,Paste,#10 can,29,12.51,362.79
INV-2025-03,Garlic Paste,LIQ-018,Liquids/Pastes/Sauces,Paste,4 lb tub,14,14.87,208.18
INV-2025-03,Ginger Paste,LIQ-019,Liquids/Pastes/Sauces,Paste,4 lb tub,10,18.1,181.0
INV-2025-03,"Curry Paste, Red",LIQ-020,Liquids/Pastes/Sauces,Paste,14 oz can,22,6.64,146.08
INV-2025-03,Crushed Tomatoes,LIQ-021,Liquids/Pastes/Sauces,Canned Tomato,#10 can,20,10.32,206.4
INV-2025-03,Diced Tomatoes,LIQ-022,Liquids/Pastes/Sauces,Canned Tomato,#10 can,22,8.24,181.28
INV-2025-03,Tomato Puree,LIQ-023,Liquids/Pastes/Sauces,Canned Tomato,#10 can,5,8.33,41.65
INV-2025-03,"Chicken Stock, Liquid",LIQ-024,Liquids/Pastes/Sauces,Stock/Broth,1 gal jug,17,16.66,283.22
INV-2025-03,"Beef Stock, Liquid",LIQ-025,Liquids/Pastes/Sauces,Stock/Broth,1 gal jug,12,17.05,204.6
INV-2025-03,"Vegetable Stock, Liquid",LIQ-026,Liquids/Pastes/Sauces,Stock/Broth,1 gal jug,6,15.79,94.74
INV-2025-03,Marinara Sauce,LIQ-027,Liquids/Pastes/Sauces,Sauce,#10 can,4,12.87,51.48
INV-2025-03,Alfredo Sauce,LIQ-028,Liquids/Pastes/Sauces,Sauce,4 lb tub,18,16.71,300.78
INV-2025-03,Sriracha,LIQ-029,Liquids/Pastes/Sauces,Sauce,1 gal jug,10,24.83,248.3
INV-2025-03,Honey,LIQ-030,Liquids/Pastes/Sauces,Honey/Syrup,5 lb jug,7,18.84,131.88
INV-2025-03,Romaine Lettuce,PRD-001,Produce & Meat,Produce,case of 24 heads,13,35.04,455.52
INV-2025-03,Iceberg Lettuce,PRD-002,Produce & Meat,Produce,case of 24 heads,25,28.18,704.5
INV-2025-03,"Tomatoes, Roma",PRD-003,Produce & Meat,Produce,25 lb case,19,36.15,686.85
INV-2025-03,"Onions, Yellow",PRD-004,Produce & Meat,Produce,50 lb bag,25,25.33,633.25
INV-2025-03,"Garlic, Fresh",PRD-005,Produce & Meat,Produce,10 lb case,15,37.85,567.75
INV-2025-03,"Bell Peppers, Green",PRD-006,Produce & Meat,Produce,25 lb case,17,40.07,681.19
INV-2025-03,"Bell Peppers, Red",PRD-007,Produce & Meat,Produce,25 lb case,10,39.06,390.6
INV-2025-03,Avocados,PRD-008,Produce & Meat,Produce,case of 48,13,63.35,823.55
INV-2025-03,Limes,PRD-009,Produce & Meat,Produce,case of 200,16,42.48,679.68
INV-2025-03,Lemons,PRD-010,Produce & Meat,Produce,case of 165,13,36.64,476.32
INV-2025-03,"Potatoes, Russet",PRD-011,Produce & Meat,Produce,50 lb bag,23,31.47,723.81
INV-2025-03,Carrots,PRD-012,Produce & Meat,Produce,25 lb bag,22,24.08,529.76
INV-2025-03,Celery,PRD-013,Produce & Meat,Produce,case of 30,14,28.88,404.32
INV-2025-03,"Mushrooms, White Button",PRD-014,Produce & Meat,Produce,10 lb case,5,35.93,179.65
INV-2025-03,Cilantro,PRD-015,Produce & Meat,Produce,case of 30 bunches,16,22.55,360.8
INV-2025-03,Jalapeños,PRD-016,Produce & Meat,Produce,10 lb case,8,18.32,146.56
INV-2025-03,Cucumbers,PRD-017,Produce & Meat,Produce,case of 24,21,21.82,458.22
INV-2025-03,"Spinach, Fresh",PRD-018,Produce & Meat,Produce,4 lb case,3,20.25,60.75
INV-2025-03,"Basil, Fresh",PRD-019,Produce & Meat,Produce,case of 12 bunches,9,25.72,231.48
INV-2025-03,"Ginger, Fresh",PRD-020,Produce & Meat,Produce,10 lb case,20,28.72,574.4
INV-2025-03,"Ground Beef, 80/20",PRD-021,Produce & Meat,Meat,case,19,4.85,92.15
INV-2025-03,"Chicken Breast, Boneless",PRD-022,Produce & Meat,Meat,case,8,4.9,39.2
INV-2025-03,"Chicken Thighs, Boneless",PRD-023,Produce & Meat,Meat,case,9,3.78,34.02
INV-2025-03,Pork Shoulder,PRD-024,Produce & Meat,Meat,case,6,3.93,23.58
INV-2025-03,"Bacon, Sliced",PRD-025,Produce & Meat,Meat,15 lb case,21,64.5,1354.5
INV-2025-03,NY Strip Steak,PRD-026,Produce & Meat,Meat,case,6,16.42,98.52
INV-2025-03,Ribeye Steak,PRD-027,Produce & Meat,Meat,case,19,18.62,353.78
INV-2025-03,Ground Pork,PRD-028,Produce & Meat,Meat,case,7,3.63,25.41
INV-2025-03,"Salmon Fillet, Fresh",PRD-029,Produce & Meat,Seafood,case,2,12.55,25.1
INV-2025-03,"Shrimp, Fresh 16/20",PRD-030,Produce & Meat,Seafood,case,13,12.38,160.94
INV-2025-03,"To-Go Containers, 32oz",SUP-001,Supplies,To-Go,case of 150,40,36.93,1477.2
INV-2025-03,"To-Go Cups, 16oz",SUP-002,Supplies,To-Go,case of 1000,12,62.83,753.96
INV-2025-03,"To-Go Cup Lids, Dome",SUP-003,Supplies,To-Go,case of 1000,16,30.36,485.76
INV-2025-03,"Paper Bags, Kraft",SUP-004,Supplies,To-Go,case of 500,63,32.74,2062.62
INV-2025-03,"Napkins, Dinner",SUP-005,Supplies,Disposable,case of 3000,18,32.43,583.74
INV-2025-03,"Straws, Wrapped",SUP-006,Supplies,Disposable,box of 500,56,9.69,542.64
INV-2025-03,"Plastic Cutlery, Forks",SUP-007,Supplies,Disposable,box of 1000,23,18.86,433.78
INV-2025-03,"Plastic Cutlery, Spoons",SUP-008,Supplies,Disposable,box of 1000,38,18.47,701.86
INV-2025-03,Toothpicks,SUP-009,Supplies,Disposable,box of 1000,15,4.36,65.4
INV-2025-03,"Dish Soap, Concentrate",SUP-010,Supplies,Cleaning,1 gal jug,94,25.69,2414.86
INV-2025-03,"Degreaser, Kitchen",SUP-011,Supplies,Cleaning,1 gal jug,68,21.45,1458.6
INV-2025-03,Sanitizer Solution,SUP-012,Supplies,Cleaning,1 gal jug,13,16.75,217.75
INV-2025-03,Bleach,SUP-013,Supplies,Cleaning,1 gal jug,71,8.23,584.33
INV-2025-03,Glass Cleaner,SUP-014,Supplies,Cleaning,1 gal jug,64,16.11,1031.04
INV-2025-03,"Paper Towels, Roll",SUP-015,Supplies,Paper Goods,case of 12,72,42.73,3076.56
INV-2025-03,"Toilet Paper, Roll",SUP-016,Supplies,Paper Goods,case of 48,66,40.01,2640.66
INV-2025-03,Butcher Paper Roll,SUP-017,Supplies,Paper Goods,roll,20,29.89,597.8
INV-2025-03,Parchment Paper Sheets,SUP-018,Supplies,Paper Goods,box of 1000,28,37.57,1051.96
INV-2025-03,Plastic Wrap Roll,SUP-019,Supplies,Wrap/Film,roll,45,20.34,915.3
INV-2025-03,Aluminum Foil Roll,SUP-020,Supplies,Wrap/Film,roll,84,30.74,2582.16
INV-2025-03,"Disposable Gloves, Nitrile",SUP-021,Supplies,Gloves,case of 1000,51,55.85,2848.35
INV-2025-03,"Disposable Gloves, Vinyl",SUP-022,Supplies,Gloves,case of 1000,86,36.35,3126.1
INV-2025-03,Food Storage Containers,SUP-023,Supplies,Storage,case of 100,68,36.86,2506.48
INV-2025-03,Container Lids,SUP-024,Supplies,Storage,case of 100,65,23.21,1508.65
INV-2025-03,"Deli Cups w/ Lids, 8oz",SUP-025,Supplies,Storage,case of 500,99,34.9,3455.1
INV-2025-03,Hand Soap,SUP-026,Supplies,Chemical,1 gal jug,93,16.63,1546.59
INV-2025-03,Hand Sanitizer,SUP-027,Supplies,Chemical,1 gal jug,80,20.88,1670.4
INV-2025-03,Chafing Fuel Cans,SUP-028,Supplies,Small Wares,case of 24,37,39.26,1452.62
INV-2025-03,Aluminum Steam Table Pans,SUP-029,Supplies,Small Wares,case of 50,39,55.13,2150.07
INV-2025-03,"Menu Paper, Cardstock",SUP-030,Supplies,Menu/Marketing,ream of 500,68,19.82,1347.76
INV-2025-04,Coca-Cola Syrup BIB,NAB-001,Non-Alcoholic Beverage,Soda,5 gal bag-in-box,32,65.76,2104.32
INV-2025-04,Diet Coke Syrup BIB,NAB-002,Non-Alcoholic Beverage,Soda,5 gal bag-in-box,21,58.7,1232.7
INV-2025-04,Sprite Syrup BIB,NAB-003,Non-Alcoholic Beverage,Soda,5 gal bag-in-box,14,70.58,988.12
INV-2025-04,Ginger Ale Syrup BIB,NAB-004,Non-Alcoholic Beverage,Soda,5 gal bag-in-box,35,62.18,2176.3
INV-2025-04,Still Water 16.9oz,NAB-005,Non-Alcoholic Beverage,Bottled Water,case of 24,10,6.42,64.2
INV-2025-04,Sparkling Water 12oz,NAB-006,Non-Alcoholic Beverage,Bottled Water,case of 24,11,18.05,198.55
INV-2025-04,Orange Juice Concentrate,NAB-007,Non-Alcoholic Beverage,Juice,gallon,28,12.3,344.4
INV-2025-04,Cranberry Juice Cocktail,NAB-008,Non-Alcoholic Beverage,Juice,gallon,40,8.47,338.8
INV-2025-04,Pineapple Juice,NAB-009,Non-Alcoholic Beverage,Juice,46 oz can,40,4.44,177.6
INV-2025-04,Lemon Juice (bottled),NAB-010,Non-Alcoholic Beverage,Juice,32 oz bottle,12,4.58,54.96
INV-2025-04,Lime Juice (bottled),NAB-011,Non-Alcoholic Beverage,Juice,32 oz bottle,32,4.53,144.96
INV-2025-04,"Espresso Beans, Dark Roast",NAB-012,Non-Alcoholic Beverage,Coffee,5 lb bag,8,46.06,368.48
INV-2025-04,"Drip Coffee, Medium Roast",NAB-013,Non-Alcoholic Beverage,Coffee,2 lb bag,24,16.36,392.64
INV-2025-04,"Decaf Coffee, Medium Roast",NAB-014,Non-Alcoholic Beverage,Coffee,2 lb bag,37,17.47,646.39
INV-2025-04,Black Tea Bags,NAB-015,Non-Alcoholic Beverage,Tea,box of 100,35,14.63,512.05
INV-2025-04,Green Tea Bags,NAB-016,Non-Alcoholic Beverage,Tea,box of 100,11,14.86,163.46
INV-2025-04,Herbal Chamomile Tea Bags,NAB-017,Non-Alcoholic Beverage,Tea,box of 100,40,16.29,651.6
INV-2025-04,Red Bull 8.4oz,NAB-018,Non-Alcoholic Beverage,Energy/Sports,case of 24,22,37.37,822.14
INV-2025-04,Gatorade Fruit Punch,NAB-019,Non-Alcoholic Beverage,Energy/Sports,case of 24,32,23.01,736.32
INV-2025-04,Whole Milk,NAB-020,Non-Alcoholic Beverage,Milk/Dairy Bev,half gallon,40,2.5,100.0
INV-2025-04,Oat Milk,NAB-021,Non-Alcoholic Beverage,Milk/Dairy Bev,32 oz carton,22,5.43,119.46
INV-2025-04,"Almond Milk, Unsweetened",NAB-022,Non-Alcoholic Beverage,Milk/Dairy Bev,32 oz carton,22,4.41,97.02
INV-2025-04,Root Beer Syrup BIB,NAB-023,Non-Alcoholic Beverage,Soda,5 gal bag-in-box,24,62.2,1492.8
INV-2025-04,Club Soda Canister,NAB-024,Non-Alcoholic Beverage,Soda,5 gal canister,27,14.86,401.22
INV-2025-04,Grapefruit Juice,NAB-025,Non-Alcoholic Beverage,Juice,46 oz can,14,5.75,80.5
INV-2025-04,Tomato Juice,NAB-026,Non-Alcoholic Beverage,Juice,46 oz can,30,4.32,129.6
INV-2025-04,Sparkling Lemon Water 12oz,NAB-027,Non-Alcoholic Beverage,Bottled Water,case of 24,6,15.53,93.18
INV-2025-04,Cold Brew Concentrate,NAB-028,Non-Alcoholic Beverage,Coffee,gallon,38,19.58,744.04
INV-2025-04,Half & Half,NAB-029,Non-Alcoholic Beverage,Milk/Dairy Bev,quart,31,4.73,146.63
INV-2025-04,Powerade Blue,NAB-030,Non-Alcoholic Beverage,Energy/Sports,case of 24,15,17.22,258.3
INV-2025-04,Domestic Draft Lager Keg,ALC-001,Alcoholic Beverage,Beer,1/2 barrel keg,26,110.66,2877.16
INV-2025-04,Craft IPA Keg,ALC-002,Alcoholic Beverage,Beer,1/6 barrel keg,21,113.65,2386.65
INV-2025-04,"Mexican Lager, Bottled",ALC-003,Alcoholic Beverage,Beer,case of 24,4,37.77,151.08
INV-2025-04,"Wheat Beer, Bottled",ALC-004,Alcoholic Beverage,Beer,case of 24,27,33.53,905.31
INV-2025-04,Light Lager Draft Keg,ALC-005,Alcoholic Beverage,Beer,1/2 barrel keg,24,88.26,2118.24
INV-2025-04,"Cabernet Sauvignon, House Red",ALC-006,Alcoholic Beverage,Wine,case of 12,17,84.26,1432.42
INV-2025-04,"Chardonnay, House White",ALC-007,Alcoholic Beverage,Wine,case of 12,18,84.53,1521.54
INV-2025-04,Pinot Noir,ALC-008,Alcoholic Beverage,Wine,case of 12,16,126.21,2019.36
INV-2025-04,Sauvignon Blanc,ALC-009,Alcoholic Beverage,Wine,case of 12,27,101.5,2740.5
INV-2025-04,Prosecco,ALC-010,Alcoholic Beverage,Wine,case of 12,14,111.79,1565.06
INV-2025-04,Rosé,ALC-011,Alcoholic Beverage,Wine,case of 12,12,90.95,1091.4
INV-2025-04,"Vodka, Well",ALC-012,Alcoholic Beverage,Spirits,1.75L bottle,21,24.96,524.16
INV-2025-04,"Vodka, Premium",ALC-013,Alcoholic Beverage,Spirits,1L bottle,24,32.07,769.68
INV-2025-04,"Gin, Well",ALC-014,Alcoholic Beverage,Spirits,1.75L bottle,10,21.03,210.3
INV-2025-04,"Tequila, Blanco Premium",ALC-015,Alcoholic Beverage,Spirits,1L bottle,22,32.13,706.86
INV-2025-04,"Tequila, Reposado Premium",ALC-016,Alcoholic Beverage,Spirits,1L bottle,9,44.1,396.9
INV-2025-04,"Bourbon, Well",ALC-017,Alcoholic Beverage,Spirits,1.75L bottle,9,31.27,281.43
INV-2025-04,"Bourbon, Premium",ALC-018,Alcoholic Beverage,Spirits,750ml bottle,27,42.22,1139.94
INV-2025-04,"Rum, White",ALC-019,Alcoholic Beverage,Spirits,1.75L bottle,13,18.71,243.23
INV-2025-04,"Rum, Spiced",ALC-020,Alcoholic Beverage,Spirits,1L bottle,18,21.51,387.18
INV-2025-04,"Whiskey, Rye",ALC-021,Alcoholic Beverage,Spirits,750ml bottle,8,35.5,284.0
INV-2025-04,"Scotch, Blended",ALC-022,Alcoholic Beverage,Spirits,750ml bottle,20,30.5,610.0
INV-2025-04,Triple Sec,ALC-023,Alcoholic Beverage,Liqueur,1L bottle,19,15.74,299.06
INV-2025-04,Coffee Liqueur,ALC-024,Alcoholic Beverage,Liqueur,750ml bottle,24,26.97,647.28
INV-2025-04,Amaretto,ALC-025,Alcoholic Beverage,Liqueur,750ml bottle,5,21.17,105.85
INV-2025-04,"Stout, Bottled",ALC-026,Alcoholic Beverage,Beer,case of 24,26,40.73,1058.98
INV-2025-04,Non-Alcoholic Beer,ALC-027,Alcoholic Beverage,Beer,case of 24,3,34.97,104.91
INV-2025-04,"Champagne, Brut",ALC-028,Alcoholic Beverage,Wine,case of 6,5,124.24,621.2
INV-2025-04,Mezcal,ALC-029,Alcoholic Beverage,Spirits,750ml bottle,21,41.28,866.88
INV-2025-04,"Vermouth, Dry",ALC-030,Alcoholic Beverage,Liqueur,1L bottle,15,12.85,192.75
INV-2025-04,All-Purpose Flour,DRY-001,Dry Goods & Spices,Flour,50 lb bag,31,21.78,675.18
INV-2025-04,Bread Flour,DRY-002,Dry Goods & Spices,Flour,50 lb bag,30,22.69,680.7
INV-2025-04,Cornmeal,DRY-003,Dry Goods & Spices,Flour,25 lb bag,25,16.02,400.5
INV-2025-04,"White Rice, Long Grain",DRY-004,Dry Goods & Spices,Grain,50 lb bag,44,35.25,1551.0
INV-2025-04,Jasmine Rice,DRY-005,Dry Goods & Spices,Grain,50 lb bag,49,36.22,1774.78
INV-2025-04,Quinoa,DRY-006,Dry Goods & Spices,Grain,10 lb bag,10,29.22,292.2
INV-2025-04,"Spaghetti, Dry",DRY-007,Dry Goods & Spices,Pasta,20 lb case,11,19.97,219.67
INV-2025-04,"Penne, Dry",DRY-008,Dry Goods & Spices,Pasta,20 lb case,42,18.14,761.88
INV-2025-04,"Black Beans, Dry",DRY-009,Dry Goods & Spices,Legume,25 lb bag,10,22.11,221.1
INV-2025-04,"Pinto Beans, Dry",DRY-010,Dry Goods & Spices,Legume,25 lb bag,24,22.85,548.4
INV-2025-04,Granulated Sugar,DRY-011,Dry Goods & Spices,Sugar,50 lb bag,19,24.45,464.55
INV-2025-04,Brown Sugar,DRY-012,Dry Goods & Spices,Sugar,25 lb bag,15,16.31,244.65
INV-2025-04,Powdered Sugar,DRY-013,Dry Goods & Spices,Sugar,25 lb bag,45,19.56,880.2
INV-2025-04,Kosher Salt,DRY-014,Dry Goods & Spices,Spice,25 lb bag,37,9.8,362.6
INV-2025-04,"Black Pepper, Ground",DRY-015,Dry Goods & Spices,Spice,1 lb bag,27,13.48,363.96
INV-2025-04,"Paprika, Smoked",DRY-016,Dry Goods & Spices,Spice,1 lb bag,46,10.5,483.0
INV-2025-04,"Cumin, Ground",DRY-017,Dry Goods & Spices,Spice,1 lb bag,20,12.35,247.0
INV-2025-04,Chili Powder,DRY-018,Dry Goods & Spices,Spice,1 lb bag,21,8.82,185.22
INV-2025-04,Garlic Powder,DRY-019,Dry Goods & Spices,Spice,1 lb bag,43,7.96,342.28
INV-2025-04,Onion Powder,DRY-020,Dry Goods & Spices,Spice,1 lb bag,46,8.68,399.28
INV-2025-04,Cayenne Pepper,DRY-021,Dry Goods & Spices,Spice,1 lb bag,45,9.47,426.15
INV-2025-04,"Oregano, Dried",DRY-022,Dry Goods & Spices,Spice,1 lb bag,41,13.8,565.8
INV-2025-04,"Cinnamon, Ground",DRY-023,Dry Goods & Spices,Spice,1 lb bag,33,9.57,315.81
INV-2025-04,Baking Powder,DRY-024,Dry Goods & Spices,Baking,10 lb can,41,19.7,807.7
INV-2025-04,Baking Soda,DRY-025,Dry Goods & Spices,Baking,12 lb box,44,10.12,445.28
INV-2025-04,Cocoa Powder,DRY-026,Dry Goods & Spices,Baking,5 lb bag,45,20.61,927.45
INV-2025-04,Panko Bread Crumbs,DRY-027,Dry Goods & Spices,Breading,25 lb case,33,31.46,1038.18
INV-2025-04,Seasoned Bread Crumbs,DRY-028,Dry Goods & Spices,Breading,25 lb case,33,30.82,1017.06
INV-2025-04,Sesame Seeds,DRY-029,Dry Goods & Spices,Nuts/Seeds,5 lb bag,22,20.83,458.26
INV-2025-04,Sliced Almonds,DRY-030,Dry Goods & Spices,Nuts/Seeds,5 lb bag,27,29.76,803.52
INV-2025-04,Frozen Peas,FRZ-001,Frozen/Refrigerated Goods,Frozen Vegetable,20 lb case,24,24.9,597.6
INV-2025-04,Frozen Corn,FRZ-002,Frozen/Refrigerated Goods,Frozen Vegetable,20 lb case,7,22.79,159.53
INV-2025-04,Frozen Broccoli Florets,FRZ-003,Frozen/Refrigerated Goods,Frozen Vegetable,20 lb case,23,27.66,636.18
INV-2025-04,"Frozen Spinach, Chopped",FRZ-004,Frozen/Refrigerated Goods,Frozen Vegetable,20 lb case,10,26.78,267.8
INV-2025-04,"French Fries, Straight Cut",FRZ-005,Frozen/Refrigerated Goods,Frozen Potato,30 lb case,37,32.85,1215.45
INV-2025-04,Tater Tots,FRZ-006,Frozen/Refrigerated Goods,Frozen Potato,30 lb case,40,33.21,1328.4
INV-2025-04,"Hash Browns, Shredded",FRZ-007,Frozen/Refrigerated Goods,Frozen Potato,20 lb case,7,27.41,191.87
INV-2025-04,"Dinner Rolls, Par-Baked",FRZ-008,Frozen/Refrigerated Goods,Frozen Bread,case of 200,17,38.17,648.89
INV-2025-04,Pizza Dough Balls,FRZ-009,Frozen/Refrigerated Goods,Frozen Bread,case of 40,35,39.6,1386.0
INV-2025-04,Vanilla Ice Cream,FRZ-010,Frozen/Refrigerated Goods,Frozen Dessert,3 gal tub,8,25.91,207.28
INV-2025-04,Chocolate Ice Cream,FRZ-011,Frozen/Refrigerated Goods,Frozen Dessert,3 gal tub,26,30.62,796.12
INV-2025-04,"Cheesecake, Uncut",FRZ-012,Frozen/Refrigerated Goods,Frozen Dessert,10 inch,10,19.7,197.0
INV-2025-04,Frozen Mixed Berries,FRZ-013,Frozen/Refrigerated Goods,Frozen Fruit,10 lb bag,16,31.81,508.96
INV-2025-04,Frozen Mango Chunks,FRZ-014,Frozen/Refrigerated Goods,Frozen Fruit,10 lb bag,33,28.05,925.65
INV-2025-04,Shredded Mozzarella,FRZ-015,Frozen/Refrigerated Goods,Dairy,5 lb bag,38,18.81,714.78
INV-2025-04,Shredded Cheddar,FRZ-016,Frozen/Refrigerated Goods,Dairy,5 lb bag,15,17.95,269.25
INV-2025-04,"Parmesan, Grated",FRZ-017,Frozen/Refrigerated Goods,Dairy,5 lb bag,23,33.75,776.25
INV-2025-04,Cream Cheese,FRZ-018,Frozen/Refrigerated Goods,Dairy,3 lb block,26,12.56,326.56
INV-2025-04,"Butter, Unsalted",FRZ-019,Frozen/Refrigerated Goods,Dairy,36 lb case,8,115.5,924.0
INV-2025-04,Heavy Cream,FRZ-020,Frozen/Refrigerated Goods,Dairy,quart,26,4.74,123.24
INV-2025-04,Sour Cream,FRZ-021,Frozen/Refrigerated Goods,Dairy,5 lb tub,11,15.46,170.06
INV-2025-04,"Eggs, Large",FRZ-022,Frozen/Refrigerated Goods,Dairy,case of 15 dz,29,52.3,1516.7
INV-2025-04,"Frozen Shrimp, 21/25",FRZ-023,Frozen/Refrigerated Goods,Frozen Protein,5 lb bag,14,61.59,862.26
INV-2025-04,Frozen Chicken Wings,FRZ-024,Frozen/Refrigerated Goods,Frozen Protein,40 lb case,14,112.01,1568.14
INV-2025-04,Frozen Salmon Fillets,FRZ-025,Frozen/Refrigerated Goods,Frozen Protein,10 lb box,24,104.37,2504.88
INV-2025-04,Mozzarella Sticks,FRZ-026,Frozen/Refrigerated Goods,Frozen Appetizer,case of 240,30,54.21,1626.3
INV-2025-04,"Spring Rolls, Vegetable",FRZ-027,Frozen/Refrigerated Goods,Frozen Appetizer,case of 100,10,59.79,597.9
INV-2025-04,"Yogurt, Plain",FRZ-028,Frozen/Refrigerated Goods,Dairy,5 lb tub,29,14.47,419.63
INV-2025-04,Frozen Diced Onions,FRZ-029,Frozen/Refrigerated Goods,Frozen Vegetable,20 lb case,26,27.74,721.24
INV-2025-04,"Pie Crust, Frozen 9in",FRZ-030,Frozen/Refrigerated Goods,Frozen Dessert,case of 24,38,30.54,1160.52
INV-2025-04,Canola Oil,LIQ-001,Liquids/Pastes/Sauces,Oil,35 lb jug,24,42.07,1009.68
INV-2025-04,"Olive Oil, Extra Virgin",LIQ-002,Liquids/Pastes/Sauces,Oil,3 L tin,14,24.2,338.8
INV-2025-04,Vegetable Oil,LIQ-003,Liquids/Pastes/Sauces,Oil,35 lb jug,12,37.05,444.6
INV-2025-04,Sesame Oil,LIQ-004,Liquids/Pastes/Sauces,Oil,1 gal jug,9,27.52,247.68
INV-2025-04,White Vinegar,LIQ-005,Liquids/Pastes/Sauces,Vinegar,1 gal jug,27,7.29,196.83
INV-2025-04,Balsamic Vinegar,LIQ-006,Liquids/Pastes/Sauces,Vinegar,1 gal jug,10,27.55,275.5
INV-2025-04,Rice Wine Vinegar,LIQ-007,Liquids/Pastes/Sauces,Vinegar,1 gal jug,7,18.54,129.78
INV-2025-04,Soy Sauce,LIQ-008,Liquids/Pastes/Sauces,Sauce,1 gal jug,30,13.27,398.1
INV-2025-04,Hot Sauce,LIQ-009,Liquids/Pastes/Sauces,Sauce,1 gal jug,19,24.73,469.87
INV-2025-04,Worcestershire Sauce,LIQ-010,Liquids/Pastes/Sauces,Sauce,1 gal jug,29,18.25,529.25
INV-2025-04,BBQ Sauce,LIQ-011,Liquids/Pastes/Sauces,Sauce,1 gal jug,19,15.39,292.41
INV-2025-04,Buffalo Wing Sauce,LIQ-012,Liquids/Pastes/Sauces,Sauce,1 gal jug,13,22.69,294.97
INV-2025-04,Teriyaki Sauce,LIQ-013,Liquids/Pastes/Sauces,Sauce,1 gal jug,22,17.17,377.74
INV-2025-04,Ranch Dressing,LIQ-014,Liquids/Pastes/Sauces,Sauce,1 gal jug,15,19.01,285.15
INV-2025-04,Caesar Dressing,LIQ-015,Liquids/Pastes/Sauces,Sauce,1 gal jug,8,20.2,161.6
INV-2025-04,"Vinaigrette, Balsamic",LIQ-016,Liquids/Pastes/Sauces,Sauce,1 gal jug,27,21.95,592.65
INV-2025-04,Tomato Paste,LIQ-017,Liquids/Pastes/Sauces,Paste,#10 can,8,12.67,101.36
INV-2025-04,Garlic Paste,LIQ-018,Liquids/Pastes/Sauces,Paste,4 lb tub,4,15.63,62.52
INV-2025-04,Ginger Paste,LIQ-019,Liquids/Pastes/Sauces,Paste,4 lb tub,24,18.82,451.68
INV-2025-04,"Curry Paste, Red",LIQ-020,Liquids/Pastes/Sauces,Paste,14 oz can,17,6.37,108.29
INV-2025-04,Crushed Tomatoes,LIQ-021,Liquids/Pastes/Sauces,Canned Tomato,#10 can,27,11.03,297.81
INV-2025-04,Diced Tomatoes,LIQ-022,Liquids/Pastes/Sauces,Canned Tomato,#10 can,17,8.25,140.25
INV-2025-04,Tomato Puree,LIQ-023,Liquids/Pastes/Sauces,Canned Tomato,#10 can,10,7.9,79.0
INV-2025-04,"Chicken Stock, Liquid",LIQ-024,Liquids/Pastes/Sauces,Stock/Broth,1 gal jug,28,16.35,457.8
INV-2025-04,"Beef Stock, Liquid",LIQ-025,Liquids/Pastes/Sauces,Stock/Broth,1 gal jug,29,15.83,459.07
INV-2025-04,"Vegetable Stock, Liquid",LIQ-026,Liquids/Pastes/Sauces,Stock/Broth,1 gal jug,24,17.96,431.04
INV-2025-04,Marinara Sauce,LIQ-027,Liquids/Pastes/Sauces,Sauce,#10 can,17,13.21,224.57
INV-2025-04,Alfredo Sauce,LIQ-028,Liquids/Pastes/Sauces,Sauce,4 lb tub,12,18.59,223.08
INV-2025-04,Sriracha,LIQ-029,Liquids/Pastes/Sauces,Sauce,1 gal jug,19,23.48,446.12
INV-2025-04,Honey,LIQ-030,Liquids/Pastes/Sauces,Honey/Syrup,5 lb jug,8,20.15,161.2
INV-2025-04,Romaine Lettuce,PRD-001,Produce & Meat,Produce,case of 24 heads,21,32.14,674.94
INV-2025-04,Iceberg Lettuce,PRD-002,Produce & Meat,Produce,case of 24 heads,10,25.36,253.6
INV-2025-04,"Tomatoes, Roma",PRD-003,Produce & Meat,Produce,25 lb case,17,38.81,659.77
INV-2025-04,"Onions, Yellow",PRD-004,Produce & Meat,Produce,50 lb bag,19,26.14,496.66
INV-2025-04,"Garlic, Fresh",PRD-005,Produce & Meat,Produce,10 lb case,24,38.97,935.28
INV-2025-04,"Bell Peppers, Green",PRD-006,Produce & Meat,Produce,25 lb case,5,37.99,189.95
INV-2025-04,"Bell Peppers, Red",PRD-007,Produce & Meat,Produce,25 lb case,7,40.69,284.83
INV-2025-04,Avocados,PRD-008,Produce & Meat,Produce,case of 48,18,62.61,1126.98
INV-2025-04,Limes,PRD-009,Produce & Meat,Produce,case of 200,15,37.03,555.45
INV-2025-04,Lemons,PRD-010,Produce & Meat,Produce,case of 165,9,41.13,370.17
INV-2025-04,"Potatoes, Russet",PRD-011,Produce & Meat,Produce,50 lb bag,13,34.36,446.68
INV-2025-04,Carrots,PRD-012,Produce & Meat,Produce,25 lb bag,15,22.88,343.2
INV-2025-04,Celery,PRD-013,Produce & Meat,Produce,case of 30,18,29.35,528.3
INV-2025-04,"Mushrooms, White Button",PRD-014,Produce & Meat,Produce,10 lb case,14,36.17,506.38
INV-2025-04,Cilantro,PRD-015,Produce & Meat,Produce,case of 30 bunches,13,23.07,299.91
INV-2025-04,Jalapeños,PRD-016,Produce & Meat,Produce,10 lb case,12,19.14,229.68
INV-2025-04,Cucumbers,PRD-017,Produce & Meat,Produce,case of 24,24,20.78,498.72
INV-2025-04,"Spinach, Fresh",PRD-018,Produce & Meat,Produce,4 lb case,6,18.24,109.44
INV-2025-04,"Basil, Fresh",PRD-019,Produce & Meat,Produce,case of 12 bunches,11,25.44,279.84
INV-2025-04,"Ginger, Fresh",PRD-020,Produce & Meat,Produce,10 lb case,17,31.09,528.53
INV-2025-04,"Ground Beef, 80/20",PRD-021,Produce & Meat,Meat,case,6,5.3,31.8
INV-2025-04,"Chicken Breast, Boneless",PRD-022,Produce & Meat,Meat,case,17,4.63,78.71
INV-2025-04,"Chicken Thighs, Boneless",PRD-023,Produce & Meat,Meat,case,2,4.14,8.28
INV-2025-04,Pork Shoulder,PRD-024,Produce & Meat,Meat,case,2,3.61,7.22
INV-2025-04,"Bacon, Sliced",PRD-025,Produce & Meat,Meat,15 lb case,6,70.62,423.72
INV-2025-04,NY Strip Steak,PRD-026,Produce & Meat,Meat,case,25,15.5,387.5
INV-2025-04,Ribeye Steak,PRD-027,Produce & Meat,Meat,case,15,18.18,272.7
INV-2025-04,Ground Pork,PRD-028,Produce & Meat,Meat,case,11,3.71,40.81
INV-2025-04,"Salmon Fillet, Fresh",PRD-029,Produce & Meat,Seafood,case,5,12.37,61.85
INV-2025-04,"Shrimp, Fresh 16/20",PRD-030,Produce & Meat,Seafood,case,15,12.09,181.35
INV-2025-04,"To-Go Containers, 32oz",SUP-001,Supplies,To-Go,case of 150,89,36.16,3218.24
INV-2025-04,"To-Go Cups, 16oz",SUP-002,Supplies,To-Go,case of 1000,24,69.86,1676.64
INV-2025-04,"To-Go Cup Lids, Dome",SUP-003,Supplies,To-Go,case of 1000,73,32.79,2393.67
INV-2025-04,"Paper Bags, Kraft",SUP-004,Supplies,To-Go,case of 500,12,33.29,399.48
INV-2025-04,"Napkins, Dinner",SUP-005,Supplies,Disposable,case of 3000,83,31.21,2590.43
INV-2025-04,"Straws, Wrapped",SUP-006,Supplies,Disposable,box of 500,28,9.35,261.8
INV-2025-04,"Plastic Cutlery, Forks",SUP-007,Supplies,Disposable,box of 1000,10,19.36,193.6
INV-2025-04,"Plastic Cutlery, Spoons",SUP-008,Supplies,Disposable,box of 1000,40,17.43,697.2
INV-2025-04,Toothpicks,SUP-009,Supplies,Disposable,box of 1000,33,4.32,142.56
INV-2025-04,"Dish Soap, Concentrate",SUP-010,Supplies,Cleaning,1 gal jug,20,25.7,514.0
INV-2025-04,"Degreaser, Kitchen",SUP-011,Supplies,Cleaning,1 gal jug,56,19.52,1093.12
INV-2025-04,Sanitizer Solution,SUP-012,Supplies,Cleaning,1 gal jug,77,18.15,1397.55
INV-2025-04,Bleach,SUP-013,Supplies,Cleaning,1 gal jug,74,7.87,582.38
INV-2025-04,Glass Cleaner,SUP-014,Supplies,Cleaning,1 gal jug,59,16.57,977.63
INV-2025-04,"Paper Towels, Roll",SUP-015,Supplies,Paper Goods,case of 12,15,42.23,633.45
INV-2025-04,"Toilet Paper, Roll",SUP-016,Supplies,Paper Goods,case of 48,57,41.25,2351.25
INV-2025-04,Butcher Paper Roll,SUP-017,Supplies,Paper Goods,roll,12,30.07,360.84
INV-2025-04,Parchment Paper Sheets,SUP-018,Supplies,Paper Goods,box of 1000,18,39.38,708.84
INV-2025-04,Plastic Wrap Roll,SUP-019,Supplies,Wrap/Film,roll,94,20.35,1912.9
INV-2025-04,Aluminum Foil Roll,SUP-020,Supplies,Wrap/Film,roll,84,31.65,2658.6
INV-2025-04,"Disposable Gloves, Nitrile",SUP-021,Supplies,Gloves,case of 1000,52,53.6,2787.2
INV-2025-04,"Disposable Gloves, Vinyl",SUP-022,Supplies,Gloves,case of 1000,55,36.44,2004.2
INV-2025-04,Food Storage Containers,SUP-023,Supplies,Storage,case of 100,92,34.92,3212.64
INV-2025-04,Container Lids,SUP-024,Supplies,Storage,case of 100,97,24.66,2392.02
INV-2025-04,"Deli Cups w/ Lids, 8oz",SUP-025,Supplies,Storage,case of 500,99,37.07,3669.93
INV-2025-04,Hand Soap,SUP-026,Supplies,Chemical,1 gal jug,33,17.05,562.65
INV-2025-04,Hand Sanitizer,SUP-027,Supplies,Chemical,1 gal jug,18,20.87,375.66
INV-2025-04,Chafing Fuel Cans,SUP-028,Supplies,Small Wares,case of 24,68,36.76,2499.68
INV-2025-04,Aluminum Steam Table Pans,SUP-029,Supplies,Small Wares,case of 50,35,51.82,1813.7
INV-2025-04,"Menu Paper, Cardstock",SUP-030,Supplies,Menu/Marketing,ream of 500,35,21.39,748.65
INV-2025-05,Coca-Cola Syrup BIB,NAB-001,Non-Alcoholic Beverage,Soda,5 gal bag-in-box,37,66.69,2467.53
INV-2025-05,Diet Coke Syrup BIB,NAB-002,Non-Alcoholic Beverage,Soda,5 gal bag-in-box,39,59.65,2326.35
INV-2025-05,Sprite Syrup BIB,NAB-003,Non-Alcoholic Beverage,Soda,5 gal bag-in-box,7,71.31,499.17
INV-2025-05,Ginger Ale Syrup BIB,NAB-004,Non-Alcoholic Beverage,Soda,5 gal bag-in-box,17,64.52,1096.84
INV-2025-05,Still Water 16.9oz,NAB-005,Non-Alcoholic Beverage,Bottled Water,case of 24,8,7.27,58.16
INV-2025-05,Sparkling Water 12oz,NAB-006,Non-Alcoholic Beverage,Bottled Water,case of 24,26,16.74,435.24
INV-2025-05,Orange Juice Concentrate,NAB-007,Non-Alcoholic Beverage,Juice,gallon,28,11.6,324.8
INV-2025-05,Cranberry Juice Cocktail,NAB-008,Non-Alcoholic Beverage,Juice,gallon,30,9.46,283.8
INV-2025-05,Pineapple Juice,NAB-009,Non-Alcoholic Beverage,Juice,46 oz can,29,4.29,124.41
INV-2025-05,Lemon Juice (bottled),NAB-010,Non-Alcoholic Beverage,Juice,32 oz bottle,16,4.65,74.4
INV-2025-05,Lime Juice (bottled),NAB-011,Non-Alcoholic Beverage,Juice,32 oz bottle,36,4.19,150.84
INV-2025-05,"Espresso Beans, Dark Roast",NAB-012,Non-Alcoholic Beverage,Coffee,5 lb bag,38,41.25,1567.5
INV-2025-05,"Drip Coffee, Medium Roast",NAB-013,Non-Alcoholic Beverage,Coffee,2 lb bag,10,17.37,173.7
INV-2025-05,"Decaf Coffee, Medium Roast",NAB-014,Non-Alcoholic Beverage,Coffee,2 lb bag,10,18.11,181.1
INV-2025-05,Black Tea Bags,NAB-015,Non-Alcoholic Beverage,Tea,box of 100,16,15.42,246.72
INV-2025-05,Green Tea Bags,NAB-016,Non-Alcoholic Beverage,Tea,box of 100,25,14.26,356.5
INV-2025-05,Herbal Chamomile Tea Bags,NAB-017,Non-Alcoholic Beverage,Tea,box of 100,25,17.07,426.75
INV-2025-05,Red Bull 8.4oz,NAB-018,Non-Alcoholic Beverage,Energy/Sports,case of 24,24,36.61,878.64
INV-2025-05,Gatorade Fruit Punch,NAB-019,Non-Alcoholic Beverage,Energy/Sports,case of 24,32,20.65,660.8
INV-2025-05,Whole Milk,NAB-020,Non-Alcoholic Beverage,Milk/Dairy Bev,half gallon,33,2.65,87.45
INV-2025-05,Oat Milk,NAB-021,Non-Alcoholic Beverage,Milk/Dairy Bev,32 oz carton,7,6.08,42.56
INV-2025-05,"Almond Milk, Unsweetened",NAB-022,Non-Alcoholic Beverage,Milk/Dairy Bev,32 oz carton,27,4.35,117.45
INV-2025-05,Root Beer Syrup BIB,NAB-023,Non-Alcoholic Beverage,Soda,5 gal bag-in-box,32,56.17,1797.44
INV-2025-05,Club Soda Canister,NAB-024,Non-Alcoholic Beverage,Soda,5 gal canister,8,15.03,120.24
INV-2025-05,Grapefruit Juice,NAB-025,Non-Alcoholic Beverage,Juice,46 oz can,30,5.57,167.1
INV-2025-05,Tomato Juice,NAB-026,Non-Alcoholic Beverage,Juice,46 oz can,15,4.98,74.7
INV-2025-05,Sparkling Lemon Water 12oz,NAB-027,Non-Alcoholic Beverage,Bottled Water,case of 24,14,17.54,245.56
INV-2025-05,Cold Brew Concentrate,NAB-028,Non-Alcoholic Beverage,Coffee,gallon,33,18.99,626.67
INV-2025-05,Half & Half,NAB-029,Non-Alcoholic Beverage,Milk/Dairy Bev,quart,9,4.57,41.13
INV-2025-05,Powerade Blue,NAB-030,Non-Alcoholic Beverage,Energy/Sports,case of 24,28,17.2,481.6
INV-2025-05,Domestic Draft Lager Keg,ALC-001,Alcoholic Beverage,Beer,1/2 barrel keg,21,105.34,2212.14
INV-2025-05,Craft IPA Keg,ALC-002,Alcoholic Beverage,Beer,1/6 barrel keg,7,115.14,805.98
INV-2025-05,"Mexican Lager, Bottled",ALC-003,Alcoholic Beverage,Beer,case of 24,14,39.15,548.1
INV-2025-05,"Wheat Beer, Bottled",ALC-004,Alcoholic Beverage,Beer,case of 24,27,30.68,828.36
INV-2025-05,Light Lager Draft Keg,ALC-005,Alcoholic Beverage,Beer,1/2 barrel keg,7,95.04,665.28
INV-2025-05,"Cabernet Sauvignon, House Red",ALC-006,Alcoholic Beverage,Wine,case of 12,15,79.69,1195.35
INV-2025-05,"Chardonnay, House White",ALC-007,Alcoholic Beverage,Wine,case of 12,11,79.78,877.58
INV-2025-05,Pinot Noir,ALC-008,Alcoholic Beverage,Wine,case of 12,6,121.03,726.18
INV-2025-05,Sauvignon Blanc,ALC-009,Alcoholic Beverage,Wine,case of 12,8,101.28,810.24
INV-2025-05,Prosecco,ALC-010,Alcoholic Beverage,Wine,case of 12,15,120.54,1808.1
INV-2025-05,Rosé,ALC-011,Alcoholic Beverage,Wine,case of 12,6,85.06,510.36
INV-2025-05,"Vodka, Well",ALC-012,Alcoholic Beverage,Spirits,1.75L bottle,11,25.83,284.13
INV-2025-05,"Vodka, Premium",ALC-013,Alcoholic Beverage,Spirits,1L bottle,9,35.71,321.39
INV-2025-05,"Gin, Well",ALC-014,Alcoholic Beverage,Spirits,1.75L bottle,12,22.05,264.6
INV-2025-05,"Tequila, Blanco Premium",ALC-015,Alcoholic Beverage,Spirits,1L bottle,18,32.93,592.74
INV-2025-05,"Tequila, Reposado Premium",ALC-016,Alcoholic Beverage,Spirits,1L bottle,7,48.12,336.84
INV-2025-05,"Bourbon, Well",ALC-017,Alcoholic Beverage,Spirits,1.75L bottle,17,28.42,483.14
INV-2025-05,"Bourbon, Premium",ALC-018,Alcoholic Beverage,Spirits,750ml bottle,25,43.55,1088.75
INV-2025-05,"Rum, White",ALC-019,Alcoholic Beverage,Spirits,1.75L bottle,5,20.91,104.55
INV-2025-05,"Rum, Spiced",ALC-020,Alcoholic Beverage,Spirits,1L bottle,30,22.3,669.0
INV-2025-05,"Whiskey, Rye",ALC-021,Alcoholic Beverage,Spirits,750ml bottle,24,36.82,883.68
INV-2025-05,"Scotch, Blended",ALC-022,Alcoholic Beverage,Spirits,750ml bottle,5,29.78,148.9
INV-2025-05,Triple Sec,ALC-023,Alcoholic Beverage,Liqueur,1L bottle,12,16.57,198.84
INV-2025-05,Coffee Liqueur,ALC-024,Alcoholic Beverage,Liqueur,750ml bottle,30,24.3,729.0
INV-2025-05,Amaretto,ALC-025,Alcoholic Beverage,Liqueur,750ml bottle,25,22.99,574.75
INV-2025-05,"Stout, Bottled",ALC-026,Alcoholic Beverage,Beer,case of 24,23,41.66,958.18
INV-2025-05,Non-Alcoholic Beer,ALC-027,Alcoholic Beverage,Beer,case of 24,14,35.25,493.5
INV-2025-05,"Champagne, Brut",ALC-028,Alcoholic Beverage,Wine,case of 6,6,126.56,759.36
INV-2025-05,Mezcal,ALC-029,Alcoholic Beverage,Spirits,750ml bottle,28,39.34,1101.52
INV-2025-05,"Vermouth, Dry",ALC-030,Alcoholic Beverage,Liqueur,1L bottle,28,12.42,347.76
INV-2025-05,All-Purpose Flour,DRY-001,Dry Goods & Spices,Flour,50 lb bag,28,22.73,636.44
INV-2025-05,Bread Flour,DRY-002,Dry Goods & Spices,Flour,50 lb bag,28,24.44,684.32
INV-2025-05,Cornmeal,DRY-003,Dry Goods & Spices,Flour,25 lb bag,40,15.91,636.4
INV-2025-05,"White Rice, Long Grain",DRY-004,Dry Goods & Spices,Grain,50 lb bag,10,33.01,330.1
INV-2025-05,Jasmine Rice,DRY-005,Dry Goods & Spices,Grain,50 lb bag,30,36.65,1099.5
INV-2025-05,Quinoa,DRY-006,Dry Goods & Spices,Grain,10 lb bag,35,29.64,1037.4
INV-2025-05,"Spaghetti, Dry",DRY-007,Dry Goods & Spices,Pasta,20 lb case,31,21.91,679.21
INV-2025-05,"Penne, Dry",DRY-008,Dry Goods & Spices,Pasta,20 lb case,9,17.33,155.97
INV-2025-05,"Black Beans, Dry",DRY-009,Dry Goods & Spices,Legume,25 lb bag,25,22.99,574.75
INV-2025-05,"Pinto Beans, Dry",DRY-010,Dry Goods & Spices,Legume,25 lb bag,33,21.87,721.71
INV-2025-05,Granulated Sugar,DRY-011,Dry Goods & Spices,Sugar,50 lb bag,38,24.5,931.0
INV-2025-05,Brown Sugar,DRY-012,Dry Goods & Spices,Sugar,25 lb bag,40,17.89,715.6
INV-2025-05,Powdered Sugar,DRY-013,Dry Goods & Spices,Sugar,25 lb bag,16,21.74,347.84
INV-2025-05,Kosher Salt,DRY-014,Dry Goods & Spices,Spice,25 lb bag,13,10.19,132.47
INV-2025-05,"Black Pepper, Ground",DRY-015,Dry Goods & Spices,Spice,1 lb bag,8,14.54,116.32
INV-2025-05,"Paprika, Smoked",DRY-016,Dry Goods & Spices,Spice,1 lb bag,38,9.44,358.72
INV-2025-05,"Cumin, Ground",DRY-017,Dry Goods & Spices,Spice,1 lb bag,15,12.48,187.2
INV-2025-05,Chili Powder,DRY-018,Dry Goods & Spices,Spice,1 lb bag,50,8.86,443.0
INV-2025-05,Garlic Powder,DRY-019,Dry Goods & Spices,Spice,1 lb bag,38,8.96,340.48
INV-2025-05,Onion Powder,DRY-020,Dry Goods & Spices,Spice,1 lb bag,10,8.94,89.4
INV-2025-05,Cayenne Pepper,DRY-021,Dry Goods & Spices,Spice,1 lb bag,45,10.17,457.65
INV-2025-05,"Oregano, Dried",DRY-022,Dry Goods & Spices,Spice,1 lb bag,22,12.46,274.12
INV-2025-05,"Cinnamon, Ground",DRY-023,Dry Goods & Spices,Spice,1 lb bag,24,9.47,227.28
INV-2025-05,Baking Powder,DRY-024,Dry Goods & Spices,Baking,10 lb can,10,19.27,192.7
INV-2025-05,Baking Soda,DRY-025,Dry Goods & Spices,Baking,12 lb box,15,10.56,158.4
INV-2025-05,Cocoa Powder,DRY-026,Dry Goods & Spices,Baking,5 lb bag,42,20.06,842.52
INV-2025-05,Panko Bread Crumbs,DRY-027,Dry Goods & Spices,Breading,25 lb case,47,34.46,1619.62
INV-2025-05,Seasoned Bread Crumbs,DRY-028,Dry Goods & Spices,Breading,25 lb case,43,29.41,1264.63
INV-2025-05,Sesame Seeds,DRY-029,Dry Goods & Spices,Nuts/Seeds,5 lb bag,41,19.02,779.82
INV-2025-05,Sliced Almonds,DRY-030,Dry Goods & Spices,Nuts/Seeds,5 lb bag,6,27.74,166.44
INV-2025-05,Frozen Peas,FRZ-001,Frozen/Refrigerated Goods,Frozen Vegetable,20 lb case,21,25.66,538.86
INV-2025-05,Frozen Corn,FRZ-002,Frozen/Refrigerated Goods,Frozen Vegetable,20 lb case,31,24.99,774.69
INV-2025-05,Frozen Broccoli Florets,FRZ-003,Frozen/Refrigerated Goods,Frozen Vegetable,20 lb case,6,29.66,177.96
INV-2025-05,"Frozen Spinach, Chopped",FRZ-004,Frozen/Refrigerated Goods,Frozen Vegetable,20 lb case,39,25.41,990.99
INV-2025-05,"French Fries, Straight Cut",FRZ-005,Frozen/Refrigerated Goods,Frozen Potato,30 lb case,24,33.38,801.12
INV-2025-05,Tater Tots,FRZ-006,Frozen/Refrigerated Goods,Frozen Potato,30 lb case,30,29.96,898.8
INV-2025-05,"Hash Browns, Shredded",FRZ-007,Frozen/Refrigerated Goods,Frozen Potato,20 lb case,9,28.46,256.14
INV-2025-05,"Dinner Rolls, Par-Baked",FRZ-008,Frozen/Refrigerated Goods,Frozen Bread,case of 200,15,38.91,583.65
INV-2025-05,Pizza Dough Balls,FRZ-009,Frozen/Refrigerated Goods,Frozen Bread,case of 40,35,39.36,1377.6
INV-2025-05,Vanilla Ice Cream,FRZ-010,Frozen/Refrigerated Goods,Frozen Dessert,3 gal tub,26,26.57,690.82
INV-2025-05,Chocolate Ice Cream,FRZ-011,Frozen/Refrigerated Goods,Frozen Dessert,3 gal tub,25,30.07,751.75
INV-2025-05,"Cheesecake, Uncut",FRZ-012,Frozen/Refrigerated Goods,Frozen Dessert,10 inch,25,20.43,510.75
INV-2025-05,Frozen Mixed Berries,FRZ-013,Frozen/Refrigerated Goods,Frozen Fruit,10 lb bag,27,36.95,997.65
INV-2025-05,Frozen Mango Chunks,FRZ-014,Frozen/Refrigerated Goods,Frozen Fruit,10 lb bag,13,27.09,352.17
INV-2025-05,Shredded Mozzarella,FRZ-015,Frozen/Refrigerated Goods,Dairy,5 lb bag,37,18.92,700.04
INV-2025-05,Shredded Cheddar,FRZ-016,Frozen/Refrigerated Goods,Dairy,5 lb bag,25,17.59,439.75
INV-2025-05,"Parmesan, Grated",FRZ-017,Frozen/Refrigerated Goods,Dairy,5 lb bag,12,33.09,397.08
INV-2025-05,Cream Cheese,FRZ-018,Frozen/Refrigerated Goods,Dairy,3 lb block,20,11.51,230.2
INV-2025-05,"Butter, Unsalted",FRZ-019,Frozen/Refrigerated Goods,Dairy,36 lb case,8,106.68,853.44
INV-2025-05,Heavy Cream,FRZ-020,Frozen/Refrigerated Goods,Dairy,quart,29,5.39,156.31
INV-2025-05,Sour Cream,FRZ-021,Frozen/Refrigerated Goods,Dairy,5 lb tub,31,14.7,455.7
INV-2025-05,"Eggs, Large",FRZ-022,Frozen/Refrigerated Goods,Dairy,case of 15 dz,15,56.89,853.35
INV-2025-05,"Frozen Shrimp, 21/25",FRZ-023,Frozen/Refrigerated Goods,Frozen Protein,5 lb bag,25,60.14,1503.5
INV-2025-05,Frozen Chicken Wings,FRZ-024,Frozen/Refrigerated Goods,Frozen Protein,40 lb case,15,104.98,1574.7
INV-2025-05,Frozen Salmon Fillets,FRZ-025,Frozen/Refrigerated Goods,Frozen Protein,10 lb box,37,96.58,3573.46
INV-2025-05,Mozzarella Sticks,FRZ-026,Frozen/Refrigerated Goods,Frozen Appetizer,case of 240,24,57.61,1382.64
INV-2025-05,"Spring Rolls, Vegetable",FRZ-027,Frozen/Refrigerated Goods,Frozen Appetizer,case of 100,10,66.06,660.6
INV-2025-05,"Yogurt, Plain",FRZ-028,Frozen/Refrigerated Goods,Dairy,5 lb tub,37,14.05,519.85
INV-2025-05,Frozen Diced Onions,FRZ-029,Frozen/Refrigerated Goods,Frozen Vegetable,20 lb case,20,25.22,504.4
INV-2025-05,"Pie Crust, Frozen 9in",FRZ-030,Frozen/Refrigerated Goods,Frozen Dessert,case of 24,27,30.31,818.37
INV-2025-05,Canola Oil,LIQ-001,Liquids/Pastes/Sauces,Oil,35 lb jug,12,42.56,510.72
INV-2025-05,"Olive Oil, Extra Virgin",LIQ-002,Liquids/Pastes/Sauces,Oil,3 L tin,29,26.87,779.23
INV-2025-05,Vegetable Oil,LIQ-003,Liquids/Pastes/Sauces,Oil,35 lb jug,18,37.71,678.78
INV-2025-05,Sesame Oil,LIQ-004,Liquids/Pastes/Sauces,Oil,1 gal jug,3,29.8,89.4
INV-2025-05,White Vinegar,LIQ-005,Liquids/Pastes/Sauces,Vinegar,1 gal jug,16,6.88,110.08
INV-2025-05,Balsamic Vinegar,LIQ-006,Liquids/Pastes/Sauces,Vinegar,1 gal jug,11,26.44,290.84
INV-2025-05,Rice Wine Vinegar,LIQ-007,Liquids/Pastes/Sauces,Vinegar,1 gal jug,27,19.58,528.66
INV-2025-05,Soy Sauce,LIQ-008,Liquids/Pastes/Sauces,Sauce,1 gal jug,4,12.49,49.96
INV-2025-05,Hot Sauce,LIQ-009,Liquids/Pastes/Sauces,Sauce,1 gal jug,21,23.93,502.53
INV-2025-05,Worcestershire Sauce,LIQ-010,Liquids/Pastes/Sauces,Sauce,1 gal jug,14,17.73,248.22
INV-2025-05,BBQ Sauce,LIQ-011,Liquids/Pastes/Sauces,Sauce,1 gal jug,5,16.32,81.6
INV-2025-05,Buffalo Wing Sauce,LIQ-012,Liquids/Pastes/Sauces,Sauce,1 gal jug,17,22.31,379.27
INV-2025-05,Teriyaki Sauce,LIQ-013,Liquids/Pastes/Sauces,Sauce,1 gal jug,11,19.2,211.2
INV-2025-05,Ranch Dressing,LIQ-014,Liquids/Pastes/Sauces,Sauce,1 gal jug,22,20.7,455.4
INV-2025-05,Caesar Dressing,LIQ-015,Liquids/Pastes/Sauces,Sauce,1 gal jug,6,18.04,108.24
INV-2025-05,"Vinaigrette, Balsamic",LIQ-016,Liquids/Pastes/Sauces,Sauce,1 gal jug,6,21.15,126.9
INV-2025-05,Tomato Paste,LIQ-017,Liquids/Pastes/Sauces,Paste,#10 can,28,13.19,369.32
INV-2025-05,Garlic Paste,LIQ-018,Liquids/Pastes/Sauces,Paste,4 lb tub,20,16.97,339.4
INV-2025-05,Ginger Paste,LIQ-019,Liquids/Pastes/Sauces,Paste,4 lb tub,27,17.15,463.05
INV-2025-05,"Curry Paste, Red",LIQ-020,Liquids/Pastes/Sauces,Paste,14 oz can,22,6.27,137.94
INV-2025-05,Crushed Tomatoes,LIQ-021,Liquids/Pastes/Sauces,Canned Tomato,#10 can,19,9.83,186.77
INV-2025-05,Diced Tomatoes,LIQ-022,Liquids/Pastes/Sauces,Canned Tomato,#10 can,4,8.12,32.48
INV-2025-05,Tomato Puree,LIQ-023,Liquids/Pastes/Sauces,Canned Tomato,#10 can,13,8.55,111.15
INV-2025-05,"Chicken Stock, Liquid",LIQ-024,Liquids/Pastes/Sauces,Stock/Broth,1 gal jug,19,15.53,295.07
INV-2025-05,"Beef Stock, Liquid",LIQ-025,Liquids/Pastes/Sauces,Stock/Broth,1 gal jug,22,17.7,389.4
INV-2025-05,"Vegetable Stock, Liquid",LIQ-026,Liquids/Pastes/Sauces,Stock/Broth,1 gal jug,7,16.3,114.1
INV-2025-05,Marinara Sauce,LIQ-027,Liquids/Pastes/Sauces,Sauce,#10 can,22,12.9,283.8
INV-2025-05,Alfredo Sauce,LIQ-028,Liquids/Pastes/Sauces,Sauce,4 lb tub,15,19.2,288.0
INV-2025-05,Sriracha,LIQ-029,Liquids/Pastes/Sauces,Sauce,1 gal jug,26,24.66,641.16
INV-2025-05,Honey,LIQ-030,Liquids/Pastes/Sauces,Honey/Syrup,5 lb jug,21,18.68,392.28
INV-2025-05,Romaine Lettuce,PRD-001,Produce & Meat,Produce,case of 24 heads,18,34.29,617.22
INV-2025-05,Iceberg Lettuce,PRD-002,Produce & Meat,Produce,case of 24 heads,24,27.6,662.4
INV-2025-05,"Tomatoes, Roma",PRD-003,Produce & Meat,Produce,25 lb case,17,38.47,653.99
INV-2025-05,"Onions, Yellow",PRD-004,Produce & Meat,Produce,50 lb bag,13,23.78,309.14
INV-2025-05,"Garlic, Fresh",PRD-005,Produce & Meat,Produce,10 lb case,5,39.77,198.85
INV-2025-05,"Bell Peppers, Green",PRD-006,Produce & Meat,Produce,25 lb case,20,38.13,762.6
INV-2025-05,"Bell Peppers, Red",PRD-007,Produce & Meat,Produce,25 lb case,25,44.73,1118.25
INV-2025-05,Avocados,PRD-008,Produce & Meat,Produce,case of 48,22,61.32,1349.04
INV-2025-05,Limes,PRD-009,Produce & Meat,Produce,case of 200,17,38.13,648.21
INV-2025-05,Lemons,PRD-010,Produce & Meat,Produce,case of 165,22,40.92,900.24
INV-2025-05,"Potatoes, Russet",PRD-011,Produce & Meat,Produce,50 lb bag,20,32.55,651.0
INV-2025-05,Carrots,PRD-012,Produce & Meat,Produce,25 lb bag,25,22.87,571.75
INV-2025-05,Celery,PRD-013,Produce & Meat,Produce,case of 30,17,28.37,482.29
INV-2025-05,"Mushrooms, White Button",PRD-014,Produce & Meat,Produce,10 lb case,22,34.71,763.62
INV-2025-05,Cilantro,PRD-015,Produce & Meat,Produce,case of 30 bunches,14,22.77,318.78
INV-2025-05,Jalapeños,PRD-016,Produce & Meat,Produce,10 lb case,23,17.17,394.91
INV-2025-05,Cucumbers,PRD-017,Produce & Meat,Produce,case of 24,20,21.75,435.0
INV-2025-05,"Spinach, Fresh",PRD-018,Produce & Meat,Produce,4 lb case,5,18.4,92.0
INV-2025-05,"Basil, Fresh",PRD-019,Produce & Meat,Produce,case of 12 bunches,16,23.14,370.24
INV-2025-05,"Ginger, Fresh",PRD-020,Produce & Meat,Produce,10 lb case,6,29.72,178.32
INV-2025-05,"Ground Beef, 80/20",PRD-021,Produce & Meat,Meat,case,8,5.02,40.16
INV-2025-05,"Chicken Breast, Boneless",PRD-022,Produce & Meat,Meat,case,21,4.98,104.58
INV-2025-05,"Chicken Thighs, Boneless",PRD-023,Produce & Meat,Meat,case,25,4.03,100.75
INV-2025-05,Pork Shoulder,PRD-024,Produce & Meat,Meat,case,24,3.54,84.96
INV-2025-05,"Bacon, Sliced",PRD-025,Produce & Meat,Meat,15 lb case,8,70.75,566.0
INV-2025-05,NY Strip Steak,PRD-026,Produce & Meat,Meat,case,23,15.18,349.14
INV-2025-05,Ribeye Steak,PRD-027,Produce & Meat,Meat,case,14,18.81,263.34
INV-2025-05,Ground Pork,PRD-028,Produce & Meat,Meat,case,7,3.85,26.95
INV-2025-05,"Salmon Fillet, Fresh",PRD-029,Produce & Meat,Seafood,case,19,13.0,247.0
INV-2025-05,"Shrimp, Fresh 16/20",PRD-030,Produce & Meat,Seafood,case,13,12.16,158.08
INV-2025-05,"To-Go Containers, 32oz",SUP-001,Supplies,To-Go,case of 150,97,37.24,3612.28
INV-2025-05,"To-Go Cups, 16oz",SUP-002,Supplies,To-Go,case of 1000,98,63.79,6251.42
INV-2025-05,"To-Go Cup Lids, Dome",SUP-003,Supplies,To-Go,case of 1000,71,30.7,2179.7
INV-2025-05,"Paper Bags, Kraft",SUP-004,Supplies,To-Go,case of 500,41,31.45,1289.45
INV-2025-05,"Napkins, Dinner",SUP-005,Supplies,Disposable,case of 3000,48,31.12,1493.76
INV-2025-05,"Straws, Wrapped",SUP-006,Supplies,Disposable,box of 500,48,10.09,484.32
INV-2025-05,"Plastic Cutlery, Forks",SUP-007,Supplies,Disposable,box of 1000,100,18.12,1812.0
INV-2025-05,"Plastic Cutlery, Spoons",SUP-008,Supplies,Disposable,box of 1000,100,17.21,1721.0
INV-2025-05,Toothpicks,SUP-009,Supplies,Disposable,box of 1000,71,4.11,291.81
INV-2025-05,"Dish Soap, Concentrate",SUP-010,Supplies,Cleaning,1 gal jug,45,24.73,1112.85
INV-2025-05,"Degreaser, Kitchen",SUP-011,Supplies,Cleaning,1 gal jug,83,21.56,1789.48
INV-2025-05,Sanitizer Solution,SUP-012,Supplies,Cleaning,1 gal jug,58,19.16,1111.28
INV-2025-05,Bleach,SUP-013,Supplies,Cleaning,1 gal jug,60,8.2,492.0
INV-2025-05,Glass Cleaner,SUP-014,Supplies,Cleaning,1 gal jug,28,15.12,423.36
INV-2025-05,"Paper Towels, Roll",SUP-015,Supplies,Paper Goods,case of 12,46,44.34,2039.64
INV-2025-05,"Toilet Paper, Roll",SUP-016,Supplies,Paper Goods,case of 48,20,41.88,837.6
INV-2025-05,Butcher Paper Roll,SUP-017,Supplies,Paper Goods,roll,66,31.54,2081.64
INV-2025-05,Parchment Paper Sheets,SUP-018,Supplies,Paper Goods,box of 1000,71,38.53,2735.63
INV-2025-05,Plastic Wrap Roll,SUP-019,Supplies,Wrap/Film,roll,78,19.21,1498.38
INV-2025-05,Aluminum Foil Roll,SUP-020,Supplies,Wrap/Film,roll,81,31.46,2548.26
INV-2025-05,"Disposable Gloves, Nitrile",SUP-021,Supplies,Gloves,case of 1000,27,53.38,1441.26
INV-2025-05,"Disposable Gloves, Vinyl",SUP-022,Supplies,Gloves,case of 1000,85,34.66,2946.1
INV-2025-05,Food Storage Containers,SUP-023,Supplies,Storage,case of 100,16,37.83,605.28
INV-2025-05,Container Lids,SUP-024,Supplies,Storage,case of 100,77,23.71,1825.67
INV-2025-05,"Deli Cups w/ Lids, 8oz",SUP-025,Supplies,Storage,case of 500,39,34.54,1347.06
INV-2025-05,Hand Soap,SUP-026,Supplies,Chemical,1 gal jug,62,15.8,979.6
INV-2025-05,Hand Sanitizer,SUP-027,Supplies,Chemical,1 gal jug,70,18.88,1321.6
INV-2025-05,Chafing Fuel Cans,SUP-028,Supplies,Small Wares,case of 24,27,36.56,987.12
INV-2025-05,Aluminum Steam Table Pans,SUP-029,Supplies,Small Wares,case of 50,80,60.17,4813.6
INV-2025-05,"Menu Paper, Cardstock",SUP-030,Supplies,Menu/Marketing,ream of 500,30,19.85,595.5
INV-2025-06,Coca-Cola Syrup BIB,NAB-001,Non-Alcoholic Beverage,Soda,5 gal bag-in-box,17,70.57,1199.69
INV-2025-06,Diet Coke Syrup BIB,NAB-002,Non-Alcoholic Beverage,Soda,5 gal bag-in-box,23,58.19,1338.37
INV-2025-06,Sprite Syrup BIB,NAB-003,Non-Alcoholic Beverage,Soda,5 gal bag-in-box,8,73.0,584.0
INV-2025-06,Ginger Ale Syrup BIB,NAB-004,Non-Alcoholic Beverage,Soda,5 gal bag-in-box,10,68.44,684.4
INV-2025-06,Still Water 16.9oz,NAB-005,Non-Alcoholic Beverage,Bottled Water,case of 24,19,6.91,131.29
INV-2025-06,Sparkling Water 12oz,NAB-006,Non-Alcoholic Beverage,Bottled Water,case of 24,7,18.52,129.64
INV-2025-06,Orange Juice Concentrate,NAB-007,Non-Alcoholic Beverage,Juice,gallon,16,11.57,185.12
INV-2025-06,Cranberry Juice Cocktail,NAB-008,Non-Alcoholic Beverage,Juice,gallon,16,9.74,155.84
INV-2025-06,Pineapple Juice,NAB-009,Non-Alcoholic Beverage,Juice,46 oz can,7,4.75,33.25
INV-2025-06,Lemon Juice (bottled),NAB-010,Non-Alcoholic Beverage,Juice,32 oz bottle,30,4.86,145.8
INV-2025-06,Lime Juice (bottled),NAB-011,Non-Alcoholic Beverage,Juice,32 oz bottle,16,4.58,73.28
INV-2025-06,"Espresso Beans, Dark Roast",NAB-012,Non-Alcoholic Beverage,Coffee,5 lb bag,23,45.43,1044.89
INV-2025-06,"Drip Coffee, Medium Roast",NAB-013,Non-Alcoholic Beverage,Coffee,2 lb bag,5,16.22,81.1
INV-2025-06,"Decaf Coffee, Medium Roast",NAB-014,Non-Alcoholic Beverage,Coffee,2 lb bag,11,19.57,215.27
INV-2025-06,Black Tea Bags,NAB-015,Non-Alcoholic Beverage,Tea,box of 100,26,14.78,384.28
INV-2025-06,Green Tea Bags,NAB-016,Non-Alcoholic Beverage,Tea,box of 100,39,15.29,596.31
INV-2025-06,Herbal Chamomile Tea Bags,NAB-017,Non-Alcoholic Beverage,Tea,box of 100,13,17.57,228.41
INV-2025-06,Red Bull 8.4oz,NAB-018,Non-Alcoholic Beverage,Energy/Sports,case of 24,34,35.59,1210.06
INV-2025-06,Gatorade Fruit Punch,NAB-019,Non-Alcoholic Beverage,Energy/Sports,case of 24,12,21.22,254.64
INV-2025-06,Whole Milk,NAB-020,Non-Alcoholic Beverage,Milk/Dairy Bev,half gallon,34,2.77,94.18
INV-2025-06,Oat Milk,NAB-021,Non-Alcoholic Beverage,Milk/Dairy Bev,32 oz carton,16,5.41,86.56
INV-2025-06,"Almond Milk, Unsweetened",NAB-022,Non-Alcoholic Beverage,Milk/Dairy Bev,32 oz carton,26,4.47,116.22
INV-2025-06,Root Beer Syrup BIB,NAB-023,Non-Alcoholic Beverage,Soda,5 gal bag-in-box,17,55.24,939.08
INV-2025-06,Club Soda Canister,NAB-024,Non-Alcoholic Beverage,Soda,5 gal canister,30,16.97,509.1
INV-2025-06,Grapefruit Juice,NAB-025,Non-Alcoholic Beverage,Juice,46 oz can,37,5.53,204.61
INV-2025-06,Tomato Juice,NAB-026,Non-Alcoholic Beverage,Juice,46 oz can,30,4.77,143.1
INV-2025-06,Sparkling Lemon Water 12oz,NAB-027,Non-Alcoholic Beverage,Bottled Water,case of 24,16,17.89,286.24
INV-2025-06,Cold Brew Concentrate,NAB-028,Non-Alcoholic Beverage,Coffee,gallon,35,19.94,697.9
INV-2025-06,Half & Half,NAB-029,Non-Alcoholic Beverage,Milk/Dairy Bev,quart,20,4.39,87.8
INV-2025-06,Powerade Blue,NAB-030,Non-Alcoholic Beverage,Energy/Sports,case of 24,29,16.85,488.65
INV-2025-06,Domestic Draft Lager Keg,ALC-001,Alcoholic Beverage,Beer,1/2 barrel keg,27,109.62,2959.74
INV-2025-06,Craft IPA Keg,ALC-002,Alcoholic Beverage,Beer,1/6 barrel keg,13,108.38,1408.94
INV-2025-06,"Mexican Lager, Bottled",ALC-003,Alcoholic Beverage,Beer,case of 24,26,40.44,1051.44
INV-2025-06,"Wheat Beer, Bottled",ALC-004,Alcoholic Beverage,Beer,case of 24,11,33.72,370.92
INV-2025-06,Light Lager Draft Keg,ALC-005,Alcoholic Beverage,Beer,1/2 barrel keg,25,90.6,2265.0
INV-2025-06,"Cabernet Sauvignon, House Red",ALC-006,Alcoholic Beverage,Wine,case of 12,24,77.11,1850.64
INV-2025-06,"Chardonnay, House White",ALC-007,Alcoholic Beverage,Wine,case of 12,12,78.59,943.08
INV-2025-06,Pinot Noir,ALC-008,Alcoholic Beverage,Wine,case of 12,24,131.01,3144.24
INV-2025-06,Sauvignon Blanc,ALC-009,Alcoholic Beverage,Wine,case of 12,25,105.67,2641.75
INV-2025-06,Prosecco,ALC-010,Alcoholic Beverage,Wine,case of 12,25,106.14,2653.5
INV-2025-06,Rosé,ALC-011,Alcoholic Beverage,Wine,case of 12,12,86.56,1038.72
INV-2025-06,"Vodka, Well",ALC-012,Alcoholic Beverage,Spirits,1.75L bottle,10,23.89,238.9
INV-2025-06,"Vodka, Premium",ALC-013,Alcoholic Beverage,Spirits,1L bottle,7,32.96,230.72
INV-2025-06,"Gin, Well",ALC-014,Alcoholic Beverage,Spirits,1.75L bottle,17,22.24,378.08
INV-2025-06,"Tequila, Blanco Premium",ALC-015,Alcoholic Beverage,Spirits,1L bottle,22,33.89,745.58
INV-2025-06,"Tequila, Reposado Premium",ALC-016,Alcoholic Beverage,Spirits,1L bottle,25,45.91,1147.75
INV-2025-06,"Bourbon, Well",ALC-017,Alcoholic Beverage,Spirits,1.75L bottle,18,31.22,561.96
INV-2025-06,"Bourbon, Premium",ALC-018,Alcoholic Beverage,Spirits,750ml bottle,28,45.09,1262.52
INV-2025-06,"Rum, White",ALC-019,Alcoholic Beverage,Spirits,1.75L bottle,9,20.75,186.75
INV-2025-06,"Rum, Spiced",ALC-020,Alcoholic Beverage,Spirits,1L bottle,24,21.53,516.72
INV-2025-06,"Whiskey, Rye",ALC-021,Alcoholic Beverage,Spirits,750ml bottle,30,39.48,1184.4
INV-2025-06,"Scotch, Blended",ALC-022,Alcoholic Beverage,Spirits,750ml bottle,19,29.29,556.51
INV-2025-06,Triple Sec,ALC-023,Alcoholic Beverage,Liqueur,1L bottle,25,15.25,381.25
INV-2025-06,Coffee Liqueur,ALC-024,Alcoholic Beverage,Liqueur,750ml bottle,21,24.11,506.31
INV-2025-06,Amaretto,ALC-025,Alcoholic Beverage,Liqueur,750ml bottle,29,21.68,628.72
INV-2025-06,"Stout, Bottled",ALC-026,Alcoholic Beverage,Beer,case of 24,19,41.86,795.34
INV-2025-06,Non-Alcoholic Beer,ALC-027,Alcoholic Beverage,Beer,case of 24,20,33.23,664.6
INV-2025-06,"Champagne, Brut",ALC-028,Alcoholic Beverage,Wine,case of 6,13,124.1,1613.3
INV-2025-06,Mezcal,ALC-029,Alcoholic Beverage,Spirits,750ml bottle,17,39.19,666.23
INV-2025-06,"Vermouth, Dry",ALC-030,Alcoholic Beverage,Liqueur,1L bottle,9,12.86,115.74
INV-2025-06,All-Purpose Flour,DRY-001,Dry Goods & Spices,Flour,50 lb bag,36,21.06,758.16
INV-2025-06,Bread Flour,DRY-002,Dry Goods & Spices,Flour,50 lb bag,37,24.36,901.32
INV-2025-06,Cornmeal,DRY-003,Dry Goods & Spices,Flour,25 lb bag,8,16.78,134.24
INV-2025-06,"White Rice, Long Grain",DRY-004,Dry Goods & Spices,Grain,50 lb bag,37,35.0,1295.0
INV-2025-06,Jasmine Rice,DRY-005,Dry Goods & Spices,Grain,50 lb bag,41,31.54,1293.14
INV-2025-06,Quinoa,DRY-006,Dry Goods & Spices,Grain,10 lb bag,34,30.34,1031.56
INV-2025-06,"Spaghetti, Dry",DRY-007,Dry Goods & Spices,Pasta,20 lb case,24,21.57,517.68
INV-2025-06,"Penne, Dry",DRY-008,Dry Goods & Spices,Pasta,20 lb case,30,17.71,531.3
INV-2025-06,"Black Beans, Dry",DRY-009,Dry Goods & Spices,Legume,25 lb bag,5,23.36,116.8
INV-2025-06,"Pinto Beans, Dry",DRY-010,Dry Goods & Spices,Legume,25 lb bag,42,20.49,860.58
INV-2025-06,Granulated Sugar,DRY-011,Dry Goods & Spices,Sugar,50 lb bag,32,24.5,784.0
INV-2025-06,Brown Sugar,DRY-012,Dry Goods & Spices,Sugar,25 lb bag,9,17.62,158.58
INV-2025-06,Powdered Sugar,DRY-013,Dry Goods & Spices,Sugar,25 lb bag,8,22.3,178.4
INV-2025-06,Kosher Salt,DRY-014,Dry Goods & Spices,Spice,25 lb bag,9,11.1,99.9
INV-2025-06,"Black Pepper, Ground",DRY-015,Dry Goods & Spices,Spice,1 lb bag,35,12.78,447.3
INV-2025-06,"Paprika, Smoked",DRY-016,Dry Goods & Spices,Spice,1 lb bag,31,9.49,294.19
INV-2025-06,"Cumin, Ground",DRY-017,Dry Goods & Spices,Spice,1 lb bag,13,13.75,178.75
INV-2025-06,Chili Powder,DRY-018,Dry Goods & Spices,Spice,1 lb bag,46,9.96,458.16
INV-2025-06,Garlic Powder,DRY-019,Dry Goods & Spices,Spice,1 lb bag,28,9.09,254.52
INV-2025-06,Onion Powder,DRY-020,Dry Goods & Spices,Spice,1 lb bag,29,9.23,267.67
INV-2025-06,Cayenne Pepper,DRY-021,Dry Goods & Spices,Spice,1 lb bag,29,9.29,269.41
INV-2025-06,"Oregano, Dried",DRY-022,Dry Goods & Spices,Spice,1 lb bag,48,14.23,683.04
INV-2025-06,"Cinnamon, Ground",DRY-023,Dry Goods & Spices,Spice,1 lb bag,39,8.75,341.25
INV-2025-06,Baking Powder,DRY-024,Dry Goods & Spices,Baking,10 lb can,27,18.08,488.16
INV-2025-06,Baking Soda,DRY-025,Dry Goods & Spices,Baking,12 lb box,39,10.23,398.97
INV-2025-06,Cocoa Powder,DRY-026,Dry Goods & Spices,Baking,5 lb bag,13,22.0,286.0
INV-2025-06,Panko Bread Crumbs,DRY-027,Dry Goods & Spices,Breading,25 lb case,19,35.6,676.4
INV-2025-06,Seasoned Bread Crumbs,DRY-028,Dry Goods & Spices,Breading,25 lb case,6,32.5,195.0
INV-2025-06,Sesame Seeds,DRY-029,Dry Goods & Spices,Nuts/Seeds,5 lb bag,34,21.1,717.4
INV-2025-06,Sliced Almonds,DRY-030,Dry Goods & Spices,Nuts/Seeds,5 lb bag,39,29.37,1145.43
INV-2025-06,Frozen Peas,FRZ-001,Frozen/Refrigerated Goods,Frozen Vegetable,20 lb case,29,26.35,764.15
INV-2025-06,Frozen Corn,FRZ-002,Frozen/Refrigerated Goods,Frozen Vegetable,20 lb case,20,24.38,487.6
INV-2025-06,Frozen Broccoli Florets,FRZ-003,Frozen/Refrigerated Goods,Frozen Vegetable,20 lb case,14,28.6,400.4
INV-2025-06,"Frozen Spinach, Chopped",FRZ-004,Frozen/Refrigerated Goods,Frozen Vegetable,20 lb case,12,24.33,291.96
INV-2025-06,"French Fries, Straight Cut",FRZ-005,Frozen/Refrigerated Goods,Frozen Potato,30 lb case,31,34.09,1056.79
INV-2025-06,Tater Tots,FRZ-006,Frozen/Refrigerated Goods,Frozen Potato,30 lb case,6,29.68,178.08
INV-2025-06,"Hash Browns, Shredded",FRZ-007,Frozen/Refrigerated Goods,Frozen Potato,20 lb case,9,25.87,232.83
INV-2025-06,"Dinner Rolls, Par-Baked",FRZ-008,Frozen/Refrigerated Goods,Frozen Bread,case of 200,7,38.95,272.65
INV-2025-06,Pizza Dough Balls,FRZ-009,Frozen/Refrigerated Goods,Frozen Bread,case of 40,8,37.97,303.76
INV-2025-06,Vanilla Ice Cream,FRZ-010,Frozen/Refrigerated Goods,Frozen Dessert,3 gal tub,7,25.71,179.97
INV-2025-06,Chocolate Ice Cream,FRZ-011,Frozen/Refrigerated Goods,Frozen Dessert,3 gal tub,19,28.61,543.59
INV-2025-06,"Cheesecake, Uncut",FRZ-012,Frozen/Refrigerated Goods,Frozen Dessert,10 inch,8,18.56,148.48
INV-2025-06,Frozen Mixed Berries,FRZ-013,Frozen/Refrigerated Goods,Frozen Fruit,10 lb bag,23,32.88,756.24
INV-2025-06,Frozen Mango Chunks,FRZ-014,Frozen/Refrigerated Goods,Frozen Fruit,10 lb bag,25,26.33,658.25
INV-2025-06,Shredded Mozzarella,FRZ-015,Frozen/Refrigerated Goods,Dairy,5 lb bag,25,17.95,448.75
INV-2025-06,Shredded Cheddar,FRZ-016,Frozen/Refrigerated Goods,Dairy,5 lb bag,14,19.78,276.92
INV-2025-06,"Parmesan, Grated",FRZ-017,Frozen/Refrigerated Goods,Dairy,5 lb bag,38,32.84,1247.92
INV-2025-06,Cream Cheese,FRZ-018,Frozen/Refrigerated Goods,Dairy,3 lb block,24,11.77,282.48
INV-2025-06,"Butter, Unsalted",FRZ-019,Frozen/Refrigerated Goods,Dairy,36 lb case,40,118.31,4732.4
INV-2025-06,Heavy Cream,FRZ-020,Frozen/Refrigerated Goods,Dairy,quart,16,5.19,83.04
INV-2025-06,Sour Cream,FRZ-021,Frozen/Refrigerated Goods,Dairy,5 lb tub,32,15.46,494.72
INV-2025-06,"Eggs, Large",FRZ-022,Frozen/Refrigerated Goods,Dairy,case of 15 dz,8,58.26,466.08
INV-2025-06,"Frozen Shrimp, 21/25",FRZ-023,Frozen/Refrigerated Goods,Frozen Protein,5 lb bag,29,66.17,1918.93
INV-2025-06,Frozen Chicken Wings,FRZ-024,Frozen/Refrigerated Goods,Frozen Protein,40 lb case,25,108.31,2707.75
INV-2025-06,Frozen Salmon Fillets,FRZ-025,Frozen/Refrigerated Goods,Frozen Protein,10 lb box,31,91.65,2841.15
INV-2025-06,Mozzarella Sticks,FRZ-026,Frozen/Refrigerated Goods,Frozen Appetizer,case of 240,29,54.72,1586.88
INV-2025-06,"Spring Rolls, Vegetable",FRZ-027,Frozen/Refrigerated Goods,Frozen Appetizer,case of 100,39,61.41,2394.99
INV-2025-06,"Yogurt, Plain",FRZ-028,Frozen/Refrigerated Goods,Dairy,5 lb tub,19,13.7,260.3
INV-2025-06,Frozen Diced Onions,FRZ-029,Frozen/Refrigerated Goods,Frozen Vegetable,20 lb case,14,27.71,387.94
INV-2025-06,"Pie Crust, Frozen 9in",FRZ-030,Frozen/Refrigerated Goods,Frozen Dessert,case of 24,8,33.0,264.0
INV-2025-06,Canola Oil,LIQ-001,Liquids/Pastes/Sauces,Oil,35 lb jug,16,42.98,687.68
INV-2025-06,"Olive Oil, Extra Virgin",LIQ-002,Liquids/Pastes/Sauces,Oil,3 L tin,7,25.75,180.25
INV-2025-06,Vegetable Oil,LIQ-003,Liquids/Pastes/Sauces,Oil,35 lb jug,11,37.2,409.2
INV-2025-06,Sesame Oil,LIQ-004,Liquids/Pastes/Sauces,Oil,1 gal jug,23,26.33,605.59
INV-2025-06,White Vinegar,LIQ-005,Liquids/Pastes/Sauces,Vinegar,1 gal jug,17,7.72,131.24
INV-2025-06,Balsamic Vinegar,LIQ-006,Liquids/Pastes/Sauces,Vinegar,1 gal jug,5,25.66,128.3
INV-2025-06,Rice Wine Vinegar,LIQ-007,Liquids/Pastes/Sauces,Vinegar,1 gal jug,29,18.9,548.1
INV-2025-06,Soy Sauce,LIQ-008,Liquids/Pastes/Sauces,Sauce,1 gal jug,11,12.44,136.84
INV-2025-06,Hot Sauce,LIQ-009,Liquids/Pastes/Sauces,Sauce,1 gal jug,22,24.09,529.98
INV-2025-06,Worcestershire Sauce,LIQ-010,Liquids/Pastes/Sauces,Sauce,1 gal jug,30,16.38,491.4
INV-2025-06,BBQ Sauce,LIQ-011,Liquids/Pastes/Sauces,Sauce,1 gal jug,28,17.32,484.96
INV-2025-06,Buffalo Wing Sauce,LIQ-012,Liquids/Pastes/Sauces,Sauce,1 gal jug,26,21.99,571.74
INV-2025-06,Teriyaki Sauce,LIQ-013,Liquids/Pastes/Sauces,Sauce,1 gal jug,9,18.19,163.71
INV-2025-06,Ranch Dressing,LIQ-014,Liquids/Pastes/Sauces,Sauce,1 gal jug,30,21.43,642.9
INV-2025-06,Caesar Dressing,LIQ-015,Liquids/Pastes/Sauces,Sauce,1 gal jug,12,20.58,246.96
INV-2025-06,"Vinaigrette, Balsamic",LIQ-016,Liquids/Pastes/Sauces,Sauce,1 gal jug,3,20.53,61.59
INV-2025-06,Tomato Paste,LIQ-017,Liquids/Pastes/Sauces,Paste,#10 can,9,13.14,118.26
INV-2025-06,Garlic Paste,LIQ-018,Liquids/Pastes/Sauces,Paste,4 lb tub,6,16.49,98.94
INV-2025-06,Ginger Paste,LIQ-019,Liquids/Pastes/Sauces,Paste,4 lb tub,27,18.12,489.24
INV-2025-06,"Curry Paste, Red",LIQ-020,Liquids/Pastes/Sauces,Paste,14 oz can,10,6.46,64.6
INV-2025-06,Crushed Tomatoes,LIQ-021,Liquids/Pastes/Sauces,Canned Tomato,#10 can,25,10.11,252.75
INV-2025-06,Diced Tomatoes,LIQ-022,Liquids/Pastes/Sauces,Canned Tomato,#10 can,10,8.69,86.9
INV-2025-06,Tomato Puree,LIQ-023,Liquids/Pastes/Sauces,Canned Tomato,#10 can,27,7.87,212.49
INV-2025-06,"Chicken Stock, Liquid",LIQ-024,Liquids/Pastes/Sauces,Stock/Broth,1 gal jug,17,15.72,267.24
INV-2025-06,"Beef Stock, Liquid",LIQ-025,Liquids/Pastes/Sauces,Stock/Broth,1 gal jug,14,16.14,225.96
INV-2025-06,"Vegetable Stock, Liquid",LIQ-026,Liquids/Pastes/Sauces,Stock/Broth,1 gal jug,14,16.79,235.06
INV-2025-06,Marinara Sauce,LIQ-027,Liquids/Pastes/Sauces,Sauce,#10 can,18,13.22,237.96
INV-2025-06,Alfredo Sauce,LIQ-028,Liquids/Pastes/Sauces,Sauce,4 lb tub,28,19.17,536.76
INV-2025-06,Sriracha,LIQ-029,Liquids/Pastes/Sauces,Sauce,1 gal jug,18,24.36,438.48
INV-2025-06,Honey,LIQ-030,Liquids/Pastes/Sauces,Honey/Syrup,5 lb jug,13,20.45,265.85
INV-2025-06,Romaine Lettuce,PRD-001,Produce & Meat,Produce,case of 24 heads,13,33.09,430.17
INV-2025-06,Iceberg Lettuce,PRD-002,Produce & Meat,Produce,case of 24 heads,3,27.59,82.77
INV-2025-06,"Tomatoes, Roma",PRD-003,Produce & Meat,Produce,25 lb case,9,38.03,342.27
INV-2025-06,"Onions, Yellow",PRD-004,Produce & Meat,Produce,50 lb bag,2,23.5,47.0
INV-2025-06,"Garlic, Fresh",PRD-005,Produce & Meat,Produce,10 lb case,20,37.4,748.0
INV-2025-06,"Bell Peppers, Green",PRD-006,Produce & Meat,Produce,25 lb case,15,38.05,570.75
INV-2025-06,"Bell Peppers, Red",PRD-007,Produce & Meat,Produce,25 lb case,8,41.07,328.56
INV-2025-06,Avocados,PRD-008,Produce & Meat,Produce,case of 48,14,67.09,939.26
INV-2025-06,Limes,PRD-009,Produce & Meat,Produce,case of 200,9,39.62,356.58
INV-2025-06,Lemons,PRD-010,Produce & Meat,Produce,case of 165,22,41.93,922.46
INV-2025-06,"Potatoes, Russet",PRD-011,Produce & Meat,Produce,50 lb bag,12,30.9,370.8
INV-2025-06,Carrots,PRD-012,Produce & Meat,Produce,25 lb bag,17,26.48,450.16
INV-2025-06,Celery,PRD-013,Produce & Meat,Produce,case of 30,22,31.1,684.2
INV-2025-06,"Mushrooms, White Button",PRD-014,Produce & Meat,Produce,10 lb case,16,31.74,507.84
INV-2025-06,Cilantro,PRD-015,Produce & Meat,Produce,case of 30 bunches,13,22.85,297.05
INV-2025-06,Jalapeños,PRD-016,Produce & Meat,Produce,10 lb case,25,18.04,451.0
INV-2025-06,Cucumbers,PRD-017,Produce & Meat,Produce,case of 24,7,21.64,151.48
INV-2025-06,"Spinach, Fresh",PRD-018,Produce & Meat,Produce,4 lb case,19,20.88,396.72
INV-2025-06,"Basil, Fresh",PRD-019,Produce & Meat,Produce,case of 12 bunches,3,23.94,71.82
INV-2025-06,"Ginger, Fresh",PRD-020,Produce & Meat,Produce,10 lb case,4,32.29,129.16
INV-2025-06,"Ground Beef, 80/20",PRD-021,Produce & Meat,Meat,case,23,4.72,108.56
INV-2025-06,"Chicken Breast, Boneless",PRD-022,Produce & Meat,Meat,case,2,4.6,9.2
INV-2025-06,"Chicken Thighs, Boneless",PRD-023,Produce & Meat,Meat,case,22,3.72,81.84
INV-2025-06,Pork Shoulder,PRD-024,Produce & Meat,Meat,case,24,3.55,85.2
INV-2025-06,"Bacon, Sliced",PRD-025,Produce & Meat,Meat,15 lb case,8,70.13,561.04
INV-2025-06,NY Strip Steak,PRD-026,Produce & Meat,Meat,case,13,14.16,184.08
INV-2025-06,Ribeye Steak,PRD-027,Produce & Meat,Meat,case,22,19.91,438.02
INV-2025-06,Ground Pork,PRD-028,Produce & Meat,Meat,case,21,4.13,86.73
INV-2025-06,"Salmon Fillet, Fresh",PRD-029,Produce & Meat,Seafood,case,23,13.31,306.13
INV-2025-06,"Shrimp, Fresh 16/20",PRD-030,Produce & Meat,Seafood,case,2,11.89,23.78
INV-2025-06,"To-Go Containers, 32oz",SUP-001,Supplies,To-Go,case of 150,62,33.57,2081.34
INV-2025-06,"To-Go Cups, 16oz",SUP-002,Supplies,To-Go,case of 1000,77,68.65,5286.05
INV-2025-06,"To-Go Cup Lids, Dome",SUP-003,Supplies,To-Go,case of 1000,78,34.76,2711.28
INV-2025-06,"Paper Bags, Kraft",SUP-004,Supplies,To-Go,case of 500,12,32.61,391.32
INV-2025-06,"Napkins, Dinner",SUP-005,Supplies,Disposable,case of 3000,99,33.46,3312.54
INV-2025-06,"Straws, Wrapped",SUP-006,Supplies,Disposable,box of 500,32,9.06,289.92
INV-2025-06,"Plastic Cutlery, Forks",SUP-007,Supplies,Disposable,box of 1000,22,19.08,419.76
INV-2025-06,"Plastic Cutlery, Spoons",SUP-008,Supplies,Disposable,box of 1000,40,16.39,655.6
INV-2025-06,Toothpicks,SUP-009,Supplies,Disposable,box of 1000,77,4.04,311.08
INV-2025-06,"Dish Soap, Concentrate",SUP-010,Supplies,Cleaning,1 gal jug,55,24.65,1355.75
INV-2025-06,"Degreaser, Kitchen",SUP-011,Supplies,Cleaning,1 gal jug,60,19.56,1173.6
INV-2025-06,Sanitizer Solution,SUP-012,Supplies,Cleaning,1 gal jug,61,17.9,1091.9
INV-2025-06,Bleach,SUP-013,Supplies,Cleaning,1 gal jug,41,8.41,344.81
INV-2025-06,Glass Cleaner,SUP-014,Supplies,Cleaning,1 gal jug,38,15.14,575.32
INV-2025-06,"Paper Towels, Roll",SUP-015,Supplies,Paper Goods,case of 12,20,42.35,847.0
INV-2025-06,"Toilet Paper, Roll",SUP-016,Supplies,Paper Goods,case of 48,93,44.72,4158.96
INV-2025-06,Butcher Paper Roll,SUP-017,Supplies,Paper Goods,roll,21,30.3,636.3
INV-2025-06,Parchment Paper Sheets,SUP-018,Supplies,Paper Goods,box of 1000,58,40.72,2361.76
INV-2025-06,Plastic Wrap Roll,SUP-019,Supplies,Wrap/Film,roll,17,20.38,346.46
INV-2025-06,Aluminum Foil Roll,SUP-020,Supplies,Wrap/Film,roll,99,28.9,2861.1
INV-2025-06,"Disposable Gloves, Nitrile",SUP-021,Supplies,Gloves,case of 1000,73,60.09,4386.57
INV-2025-06,"Disposable Gloves, Vinyl",SUP-022,Supplies,Gloves,case of 1000,92,37.82,3479.44
INV-2025-06,Food Storage Containers,SUP-023,Supplies,Storage,case of 100,82,39.64,3250.48
INV-2025-06,Container Lids,SUP-024,Supplies,Storage,case of 100,22,26.37,580.14
INV-2025-06,"Deli Cups w/ Lids, 8oz",SUP-025,Supplies,Storage,case of 500,15,35.59,533.85
INV-2025-06,Hand Soap,SUP-026,Supplies,Chemical,1 gal jug,98,17.25,1690.5
INV-2025-06,Hand Sanitizer,SUP-027,Supplies,Chemical,1 gal jug,70,19.43,1360.1
INV-2025-06,Chafing Fuel Cans,SUP-028,Supplies,Small Wares,case of 24,19,40.87,776.53
INV-2025-06,Aluminum Steam Table Pans,SUP-029,Supplies,Small Wares,case of 50,45,59.47,2676.15
INV-2025-06,"Menu Paper, Cardstock",SUP-030,Supplies,Menu/Marketing,ream of 500,82,20.66,1694.12
INV-2025-07,Coca-Cola Syrup BIB,NAB-001,Non-Alcoholic Beverage,Soda,5 gal bag-in-box,6,72.8,436.8
INV-2025-07,Diet Coke Syrup BIB,NAB-002,Non-Alcoholic Beverage,Soda,5 gal bag-in-box,14,62.32,872.48
INV-2025-07,Sprite Syrup BIB,NAB-003,Non-Alcoholic Beverage,Soda,5 gal bag-in-box,30,73.23,2196.9
INV-2025-07,Ginger Ale Syrup BIB,NAB-004,Non-Alcoholic Beverage,Soda,5 gal bag-in-box,24,63.2,1516.8
INV-2025-07,Still Water 16.9oz,NAB-005,Non-Alcoholic Beverage,Bottled Water,case of 24,20,6.94,138.8
INV-2025-07,Sparkling Water 12oz,NAB-006,Non-Alcoholic Beverage,Bottled Water,case of 24,29,17.86,517.94
INV-2025-07,Orange Juice Concentrate,NAB-007,Non-Alcoholic Beverage,Juice,gallon,39,11.4,444.6
INV-2025-07,Cranberry Juice Cocktail,NAB-008,Non-Alcoholic Beverage,Juice,gallon,13,9.53,123.89
INV-2025-07,Pineapple Juice,NAB-009,Non-Alcoholic Beverage,Juice,46 oz can,10,4.4,44.0
INV-2025-07,Lemon Juice (bottled),NAB-010,Non-Alcoholic Beverage,Juice,32 oz bottle,27,4.32,116.64
INV-2025-07,Lime Juice (bottled),NAB-011,Non-Alcoholic Beverage,Juice,32 oz bottle,32,4.1,131.2
INV-2025-07,"Espresso Beans, Dark Roast",NAB-012,Non-Alcoholic Beverage,Coffee,5 lb bag,9,41.76,375.84
INV-2025-07,"Drip Coffee, Medium Roast",NAB-013,Non-Alcoholic Beverage,Coffee,2 lb bag,30,18.02,540.6
INV-2025-07,"Decaf Coffee, Medium Roast",NAB-014,Non-Alcoholic Beverage,Coffee,2 lb bag,25,16.93,423.25
INV-2025-07,Black Tea Bags,NAB-015,Non-Alcoholic Beverage,Tea,box of 100,22,16.0,352.0
INV-2025-07,Green Tea Bags,NAB-016,Non-Alcoholic Beverage,Tea,box of 100,33,15.21,501.93
INV-2025-07,Herbal Chamomile Tea Bags,NAB-017,Non-Alcoholic Beverage,Tea,box of 100,27,16.78,453.06
INV-2025-07,Red Bull 8.4oz,NAB-018,Non-Alcoholic Beverage,Energy/Sports,case of 24,29,36.53,1059.37
INV-2025-07,Gatorade Fruit Punch,NAB-019,Non-Alcoholic Beverage,Energy/Sports,case of 24,29,20.36,590.44
INV-2025-07,Whole Milk,NAB-020,Non-Alcoholic Beverage,Milk/Dairy Bev,half gallon,23,2.84,65.32
INV-2025-07,Oat Milk,NAB-021,Non-Alcoholic Beverage,Milk/Dairy Bev,32 oz carton,9,5.48,49.32
INV-2025-07,"Almond Milk, Unsweetened",NAB-022,Non-Alcoholic Beverage,Milk/Dairy Bev,32 oz carton,14,4.19,58.66
INV-2025-07,Root Beer Syrup BIB,NAB-023,Non-Alcoholic Beverage,Soda,5 gal bag-in-box,14,60.5,847.0
INV-2025-07,Club Soda Canister,NAB-024,Non-Alcoholic Beverage,Soda,5 gal canister,25,15.77,394.25
INV-2025-07,Grapefruit Juice,NAB-025,Non-Alcoholic Beverage,Juice,46 oz can,10,5.24,52.4
INV-2025-07,Tomato Juice,NAB-026,Non-Alcoholic Beverage,Juice,46 oz can,24,4.6,110.4
INV-2025-07,Sparkling Lemon Water 12oz,NAB-027,Non-Alcoholic Beverage,Bottled Water,case of 24,22,15.55,342.1
INV-2025-07,Cold Brew Concentrate,NAB-028,Non-Alcoholic Beverage,Coffee,gallon,10,19.49,194.9
INV-2025-07,Half & Half,NAB-029,Non-Alcoholic Beverage,Milk/Dairy Bev,quart,33,4.81,158.73
INV-2025-07,Powerade Blue,NAB-030,Non-Alcoholic Beverage,Energy/Sports,case of 24,37,17.33,641.21
INV-2025-07,Domestic Draft Lager Keg,ALC-001,Alcoholic Beverage,Beer,1/2 barrel keg,3,106.38,319.14
INV-2025-07,Craft IPA Keg,ALC-002,Alcoholic Beverage,Beer,1/6 barrel keg,20,104.64,2092.8
INV-2025-07,"Mexican Lager, Bottled",ALC-003,Alcoholic Beverage,Beer,case of 24,22,41.79,919.38
INV-2025-07,"Wheat Beer, Bottled",ALC-004,Alcoholic Beverage,Beer,case of 24,30,32.31,969.3
INV-2025-07,Light Lager Draft Keg,ALC-005,Alcoholic Beverage,Beer,1/2 barrel keg,12,93.29,1119.48
INV-2025-07,"Cabernet Sauvignon, House Red",ALC-006,Alcoholic Beverage,Wine,case of 12,27,76.67,2070.09
INV-2025-07,"Chardonnay, House White",ALC-007,Alcoholic Beverage,Wine,case of 12,20,88.5,1770.0
INV-2025-07,Pinot Noir,ALC-008,Alcoholic Beverage,Wine,case of 12,10,132.47,1324.7
INV-2025-07,Sauvignon Blanc,ALC-009,Alcoholic Beverage,Wine,case of 12,8,104.3,834.4
INV-2025-07,Prosecco,ALC-010,Alcoholic Beverage,Wine,case of 12,8,106.53,852.24
INV-2025-07,Rosé,ALC-011,Alcoholic Beverage,Wine,case of 12,12,85.15,1021.8
INV-2025-07,"Vodka, Well",ALC-012,Alcoholic Beverage,Spirits,1.75L bottle,7,23.26,162.82
INV-2025-07,"Vodka, Premium",ALC-013,Alcoholic Beverage,Spirits,1L bottle,16,31.89,510.24
INV-2025-07,"Gin, Well",ALC-014,Alcoholic Beverage,Spirits,1.75L bottle,12,21.34,256.08
INV-2025-07,"Tequila, Blanco Premium",ALC-015,Alcoholic Beverage,Spirits,1L bottle,5,33.82,169.1
INV-2025-07,"Tequila, Reposado Premium",ALC-016,Alcoholic Beverage,Spirits,1L bottle,10,47.16,471.6
INV-2025-07,"Bourbon, Well",ALC-017,Alcoholic Beverage,Spirits,1.75L bottle,18,30.44,547.92
INV-2025-07,"Bourbon, Premium",ALC-018,Alcoholic Beverage,Spirits,750ml bottle,9,43.64,392.76
INV-2025-07,"Rum, White",ALC-019,Alcoholic Beverage,Spirits,1.75L bottle,7,19.3,135.1
INV-2025-07,"Rum, Spiced",ALC-020,Alcoholic Beverage,Spirits,1L bottle,15,20.13,301.95
INV-2025-07,"Whiskey, Rye",ALC-021,Alcoholic Beverage,Spirits,750ml bottle,22,37.01,814.22
INV-2025-07,"Scotch, Blended",ALC-022,Alcoholic Beverage,Spirits,750ml bottle,30,28.73,861.9
INV-2025-07,Triple Sec,ALC-023,Alcoholic Beverage,Liqueur,1L bottle,13,15.42,200.46
INV-2025-07,Coffee Liqueur,ALC-024,Alcoholic Beverage,Liqueur,750ml bottle,29,27.19,788.51
INV-2025-07,Amaretto,ALC-025,Alcoholic Beverage,Liqueur,750ml bottle,22,20.27,445.94
INV-2025-07,"Stout, Bottled",ALC-026,Alcoholic Beverage,Beer,case of 24,13,44.68,580.84
INV-2025-07,Non-Alcoholic Beer,ALC-027,Alcoholic Beverage,Beer,case of 24,25,33.52,838.0
INV-2025-07,"Champagne, Brut",ALC-028,Alcoholic Beverage,Wine,case of 6,13,111.38,1447.94
INV-2025-07,Mezcal,ALC-029,Alcoholic Beverage,Spirits,750ml bottle,15,44.88,673.2
INV-2025-07,"Vermouth, Dry",ALC-030,Alcoholic Beverage,Liqueur,1L bottle,12,12.9,154.8
INV-2025-07,All-Purpose Flour,DRY-001,Dry Goods & Spices,Flour,50 lb bag,45,22.51,1012.95
INV-2025-07,Bread Flour,DRY-002,Dry Goods & Spices,Flour,50 lb bag,41,25.68,1052.88
INV-2025-07,Cornmeal,DRY-003,Dry Goods & Spices,Flour,25 lb bag,25,16.57,414.25
INV-2025-07,"White Rice, Long Grain",DRY-004,Dry Goods & Spices,Grain,50 lb bag,30,34.71,1041.3
INV-2025-07,Jasmine Rice,DRY-005,Dry Goods & Spices,Grain,50 lb bag,41,32.31,1324.71
INV-2025-07,Quinoa,DRY-006,Dry Goods & Spices,Grain,10 lb bag,39,28.01,1092.39
INV-2025-07,"Spaghetti, Dry",DRY-007,Dry Goods & Spices,Pasta,20 lb case,40,19.25,770.0
INV-2025-07,"Penne, Dry",DRY-008,Dry Goods & Spices,Pasta,20 lb case,34,19.74,671.16
INV-2025-07,"Black Beans, Dry",DRY-009,Dry Goods & Spices,Legume,25 lb bag,18,22.26,400.68
INV-2025-07,"Pinto Beans, Dry",DRY-010,Dry Goods & Spices,Legume,25 lb bag,23,23.16,532.68
INV-2025-07,Granulated Sugar,DRY-011,Dry Goods & Spices,Sugar,50 lb bag,9,26.4,237.6
INV-2025-07,Brown Sugar,DRY-012,Dry Goods & Spices,Sugar,25 lb bag,31,17.98,557.38
INV-2025-07,Powdered Sugar,DRY-013,Dry Goods & Spices,Sugar,25 lb bag,13,21.29,276.77
INV-2025-07,Kosher Salt,DRY-014,Dry Goods & Spices,Spice,25 lb bag,20,9.89,197.8
INV-2025-07,"Black Pepper, Ground",DRY-015,Dry Goods & Spices,Spice,1 lb bag,14,14.29,200.06
INV-2025-07,"Paprika, Smoked",DRY-016,Dry Goods & Spices,Spice,1 lb bag,29,9.32,270.28
INV-2025-07,"Cumin, Ground",DRY-017,Dry Goods & Spices,Spice,1 lb bag,43,13.15,565.45
INV-2025-07,Chili Powder,DRY-018,Dry Goods & Spices,Spice,1 lb bag,30,9.32,279.6
INV-2025-07,Garlic Powder,DRY-019,Dry Goods & Spices,Spice,1 lb bag,49,8.32,407.68
INV-2025-07,Onion Powder,DRY-020,Dry Goods & Spices,Spice,1 lb bag,7,9.74,68.18
INV-2025-07,Cayenne Pepper,DRY-021,Dry Goods & Spices,Spice,1 lb bag,28,9.79,274.12
INV-2025-07,"Oregano, Dried",DRY-022,Dry Goods & Spices,Spice,1 lb bag,39,13.45,524.55
INV-2025-07,"Cinnamon, Ground",DRY-023,Dry Goods & Spices,Spice,1 lb bag,10,8.72,87.2
INV-2025-07,Baking Powder,DRY-024,Dry Goods & Spices,Baking,10 lb can,20,19.75,395.0
INV-2025-07,Baking Soda,DRY-025,Dry Goods & Spices,Baking,12 lb box,27,9.85,265.95
INV-2025-07,Cocoa Powder,DRY-026,Dry Goods & Spices,Baking,5 lb bag,44,19.68,865.92
INV-2025-07,Panko Bread Crumbs,DRY-027,Dry Goods & Spices,Breading,25 lb case,46,34.75,1598.5
INV-2025-07,Seasoned Bread Crumbs,DRY-028,Dry Goods & Spices,Breading,25 lb case,30,32.44,973.2
INV-2025-07,Sesame Seeds,DRY-029,Dry Goods & Spices,Nuts/Seeds,5 lb bag,26,22.06,573.56
INV-2025-07,Sliced Almonds,DRY-030,Dry Goods & Spices,Nuts/Seeds,5 lb bag,32,27.86,891.52
INV-2025-07,Frozen Peas,FRZ-001,Frozen/Refrigerated Goods,Frozen Vegetable,20 lb case,11,24.08,264.88
INV-2025-07,Frozen Corn,FRZ-002,Frozen/Refrigerated Goods,Frozen Vegetable,20 lb case,37,25.5,943.5
INV-2025-07,Frozen Broccoli Florets,FRZ-003,Frozen/Refrigerated Goods,Frozen Vegetable,20 lb case,40,30.05,1202.0
INV-2025-07,"Frozen Spinach, Chopped",FRZ-004,Frozen/Refrigerated Goods,Frozen Vegetable,20 lb case,19,26.07,495.33
INV-2025-07,"French Fries, Straight Cut",FRZ-005,Frozen/Refrigerated Goods,Frozen Potato,30 lb case,30,33.27,998.1
INV-2025-07,Tater Tots,FRZ-006,Frozen/Refrigerated Goods,Frozen Potato,30 lb case,37,29.23,1081.51
INV-2025-07,"Hash Browns, Shredded",FRZ-007,Frozen/Refrigerated Goods,Frozen Potato,20 lb case,6,27.55,165.3
INV-2025-07,"Dinner Rolls, Par-Baked",FRZ-008,Frozen/Refrigerated Goods,Frozen Bread,case of 200,23,38.76,891.48
INV-2025-07,Pizza Dough Balls,FRZ-009,Frozen/Refrigerated Goods,Frozen Bread,case of 40,10,37.16,371.6
INV-2025-07,Vanilla Ice Cream,FRZ-010,Frozen/Refrigerated Goods,Frozen Dessert,3 gal tub,14,25.49,356.86
INV-2025-07,Chocolate Ice Cream,FRZ-011,Frozen/Refrigerated Goods,Frozen Dessert,3 gal tub,26,28.23,733.98
INV-2025-07,"Cheesecake, Uncut",FRZ-012,Frozen/Refrigerated Goods,Frozen Dessert,10 inch,18,19.76,355.68
INV-2025-07,Frozen Mixed Berries,FRZ-013,Frozen/Refrigerated Goods,Frozen Fruit,10 lb bag,27,34.21,923.67
INV-2025-07,Frozen Mango Chunks,FRZ-014,Frozen/Refrigerated Goods,Frozen Fruit,10 lb bag,33,26.93,888.69
INV-2025-07,Shredded Mozzarella,FRZ-015,Frozen/Refrigerated Goods,Dairy,5 lb bag,33,18.2,600.6
INV-2025-07,Shredded Cheddar,FRZ-016,Frozen/Refrigerated Goods,Dairy,5 lb bag,24,17.01,408.24
INV-2025-07,"Parmesan, Grated",FRZ-017,Frozen/Refrigerated Goods,Dairy,5 lb bag,12,31.74,380.88
INV-2025-07,Cream Cheese,FRZ-018,Frozen/Refrigerated Goods,Dairy,3 lb block,26,12.5,325.0
INV-2025-07,"Butter, Unsalted",FRZ-019,Frozen/Refrigerated Goods,Dairy,36 lb case,15,117.98,1769.7
INV-2025-07,Heavy Cream,FRZ-020,Frozen/Refrigerated Goods,Dairy,quart,20,5.1,102.0
INV-2025-07,Sour Cream,FRZ-021,Frozen/Refrigerated Goods,Dairy,5 lb tub,40,14.49,579.6
INV-2025-07,"Eggs, Large",FRZ-022,Frozen/Refrigerated Goods,Dairy,case of 15 dz,40,53.53,2141.2
INV-2025-07,"Frozen Shrimp, 21/25",FRZ-023,Frozen/Refrigerated Goods,Frozen Protein,5 lb bag,34,60.57,2059.38
INV-2025-07,Frozen Chicken Wings,FRZ-024,Frozen/Refrigerated Goods,Frozen Protein,40 lb case,30,107.19,3215.7
INV-2025-07,Frozen Salmon Fillets,FRZ-025,Frozen/Refrigerated Goods,Frozen Protein,10 lb box,16,99.28,1588.48
INV-2025-07,Mozzarella Sticks,FRZ-026,Frozen/Refrigerated Goods,Frozen Appetizer,case of 240,32,56.67,1813.44
INV-2025-07,"Spring Rolls, Vegetable",FRZ-027,Frozen/Refrigerated Goods,Frozen Appetizer,case of 100,17,61.17,1039.89
INV-2025-07,"Yogurt, Plain",FRZ-028,Frozen/Refrigerated Goods,Dairy,5 lb tub,32,13.9,444.8
INV-2025-07,Frozen Diced Onions,FRZ-029,Frozen/Refrigerated Goods,Frozen Vegetable,20 lb case,18,25.18,453.24
INV-2025-07,"Pie Crust, Frozen 9in",FRZ-030,Frozen/Refrigerated Goods,Frozen Dessert,case of 24,9,33.07,297.63
INV-2025-07,Canola Oil,LIQ-001,Liquids/Pastes/Sauces,Oil,35 lb jug,28,45.12,1263.36
INV-2025-07,"Olive Oil, Extra Virgin",LIQ-002,Liquids/Pastes/Sauces,Oil,3 L tin,8,25.66,205.28
INV-2025-07,Vegetable Oil,LIQ-003,Liquids/Pastes/Sauces,Oil,35 lb jug,9,38.78,349.02
INV-2025-07,Sesame Oil,LIQ-004,Liquids/Pastes/Sauces,Oil,1 gal jug,11,29.0,319.0
INV-2025-07,White Vinegar,LIQ-005,Liquids/Pastes/Sauces,Vinegar,1 gal jug,18,7.34,132.12
INV-2025-07,Balsamic Vinegar,LIQ-006,Liquids/Pastes/Sauces,Vinegar,1 gal jug,23,24.75,569.25
INV-2025-07,Rice Wine Vinegar,LIQ-007,Liquids/Pastes/Sauces,Vinegar,1 gal jug,15,20.24,303.6
INV-2025-07,Soy Sauce,LIQ-008,Liquids/Pastes/Sauces,Sauce,1 gal jug,21,11.91,250.11
INV-2025-07,Hot Sauce,LIQ-009,Liquids/Pastes/Sauces,Sauce,1 gal jug,14,25.01,350.14
INV-2025-07,Worcestershire Sauce,LIQ-010,Liquids/Pastes/Sauces,Sauce,1 gal jug,22,16.66,366.52
INV-2025-07,BBQ Sauce,LIQ-011,Liquids/Pastes/Sauces,Sauce,1 gal jug,24,17.17,412.08
INV-2025-07,Buffalo Wing Sauce,LIQ-012,Liquids/Pastes/Sauces,Sauce,1 gal jug,12,22.83,273.96
INV-2025-07,Teriyaki Sauce,LIQ-013,Liquids/Pastes/Sauces,Sauce,1 gal jug,21,17.04,357.84
INV-2025-07,Ranch Dressing,LIQ-014,Liquids/Pastes/Sauces,Sauce,1 gal jug,7,19.52,136.64
INV-2025-07,Caesar Dressing,LIQ-015,Liquids/Pastes/Sauces,Sauce,1 gal jug,10,18.58,185.8
INV-2025-07,"Vinaigrette, Balsamic",LIQ-016,Liquids/Pastes/Sauces,Sauce,1 gal jug,8,21.08,168.64
INV-2025-07,Tomato Paste,LIQ-017,Liquids/Pastes/Sauces,Paste,#10 can,7,12.26,85.82
INV-2025-07,Garlic Paste,LIQ-018,Liquids/Pastes/Sauces,Paste,4 lb tub,16,16.1,257.6
INV-2025-07,Ginger Paste,LIQ-019,Liquids/Pastes/Sauces,Paste,4 lb tub,21,17.84,374.64
INV-2025-07,"Curry Paste, Red",LIQ-020,Liquids/Pastes/Sauces,Paste,14 oz can,8,6.25,50.0
INV-2025-07,Crushed Tomatoes,LIQ-021,Liquids/Pastes/Sauces,Canned Tomato,#10 can,20,10.94,218.8
INV-2025-07,Diced Tomatoes,LIQ-022,Liquids/Pastes/Sauces,Canned Tomato,#10 can,23,9.21,211.83
INV-2025-07,Tomato Puree,LIQ-023,Liquids/Pastes/Sauces,Canned Tomato,#10 can,8,8.22,65.76
INV-2025-07,"Chicken Stock, Liquid",LIQ-024,Liquids/Pastes/Sauces,Stock/Broth,1 gal jug,18,15.11,271.98
INV-2025-07,"Beef Stock, Liquid",LIQ-025,Liquids/Pastes/Sauces,Stock/Broth,1 gal jug,8,16.16,129.28
INV-2025-07,"Vegetable Stock, Liquid",LIQ-026,Liquids/Pastes/Sauces,Stock/Broth,1 gal jug,17,17.08,290.36
INV-2025-07,Marinara Sauce,LIQ-027,Liquids/Pastes/Sauces,Sauce,#10 can,30,12.99,389.7
INV-2025-07,Alfredo Sauce,LIQ-028,Liquids/Pastes/Sauces,Sauce,4 lb tub,3,17.76,53.28
INV-2025-07,Sriracha,LIQ-029,Liquids/Pastes/Sauces,Sauce,1 gal jug,9,24.56,221.04
INV-2025-07,Honey,LIQ-030,Liquids/Pastes/Sauces,Honey/Syrup,5 lb jug,20,19.2,384.0
INV-2025-07,Romaine Lettuce,PRD-001,Produce & Meat,Produce,case of 24 heads,17,33.61,571.37
INV-2025-07,Iceberg Lettuce,PRD-002,Produce & Meat,Produce,case of 24 heads,17,26.95,458.15
INV-2025-07,"Tomatoes, Roma",PRD-003,Produce & Meat,Produce,25 lb case,16,36.55,584.8
INV-2025-07,"Onions, Yellow",PRD-004,Produce & Meat,Produce,50 lb bag,4,24.7,98.8
INV-2025-07,"Garlic, Fresh",PRD-005,Produce & Meat,Produce,10 lb case,9,35.7,321.3
INV-2025-07,"Bell Peppers, Green",PRD-006,Produce & Meat,Produce,25 lb case,10,37.61,376.1
INV-2025-07,"Bell Peppers, Red",PRD-007,Produce & Meat,Produce,25 lb case,11,39.98,439.78
INV-2025-07,Avocados,PRD-008,Produce & Meat,Produce,case of 48,16,67.05,1072.8
INV-2025-07,Limes,PRD-009,Produce & Meat,Produce,case of 200,17,39.94,678.98
INV-2025-07,Lemons,PRD-010,Produce & Meat,Produce,case of 165,5,39.61,198.05
INV-2025-07,"Potatoes, Russet",PRD-011,Produce & Meat,Produce,50 lb bag,10,33.57,335.7
INV-2025-07,Carrots,PRD-012,Produce & Meat,Produce,25 lb bag,13,24.81,322.53
INV-2025-07,Celery,PRD-013,Produce & Meat,Produce,case of 30,3,31.2,93.6
INV-2025-07,"Mushrooms, White Button",PRD-014,Produce & Meat,Produce,10 lb case,16,33.77,540.32
INV-2025-07,Cilantro,PRD-015,Produce & Meat,Produce,case of 30 bunches,15,22.6,339.0
INV-2025-07,Jalapeños,PRD-016,Produce & Meat,Produce,10 lb case,22,18.63,409.86
INV-2025-07,Cucumbers,PRD-017,Produce & Meat,Produce,case of 24,11,21.51,236.61
INV-2025-07,"Spinach, Fresh",PRD-018,Produce & Meat,Produce,4 lb case,3,19.2,57.6
INV-2025-07,"Basil, Fresh",PRD-019,Produce & Meat,Produce,case of 12 bunches,13,25.23,327.99
INV-2025-07,"Ginger, Fresh",PRD-020,Produce & Meat,Produce,10 lb case,4,29.85,119.4
INV-2025-07,"Ground Beef, 80/20",PRD-021,Produce & Meat,Meat,case,5,5.31,26.55
INV-2025-07,"Chicken Breast, Boneless",PRD-022,Produce & Meat,Meat,case,9,4.45,40.05
INV-2025-07,"Chicken Thighs, Boneless",PRD-023,Produce & Meat,Meat,case,25,3.94,98.5
INV-2025-07,Pork Shoulder,PRD-024,Produce & Meat,Meat,case,13,3.98,51.74
INV-2025-07,"Bacon, Sliced",PRD-025,Produce & Meat,Meat,15 lb case,21,71.56,1502.76
INV-2025-07,NY Strip Steak,PRD-026,Produce & Meat,Meat,case,7,15.51,108.57
INV-2025-07,Ribeye Steak,PRD-027,Produce & Meat,Meat,case,8,20.36,162.88
INV-2025-07,Ground Pork,PRD-028,Produce & Meat,Meat,case,3,3.91,11.73
INV-2025-07,"Salmon Fillet, Fresh",PRD-029,Produce & Meat,Seafood,case,19,12.87,244.53
INV-2025-07,"Shrimp, Fresh 16/20",PRD-030,Produce & Meat,Seafood,case,19,11.2,212.8
INV-2025-07,"To-Go Containers, 32oz",SUP-001,Supplies,To-Go,case of 150,100,35.2,3520.0
INV-2025-07,"To-Go Cups, 16oz",SUP-002,Supplies,To-Go,case of 1000,83,63.82,5297.06
INV-2025-07,"To-Go Cup Lids, Dome",SUP-003,Supplies,To-Go,case of 1000,75,34.8,2610.0
INV-2025-07,"Paper Bags, Kraft",SUP-004,Supplies,To-Go,case of 500,96,34.24,3287.04
INV-2025-07,"Napkins, Dinner",SUP-005,Supplies,Disposable,case of 3000,27,34.96,943.92
INV-2025-07,"Straws, Wrapped",SUP-006,Supplies,Disposable,box of 500,62,10.32,639.84
INV-2025-07,"Plastic Cutlery, Forks",SUP-007,Supplies,Disposable,box of 1000,45,20.13,905.85
INV-2025-07,"Plastic Cutlery, Spoons",SUP-008,Supplies,Disposable,box of 1000,26,17.8,462.8
INV-2025-07,Toothpicks,SUP-009,Supplies,Disposable,box of 1000,26,4.04,105.04
INV-2025-07,"Dish Soap, Concentrate",SUP-010,Supplies,Cleaning,1 gal jug,51,26.95,1374.45
INV-2025-07,"Degreaser, Kitchen",SUP-011,Supplies,Cleaning,1 gal jug,96,20.61,1978.56
INV-2025-07,Sanitizer Solution,SUP-012,Supplies,Cleaning,1 gal jug,28,18.24,510.72
INV-2025-07,Bleach,SUP-013,Supplies,Cleaning,1 gal jug,44,7.96,350.24
INV-2025-07,Glass Cleaner,SUP-014,Supplies,Cleaning,1 gal jug,58,15.52,900.16
INV-2025-07,"Paper Towels, Roll",SUP-015,Supplies,Paper Goods,case of 12,91,43.28,3938.48
INV-2025-07,"Toilet Paper, Roll",SUP-016,Supplies,Paper Goods,case of 48,21,42.27,887.67
INV-2025-07,Butcher Paper Roll,SUP-017,Supplies,Paper Goods,roll,45,31.73,1427.85
INV-2025-07,Parchment Paper Sheets,SUP-018,Supplies,Paper Goods,box of 1000,57,40.09,2285.13
INV-2025-07,Plastic Wrap Roll,SUP-019,Supplies,Wrap/Film,roll,72,19.39,1396.08
INV-2025-07,Aluminum Foil Roll,SUP-020,Supplies,Wrap/Film,roll,10,32.3,323.0
INV-2025-07,"Disposable Gloves, Nitrile",SUP-021,Supplies,Gloves,case of 1000,21,59.04,1239.84
INV-2025-07,"Disposable Gloves, Vinyl",SUP-022,Supplies,Gloves,case of 1000,68,36.95,2512.6
INV-2025-07,Food Storage Containers,SUP-023,Supplies,Storage,case of 100,99,35.99,3563.01
INV-2025-07,Container Lids,SUP-024,Supplies,Storage,case of 100,18,25.97,467.46
INV-2025-07,"Deli Cups w/ Lids, 8oz",SUP-025,Supplies,Storage,case of 500,60,35.52,2131.2
INV-2025-07,Hand Soap,SUP-026,Supplies,Chemical,1 gal jug,64,17.08,1093.12
INV-2025-07,Hand Sanitizer,SUP-027,Supplies,Chemical,1 gal jug,73,19.42,1417.66
INV-2025-07,Chafing Fuel Cans,SUP-028,Supplies,Small Wares,case of 24,46,38.67,1778.82
INV-2025-07,Aluminum Steam Table Pans,SUP-029,Supplies,Small Wares,case of 50,83,52.6,4365.8
INV-2025-07,"Menu Paper, Cardstock",SUP-030,Supplies,Menu/Marketing,ream of 500,72,21.08,1517.76
INV-2025-08,Coca-Cola Syrup BIB,NAB-001,Non-Alcoholic Beverage,Soda,5 gal bag-in-box,11,69.16,760.76
INV-2025-08,Diet Coke Syrup BIB,NAB-002,Non-Alcoholic Beverage,Soda,5 gal bag-in-box,34,55.26,1878.84
INV-2025-08,Sprite Syrup BIB,NAB-003,Non-Alcoholic Beverage,Soda,5 gal bag-in-box,15,67.89,1018.35
INV-2025-08,Ginger Ale Syrup BIB,NAB-004,Non-Alcoholic Beverage,Soda,5 gal bag-in-box,5,72.07,360.35
INV-2025-08,Still Water 16.9oz,NAB-005,Non-Alcoholic Beverage,Bottled Water,case of 24,32,6.54,209.28
INV-2025-08,Sparkling Water 12oz,NAB-006,Non-Alcoholic Beverage,Bottled Water,case of 24,13,18.43,239.59
INV-2025-08,Orange Juice Concentrate,NAB-007,Non-Alcoholic Beverage,Juice,gallon,24,11.08,265.92
INV-2025-08,Cranberry Juice Cocktail,NAB-008,Non-Alcoholic Beverage,Juice,gallon,22,8.52,187.44
INV-2025-08,Pineapple Juice,NAB-009,Non-Alcoholic Beverage,Juice,46 oz can,28,4.22,118.16
INV-2025-08,Lemon Juice (bottled),NAB-010,Non-Alcoholic Beverage,Juice,32 oz bottle,28,4.77,133.56
INV-2025-08,Lime Juice (bottled),NAB-011,Non-Alcoholic Beverage,Juice,32 oz bottle,15,3.97,59.55
INV-2025-08,"Espresso Beans, Dark Roast",NAB-012,Non-Alcoholic Beverage,Coffee,5 lb bag,24,44.4,1065.6
INV-2025-08,"Drip Coffee, Medium Roast",NAB-013,Non-Alcoholic Beverage,Coffee,2 lb bag,19,16.57,314.83
INV-2025-08,"Decaf Coffee, Medium Roast",NAB-014,Non-Alcoholic Beverage,Coffee,2 lb bag,10,18.91,189.1
INV-2025-08,Black Tea Bags,NAB-015,Non-Alcoholic Beverage,Tea,box of 100,5,14.61,73.05
INV-2025-08,Green Tea Bags,NAB-016,Non-Alcoholic Beverage,Tea,box of 100,9,14.33,128.97
INV-2025-08,Herbal Chamomile Tea Bags,NAB-017,Non-Alcoholic Beverage,Tea,box of 100,19,16.69,317.11
INV-2025-08,Red Bull 8.4oz,NAB-018,Non-Alcoholic Beverage,Energy/Sports,case of 24,33,34.03,1122.99
INV-2025-08,Gatorade Fruit Punch,NAB-019,Non-Alcoholic Beverage,Energy/Sports,case of 24,26,22.92,595.92
INV-2025-08,Whole Milk,NAB-020,Non-Alcoholic Beverage,Milk/Dairy Bev,half gallon,32,2.79,89.28
INV-2025-08,Oat Milk,NAB-021,Non-Alcoholic Beverage,Milk/Dairy Bev,32 oz carton,35,5.47,191.45
INV-2025-08,"Almond Milk, Unsweetened",NAB-022,Non-Alcoholic Beverage,Milk/Dairy Bev,32 oz carton,29,3.99,115.71
INV-2025-08,Root Beer Syrup BIB,NAB-023,Non-Alcoholic Beverage,Soda,5 gal bag-in-box,11,54.57,600.27
INV-2025-08,Club Soda Canister,NAB-024,Non-Alcoholic Beverage,Soda,5 gal canister,28,17.11,479.08
INV-2025-08,Grapefruit Juice,NAB-025,Non-Alcoholic Beverage,Juice,46 oz can,13,5.58,72.54
INV-2025-08,Tomato Juice,NAB-026,Non-Alcoholic Beverage,Juice,46 oz can,13,4.75,61.75
INV-2025-08,Sparkling Lemon Water 12oz,NAB-027,Non-Alcoholic Beverage,Bottled Water,case of 24,14,15.46,216.44
INV-2025-08,Cold Brew Concentrate,NAB-028,Non-Alcoholic Beverage,Coffee,gallon,5,20.88,104.4
INV-2025-08,Half & Half,NAB-029,Non-Alcoholic Beverage,Milk/Dairy Bev,quart,15,4.72,70.8
INV-2025-08,Powerade Blue,NAB-030,Non-Alcoholic Beverage,Energy/Sports,case of 24,18,17.95,323.1
INV-2025-08,Domestic Draft Lager Keg,ALC-001,Alcoholic Beverage,Beer,1/2 barrel keg,7,121.51,850.57
INV-2025-08,Craft IPA Keg,ALC-002,Alcoholic Beverage,Beer,1/6 barrel keg,22,115.27,2535.94
INV-2025-08,"Mexican Lager, Bottled",ALC-003,Alcoholic Beverage,Beer,case of 24,30,38.16,1144.8
INV-2025-08,"Wheat Beer, Bottled",ALC-004,Alcoholic Beverage,Beer,case of 24,6,31.01,186.06
INV-2025-08,Light Lager Draft Keg,ALC-005,Alcoholic Beverage,Beer,1/2 barrel keg,6,95.95,575.7
INV-2025-08,"Cabernet Sauvignon, House Red",ALC-006,Alcoholic Beverage,Wine,case of 12,15,80.18,1202.7
INV-2025-08,"Chardonnay, House White",ALC-007,Alcoholic Beverage,Wine,case of 12,16,80.64,1290.24
INV-2025-08,Pinot Noir,ALC-008,Alcoholic Beverage,Wine,case of 12,7,125.68,879.76
INV-2025-08,Sauvignon Blanc,ALC-009,Alcoholic Beverage,Wine,case of 12,23,94.56,2174.88
INV-2025-08,Prosecco,ALC-010,Alcoholic Beverage,Wine,case of 12,20,114.89,2297.8
INV-2025-08,Rosé,ALC-011,Alcoholic Beverage,Wine,case of 12,26,89.95,2338.7
INV-2025-08,"Vodka, Well",ALC-012,Alcoholic Beverage,Spirits,1.75L bottle,27,26.78,723.06
INV-2025-08,"Vodka, Premium",ALC-013,Alcoholic Beverage,Spirits,1L bottle,3,34.92,104.76
INV-2025-08,"Gin, Well",ALC-014,Alcoholic Beverage,Spirits,1.75L bottle,24,22.68,544.32
INV-2025-08,"Tequila, Blanco Premium",ALC-015,Alcoholic Beverage,Spirits,1L bottle,9,34.69,312.21
INV-2025-08,"Tequila, Reposado Premium",ALC-016,Alcoholic Beverage,Spirits,1L bottle,19,43.28,822.32
INV-2025-08,"Bourbon, Well",ALC-017,Alcoholic Beverage,Spirits,1.75L bottle,15,29.01,435.15
INV-2025-08,"Bourbon, Premium",ALC-018,Alcoholic Beverage,Spirits,750ml bottle,4,45.94,183.76
INV-2025-08,"Rum, White",ALC-019,Alcoholic Beverage,Spirits,1.75L bottle,28,21.37,598.36
INV-2025-08,"Rum, Spiced",ALC-020,Alcoholic Beverage,Spirits,1L bottle,18,20.31,365.58
INV-2025-08,"Whiskey, Rye",ALC-021,Alcoholic Beverage,Spirits,750ml bottle,10,37.74,377.4
INV-2025-08,"Scotch, Blended",ALC-022,Alcoholic Beverage,Spirits,750ml bottle,22,27.51,605.22
INV-2025-08,Triple Sec,ALC-023,Alcoholic Beverage,Liqueur,1L bottle,3,16.8,50.4
INV-2025-08,Coffee Liqueur,ALC-024,Alcoholic Beverage,Liqueur,750ml bottle,13,24.2,314.6
INV-2025-08,Amaretto,ALC-025,Alcoholic Beverage,Liqueur,750ml bottle,30,22.69,680.7
INV-2025-08,"Stout, Bottled",ALC-026,Alcoholic Beverage,Beer,case of 24,16,43.0,688.0
INV-2025-08,Non-Alcoholic Beer,ALC-027,Alcoholic Beverage,Beer,case of 24,24,33.36,800.64
INV-2025-08,"Champagne, Brut",ALC-028,Alcoholic Beverage,Wine,case of 6,18,125.98,2267.64
INV-2025-08,Mezcal,ALC-029,Alcoholic Beverage,Spirits,750ml bottle,27,38.9,1050.3
INV-2025-08,"Vermouth, Dry",ALC-030,Alcoholic Beverage,Liqueur,1L bottle,21,11.57,242.97
INV-2025-08,All-Purpose Flour,DRY-001,Dry Goods & Spices,Flour,50 lb bag,21,21.51,451.71
INV-2025-08,Bread Flour,DRY-002,Dry Goods & Spices,Flour,50 lb bag,8,26.33,210.64
INV-2025-08,Cornmeal,DRY-003,Dry Goods & Spices,Flour,25 lb bag,30,16.93,507.9
INV-2025-08,"White Rice, Long Grain",DRY-004,Dry Goods & Spices,Grain,50 lb bag,45,36.69,1651.05
INV-2025-08,Jasmine Rice,DRY-005,Dry Goods & Spices,Grain,50 lb bag,31,33.52,1039.12
INV-2025-08,Quinoa,DRY-006,Dry Goods & Spices,Grain,10 lb bag,30,27.55,826.5
INV-2025-08,"Spaghetti, Dry",DRY-007,Dry Goods & Spices,Pasta,20 lb case,39,20.96,817.44
INV-2025-08,"Penne, Dry",DRY-008,Dry Goods & Spices,Pasta,20 lb case,14,17.77,248.78
INV-2025-08,"Black Beans, Dry",DRY-009,Dry Goods & Spices,Legume,25 lb bag,24,20.97,503.28
INV-2025-08,"Pinto Beans, Dry",DRY-010,Dry Goods & Spices,Legume,25 lb bag,18,23.66,425.88
INV-2025-08,Granulated Sugar,DRY-011,Dry Goods & Spices,Sugar,50 lb bag,14,25.27,353.78
INV-2025-08,Brown Sugar,DRY-012,Dry Goods & Spices,Sugar,25 lb bag,30,17.74,532.2
INV-2025-08,Powdered Sugar,DRY-013,Dry Goods & Spices,Sugar,25 lb bag,46,21.45,986.7
INV-2025-08,Kosher Salt,DRY-014,Dry Goods & Spices,Spice,25 lb bag,9,9.99,89.91
INV-2025-08,"Black Pepper, Ground",DRY-015,Dry Goods & Spices,Spice,1 lb bag,32,14.32,458.24
INV-2025-08,"Paprika, Smoked",DRY-016,Dry Goods & Spices,Spice,1 lb bag,20,9.29,185.8
INV-2025-08,"Cumin, Ground",DRY-017,Dry Goods & Spices,Spice,1 lb bag,10,14.09,140.9
INV-2025-08,Chili Powder,DRY-018,Dry Goods & Spices,Spice,1 lb bag,12,9.2,110.4
INV-2025-08,Garlic Powder,DRY-019,Dry Goods & Spices,Spice,1 lb bag,43,7.83,336.69
INV-2025-08,Onion Powder,DRY-020,Dry Goods & Spices,Spice,1 lb bag,47,9.67,454.49
INV-2025-08,Cayenne Pepper,DRY-021,Dry Goods & Spices,Spice,1 lb bag,16,8.9,142.4
INV-2025-08,"Oregano, Dried",DRY-022,Dry Goods & Spices,Spice,1 lb bag,50,12.48,624.0
INV-2025-08,"Cinnamon, Ground",DRY-023,Dry Goods & Spices,Spice,1 lb bag,5,8.8,44.0
INV-2025-08,Baking Powder,DRY-024,Dry Goods & Spices,Baking,10 lb can,27,19.33,521.91
INV-2025-08,Baking Soda,DRY-025,Dry Goods & Spices,Baking,12 lb box,21,9.86,207.06
INV-2025-08,Cocoa Powder,DRY-026,Dry Goods & Spices,Baking,5 lb bag,13,22.08,287.04
INV-2025-08,Panko Bread Crumbs,DRY-027,Dry Goods & Spices,Breading,25 lb case,22,35.05,771.1
INV-2025-08,Seasoned Bread Crumbs,DRY-028,Dry Goods & Spices,Breading,25 lb case,12,31.5,378.0
INV-2025-08,Sesame Seeds,DRY-029,Dry Goods & Spices,Nuts/Seeds,5 lb bag,6,19.99,119.94
INV-2025-08,Sliced Almonds,DRY-030,Dry Goods & Spices,Nuts/Seeds,5 lb bag,32,28.65,916.8
INV-2025-08,Frozen Peas,FRZ-001,Frozen/Refrigerated Goods,Frozen Vegetable,20 lb case,9,24.1,216.9
INV-2025-08,Frozen Corn,FRZ-002,Frozen/Refrigerated Goods,Frozen Vegetable,20 lb case,9,24.51,220.59
INV-2025-08,Frozen Broccoli Florets,FRZ-003,Frozen/Refrigerated Goods,Frozen Vegetable,20 lb case,37,29.01,1073.37
INV-2025-08,"Frozen Spinach, Chopped",FRZ-004,Frozen/Refrigerated Goods,Frozen Vegetable,20 lb case,36,27.81,1001.16
INV-2025-08,"French Fries, Straight Cut",FRZ-005,Frozen/Refrigerated Goods,Frozen Potato,30 lb case,15,32.76,491.4
INV-2025-08,Tater Tots,FRZ-006,Frozen/Refrigerated Goods,Frozen Potato,30 lb case,21,32.31,678.51
INV-2025-08,"Hash Browns, Shredded",FRZ-007,Frozen/Refrigerated Goods,Frozen Potato,20 lb case,12,26.43,317.16
INV-2025-08,"Dinner Rolls, Par-Baked",FRZ-008,Frozen/Refrigerated Goods,Frozen Bread,case of 200,37,36.16,1337.92
INV-2025-08,Pizza Dough Balls,FRZ-009,Frozen/Refrigerated Goods,Frozen Bread,case of 40,5,37.97,189.85
INV-2025-08,Vanilla Ice Cream,FRZ-010,Frozen/Refrigerated Goods,Frozen Dessert,3 gal tub,35,25.55,894.25
INV-2025-08,Chocolate Ice Cream,FRZ-011,Frozen/Refrigerated Goods,Frozen Dessert,3 gal tub,14,26.97,377.58
INV-2025-08,"Cheesecake, Uncut",FRZ-012,Frozen/Refrigerated Goods,Frozen Dessert,10 inch,7,19.86,139.02
INV-2025-08,Frozen Mixed Berries,FRZ-013,Frozen/Refrigerated Goods,Frozen Fruit,10 lb bag,31,32.83,1017.73
INV-2025-08,Frozen Mango Chunks,FRZ-014,Frozen/Refrigerated Goods,Frozen Fruit,10 lb bag,20,25.66,513.2
INV-2025-08,Shredded Mozzarella,FRZ-015,Frozen/Refrigerated Goods,Dairy,5 lb bag,25,18.05,451.25
INV-2025-08,Shredded Cheddar,FRZ-016,Frozen/Refrigerated Goods,Dairy,5 lb bag,9,18.56,167.04
INV-2025-08,"Parmesan, Grated",FRZ-017,Frozen/Refrigerated Goods,Dairy,5 lb bag,12,34.38,412.56
INV-2025-08,Cream Cheese,FRZ-018,Frozen/Refrigerated Goods,Dairy,3 lb block,8,11.58,92.64
INV-2025-08,"Butter, Unsalted",FRZ-019,Frozen/Refrigerated Goods,Dairy,36 lb case,38,118.89,4517.82
INV-2025-08,Heavy Cream,FRZ-020,Frozen/Refrigerated Goods,Dairy,quart,30,4.74,142.2
INV-2025-08,Sour Cream,FRZ-021,Frozen/Refrigerated Goods,Dairy,5 lb tub,34,16.22,551.48
INV-2025-08,"Eggs, Large",FRZ-022,Frozen/Refrigerated Goods,Dairy,case of 15 dz,24,52.67,1264.08
INV-2025-08,"Frozen Shrimp, 21/25",FRZ-023,Frozen/Refrigerated Goods,Frozen Protein,5 lb bag,40,62.84,2513.6
INV-2025-08,Frozen Chicken Wings,FRZ-024,Frozen/Refrigerated Goods,Frozen Protein,40 lb case,28,99.98,2799.44
INV-2025-08,Frozen Salmon Fillets,FRZ-025,Frozen/Refrigerated Goods,Frozen Protein,10 lb box,24,100.82,2419.68
INV-2025-08,Mozzarella Sticks,FRZ-026,Frozen/Refrigerated Goods,Frozen Appetizer,case of 240,20,57.3,1146.0
INV-2025-08,"Spring Rolls, Vegetable",FRZ-027,Frozen/Refrigerated Goods,Frozen Appetizer,case of 100,36,66.58,2396.88
INV-2025-08,"Yogurt, Plain",FRZ-028,Frozen/Refrigerated Goods,Dairy,5 lb tub,17,14.68,249.56
INV-2025-08,Frozen Diced Onions,FRZ-029,Frozen/Refrigerated Goods,Frozen Vegetable,20 lb case,39,27.52,1073.28
INV-2025-08,"Pie Crust, Frozen 9in",FRZ-030,Frozen/Refrigerated Goods,Frozen Dessert,case of 24,20,30.84,616.8
INV-2025-08,Canola Oil,LIQ-001,Liquids/Pastes/Sauces,Oil,35 lb jug,16,39.35,629.6
INV-2025-08,"Olive Oil, Extra Virgin",LIQ-002,Liquids/Pastes/Sauces,Oil,3 L tin,20,25.58,511.6
INV-2025-08,Vegetable Oil,LIQ-003,Liquids/Pastes/Sauces,Oil,35 lb jug,29,40.26,1167.54
INV-2025-08,Sesame Oil,LIQ-004,Liquids/Pastes/Sauces,Oil,1 gal jug,3,30.27,90.81
INV-2025-08,White Vinegar,LIQ-005,Liquids/Pastes/Sauces,Vinegar,1 gal jug,3,7.61,22.83
INV-2025-08,Balsamic Vinegar,LIQ-006,Liquids/Pastes/Sauces,Vinegar,1 gal jug,15,26.93,403.95
INV-2025-08,Rice Wine Vinegar,LIQ-007,Liquids/Pastes/Sauces,Vinegar,1 gal jug,26,19.28,501.28
INV-2025-08,Soy Sauce,LIQ-008,Liquids/Pastes/Sauces,Sauce,1 gal jug,9,12.75,114.75
INV-2025-08,Hot Sauce,LIQ-009,Liquids/Pastes/Sauces,Sauce,1 gal jug,10,23.4,234.0
INV-2025-08,Worcestershire Sauce,LIQ-010,Liquids/Pastes/Sauces,Sauce,1 gal jug,4,18.91,75.64
INV-2025-08,BBQ Sauce,LIQ-011,Liquids/Pastes/Sauces,Sauce,1 gal jug,7,17.18,120.26
INV-2025-08,Buffalo Wing Sauce,LIQ-012,Liquids/Pastes/Sauces,Sauce,1 gal jug,5,19.84,99.2
INV-2025-08,Teriyaki Sauce,LIQ-013,Liquids/Pastes/Sauces,Sauce,1 gal jug,10,19.41,194.1
INV-2025-08,Ranch Dressing,LIQ-014,Liquids/Pastes/Sauces,Sauce,1 gal jug,19,19.84,376.96
INV-2025-08,Caesar Dressing,LIQ-015,Liquids/Pastes/Sauces,Sauce,1 gal jug,14,19.05,266.7
INV-2025-08,"Vinaigrette, Balsamic",LIQ-016,Liquids/Pastes/Sauces,Sauce,1 gal jug,26,20.09,522.34
INV-2025-08,Tomato Paste,LIQ-017,Liquids/Pastes/Sauces,Paste,#10 can,6,12.25,73.5
INV-2025-08,Garlic Paste,LIQ-018,Liquids/Pastes/Sauces,Paste,4 lb tub,23,16.67,383.41
INV-2025-08,Ginger Paste,LIQ-019,Liquids/Pastes/Sauces,Paste,4 lb tub,5,18.45,92.25
INV-2025-08,"Curry Paste, Red",LIQ-020,Liquids/Pastes/Sauces,Paste,14 oz can,4,6.19,24.76
INV-2025-08,Crushed Tomatoes,LIQ-021,Liquids/Pastes/Sauces,Canned Tomato,#10 can,7,10.16,71.12
INV-2025-08,Diced Tomatoes,LIQ-022,Liquids/Pastes/Sauces,Canned Tomato,#10 can,11,9.1,100.1
INV-2025-08,Tomato Puree,LIQ-023,Liquids/Pastes/Sauces,Canned Tomato,#10 can,28,8.01,224.28
INV-2025-08,"Chicken Stock, Liquid",LIQ-024,Liquids/Pastes/Sauces,Stock/Broth,1 gal jug,29,16.23,470.67
INV-2025-08,"Beef Stock, Liquid",LIQ-025,Liquids/Pastes/Sauces,Stock/Broth,1 gal jug,13,16.52,214.76
INV-2025-08,"Vegetable Stock, Liquid",LIQ-026,Liquids/Pastes/Sauces,Stock/Broth,1 gal jug,10,15.62,156.2
INV-2025-08,Marinara Sauce,LIQ-027,Liquids/Pastes/Sauces,Sauce,#10 can,9,12.52,112.68
INV-2025-08,Alfredo Sauce,LIQ-028,Liquids/Pastes/Sauces,Sauce,4 lb tub,27,18.04,487.08
INV-2025-08,Sriracha,LIQ-029,Liquids/Pastes/Sauces,Sauce,1 gal jug,7,21.9,153.3
INV-2025-08,Honey,LIQ-030,Liquids/Pastes/Sauces,Honey/Syrup,5 lb jug,17,19.08,324.36
INV-2025-08,Romaine Lettuce,PRD-001,Produce & Meat,Produce,case of 24 heads,15,32.04,480.6
INV-2025-08,Iceberg Lettuce,PRD-002,Produce & Meat,Produce,case of 24 heads,13,29.35,381.55
INV-2025-08,"Tomatoes, Roma",PRD-003,Produce & Meat,Produce,25 lb case,8,36.34,290.72
INV-2025-08,"Onions, Yellow",PRD-004,Produce & Meat,Produce,50 lb bag,16,23.52,376.32
INV-2025-08,"Garlic, Fresh",PRD-005,Produce & Meat,Produce,10 lb case,5,34.51,172.55
INV-2025-08,"Bell Peppers, Green",PRD-006,Produce & Meat,Produce,25 lb case,23,38.11,876.53
INV-2025-08,"Bell Peppers, Red",PRD-007,Produce & Meat,Produce,25 lb case,24,43.55,1045.2
INV-2025-08,Avocados,PRD-008,Produce & Meat,Produce,case of 48,3,63.32,189.96
INV-2025-08,Limes,PRD-009,Produce & Meat,Produce,case of 200,12,37.39,448.68
INV-2025-08,Lemons,PRD-010,Produce & Meat,Produce,case of 165,24,37.57,901.68
INV-2025-08,"Potatoes, Russet",PRD-011,Produce & Meat,Produce,50 lb bag,13,31.62,411.06
INV-2025-08,Carrots,PRD-012,Produce & Meat,Produce,25 lb bag,3,25.34,76.02
INV-2025-08,Celery,PRD-013,Produce & Meat,Produce,case of 30,10,31.48,314.8
INV-2025-08,"Mushrooms, White Button",PRD-014,Produce & Meat,Produce,10 lb case,7,31.01,217.07
INV-2025-08,Cilantro,PRD-015,Produce & Meat,Produce,case of 30 bunches,14,25.5,357.0
INV-2025-08,Jalapeños,PRD-016,Produce & Meat,Produce,10 lb case,19,18.62,353.78
INV-2025-08,Cucumbers,PRD-017,Produce & Meat,Produce,case of 24,9,18.97,170.73
INV-2025-08,"Spinach, Fresh",PRD-018,Produce & Meat,Produce,4 lb case,5,20.3,101.5
INV-2025-08,"Basil, Fresh",PRD-019,Produce & Meat,Produce,case of 12 bunches,6,22.41,134.46
INV-2025-08,"Ginger, Fresh",PRD-020,Produce & Meat,Produce,10 lb case,3,31.73,95.19
INV-2025-08,"Ground Beef, 80/20",PRD-021,Produce & Meat,Meat,case,9,4.79,43.11
INV-2025-08,"Chicken Breast, Boneless",PRD-022,Produce & Meat,Meat,case,14,4.57,63.98
INV-2025-08,"Chicken Thighs, Boneless",PRD-023,Produce & Meat,Meat,case,22,4.16,91.52
INV-2025-08,Pork Shoulder,PRD-024,Produce & Meat,Meat,case,4,3.81,15.24
INV-2025-08,"Bacon, Sliced",PRD-025,Produce & Meat,Meat,15 lb case,10,74.75,747.5
INV-2025-08,NY Strip Steak,PRD-026,Produce & Meat,Meat,case,4,14.06,56.24
INV-2025-08,Ribeye Steak,PRD-027,Produce & Meat,Meat,case,4,18.45,73.8
INV-2025-08,Ground Pork,PRD-028,Produce & Meat,Meat,case,22,3.83,84.26
INV-2025-08,"Salmon Fillet, Fresh",PRD-029,Produce & Meat,Seafood,case,6,12.47,74.82
INV-2025-08,"Shrimp, Fresh 16/20",PRD-030,Produce & Meat,Seafood,case,12,11.12,133.44
INV-2025-08,"To-Go Containers, 32oz",SUP-001,Supplies,To-Go,case of 150,69,33.79,2331.51
INV-2025-08,"To-Go Cups, 16oz",SUP-002,Supplies,To-Go,case of 1000,83,65.58,5443.14
INV-2025-08,"To-Go Cup Lids, Dome",SUP-003,Supplies,To-Go,case of 1000,60,32.27,1936.2
INV-2025-08,"Paper Bags, Kraft",SUP-004,Supplies,To-Go,case of 500,58,33.56,1946.48
INV-2025-08,"Napkins, Dinner",SUP-005,Supplies,Disposable,case of 3000,32,31.79,1017.28
INV-2025-08,"Straws, Wrapped",SUP-006,Supplies,Disposable,box of 500,33,9.32,307.56
INV-2025-08,"Plastic Cutlery, Forks",SUP-007,Supplies,Disposable,box of 1000,67,20.18,1352.06
INV-2025-08,"Plastic Cutlery, Spoons",SUP-008,Supplies,Disposable,box of 1000,14,17.55,245.7
INV-2025-08,Toothpicks,SUP-009,Supplies,Disposable,box of 1000,88,4.04,355.52
INV-2025-08,"Dish Soap, Concentrate",SUP-010,Supplies,Cleaning,1 gal jug,47,25.6,1203.2
INV-2025-08,"Degreaser, Kitchen",SUP-011,Supplies,Cleaning,1 gal jug,80,20.9,1672.0
INV-2025-08,Sanitizer Solution,SUP-012,Supplies,Cleaning,1 gal jug,21,17.39,365.19
INV-2025-08,Bleach,SUP-013,Supplies,Cleaning,1 gal jug,27,7.7,207.9
INV-2025-08,Glass Cleaner,SUP-014,Supplies,Cleaning,1 gal jug,92,16.6,1527.2
INV-2025-08,"Paper Towels, Roll",SUP-015,Supplies,Paper Goods,case of 12,77,39.67,3054.59
INV-2025-08,"Toilet Paper, Roll",SUP-016,Supplies,Paper Goods,case of 48,79,44.97,3552.63
INV-2025-08,Butcher Paper Roll,SUP-017,Supplies,Paper Goods,roll,58,32.16,1865.28
INV-2025-08,Parchment Paper Sheets,SUP-018,Supplies,Paper Goods,box of 1000,55,40.25,2213.75
INV-2025-08,Plastic Wrap Roll,SUP-019,Supplies,Wrap/Film,roll,72,19.44,1399.68
INV-2025-08,Aluminum Foil Roll,SUP-020,Supplies,Wrap/Film,roll,82,30.51,2501.82
INV-2025-08,"Disposable Gloves, Nitrile",SUP-021,Supplies,Gloves,case of 1000,59,54.85,3236.15
INV-2025-08,"Disposable Gloves, Vinyl",SUP-022,Supplies,Gloves,case of 1000,13,35.12,456.56
INV-2025-08,Food Storage Containers,SUP-023,Supplies,Storage,case of 100,38,34.06,1294.28
INV-2025-08,Container Lids,SUP-024,Supplies,Storage,case of 100,45,23.05,1037.25
INV-2025-08,"Deli Cups w/ Lids, 8oz",SUP-025,Supplies,Storage,case of 500,70,37.38,2616.6
INV-2025-08,Hand Soap,SUP-026,Supplies,Chemical,1 gal jug,84,17.54,1473.36
INV-2025-08,Hand Sanitizer,SUP-027,Supplies,Chemical,1 gal jug,30,18.88,566.4
INV-2025-08,Chafing Fuel Cans,SUP-028,Supplies,Small Wares,case of 24,94,38.06,3577.64
INV-2025-08,Aluminum Steam Table Pans,SUP-029,Supplies,Small Wares,case of 50,78,58.73,4580.94
INV-2025-08,"Menu Paper, Cardstock",SUP-030,Supplies,Menu/Marketing,ream of 500,17,21.0,357.0
INV-2025-09,Coca-Cola Syrup BIB,NAB-001,Non-Alcoholic Beverage,Soda,5 gal bag-in-box,27,72.51,1957.77
INV-2025-09,Diet Coke Syrup BIB,NAB-002,Non-Alcoholic Beverage,Soda,5 gal bag-in-box,16,56.8,908.8
INV-2025-09,Sprite Syrup BIB,NAB-003,Non-Alcoholic Beverage,Soda,5 gal bag-in-box,25,71.89,1797.25
INV-2025-09,Ginger Ale Syrup BIB,NAB-004,Non-Alcoholic Beverage,Soda,5 gal bag-in-box,27,71.24,1923.48
INV-2025-09,Still Water 16.9oz,NAB-005,Non-Alcoholic Beverage,Bottled Water,case of 24,6,7.09,42.54
INV-2025-09,Sparkling Water 12oz,NAB-006,Non-Alcoholic Beverage,Bottled Water,case of 24,27,18.61,502.47
INV-2025-09,Orange Juice Concentrate,NAB-007,Non-Alcoholic Beverage,Juice,gallon,14,11.84,165.76
INV-2025-09,Cranberry Juice Cocktail,NAB-008,Non-Alcoholic Beverage,Juice,gallon,17,9.6,163.2
INV-2025-09,Pineapple Juice,NAB-009,Non-Alcoholic Beverage,Juice,46 oz can,36,4.43,159.48
INV-2025-09,Lemon Juice (bottled),NAB-010,Non-Alcoholic Beverage,Juice,32 oz bottle,16,4.64,74.24
INV-2025-09,Lime Juice (bottled),NAB-011,Non-Alcoholic Beverage,Juice,32 oz bottle,10,3.98,39.8
INV-2025-09,"Espresso Beans, Dark Roast",NAB-012,Non-Alcoholic Beverage,Coffee,5 lb bag,19,39.56,751.64
INV-2025-09,"Drip Coffee, Medium Roast",NAB-013,Non-Alcoholic Beverage,Coffee,2 lb bag,35,15.42,539.7
INV-2025-09,"Decaf Coffee, Medium Roast",NAB-014,Non-Alcoholic Beverage,Coffee,2 lb bag,17,19.21,326.57
INV-2025-09,Black Tea Bags,NAB-015,Non-Alcoholic Beverage,Tea,box of 100,26,15.84,411.84
INV-2025-09,Green Tea Bags,NAB-016,Non-Alcoholic Beverage,Tea,box of 100,25,14.16,354.0
INV-2025-09,Herbal Chamomile Tea Bags,NAB-017,Non-Alcoholic Beverage,Tea,box of 100,14,16.87,236.18
INV-2025-09,Red Bull 8.4oz,NAB-018,Non-Alcoholic Beverage,Energy/Sports,case of 24,14,38.55,539.7
INV-2025-09,Gatorade Fruit Punch,NAB-019,Non-Alcoholic Beverage,Energy/Sports,case of 24,38,23.07,876.66
INV-2025-09,Whole Milk,NAB-020,Non-Alcoholic Beverage,Milk/Dairy Bev,half gallon,9,2.66,23.94
INV-2025-09,Oat Milk,NAB-021,Non-Alcoholic Beverage,Milk/Dairy Bev,32 oz carton,30,5.95,178.5
INV-2025-09,"Almond Milk, Unsweetened",NAB-022,Non-Alcoholic Beverage,Milk/Dairy Bev,32 oz carton,26,4.13,107.38
INV-2025-09,Root Beer Syrup BIB,NAB-023,Non-Alcoholic Beverage,Soda,5 gal bag-in-box,13,62.71,815.23
INV-2025-09,Club Soda Canister,NAB-024,Non-Alcoholic Beverage,Soda,5 gal canister,32,16.88,540.16
INV-2025-09,Grapefruit Juice,NAB-025,Non-Alcoholic Beverage,Juice,46 oz can,36,5.83,209.88
INV-2025-09,Tomato Juice,NAB-026,Non-Alcoholic Beverage,Juice,46 oz can,16,4.79,76.64
INV-2025-09,Sparkling Lemon Water 12oz,NAB-027,Non-Alcoholic Beverage,Bottled Water,case of 24,40,17.12,684.8
INV-2025-09,Cold Brew Concentrate,NAB-028,Non-Alcoholic Beverage,Coffee,gallon,27,19.61,529.47
INV-2025-09,Half & Half,NAB-029,Non-Alcoholic Beverage,Milk/Dairy Bev,quart,16,4.68,74.88
INV-2025-09,Powerade Blue,NAB-030,Non-Alcoholic Beverage,Energy/Sports,case of 24,23,16.54,380.42
INV-2025-09,Domestic Draft Lager Keg,ALC-001,Alcoholic Beverage,Beer,1/2 barrel keg,26,104.78,2724.28
INV-2025-09,Craft IPA Keg,ALC-002,Alcoholic Beverage,Beer,1/6 barrel keg,25,119.97,2999.25
INV-2025-09,"Mexican Lager, Bottled",ALC-003,Alcoholic Beverage,Beer,case of 24,15,42.21,633.15
INV-2025-09,"Wheat Beer, Bottled",ALC-004,Alcoholic Beverage,Beer,case of 24,27,35.36,954.72
INV-2025-09,Light Lager Draft Keg,ALC-005,Alcoholic Beverage,Beer,1/2 barrel keg,4,89.78,359.12
INV-2025-09,"Cabernet Sauvignon, House Red",ALC-006,Alcoholic Beverage,Wine,case of 12,13,87.66,1139.58
INV-2025-09,"Chardonnay, House White",ALC-007,Alcoholic Beverage,Wine,case of 12,22,79.4,1746.8
INV-2025-09,Pinot Noir,ALC-008,Alcoholic Beverage,Wine,case of 12,21,122.66,2575.86
INV-2025-09,Sauvignon Blanc,ALC-009,Alcoholic Beverage,Wine,case of 12,18,95.48,1718.64
INV-2025-09,Prosecco,ALC-010,Alcoholic Beverage,Wine,case of 12,26,105.42,2740.92
INV-2025-09,Rosé,ALC-011,Alcoholic Beverage,Wine,case of 12,14,95.26,1333.64
INV-2025-09,"Vodka, Well",ALC-012,Alcoholic Beverage,Spirits,1.75L bottle,8,25.55,204.4
INV-2025-09,"Vodka, Premium",ALC-013,Alcoholic Beverage,Spirits,1L bottle,5,34.78,173.9
INV-2025-09,"Gin, Well",ALC-014,Alcoholic Beverage,Spirits,1.75L bottle,24,21.87,524.88
INV-2025-09,"Tequila, Blanco Premium",ALC-015,Alcoholic Beverage,Spirits,1L bottle,13,34.29,445.77
INV-2025-09,"Tequila, Reposado Premium",ALC-016,Alcoholic Beverage,Spirits,1L bottle,11,43.43,477.73
INV-2025-09,"Bourbon, Well",ALC-017,Alcoholic Beverage,Spirits,1.75L bottle,25,27.92,698.0
INV-2025-09,"Bourbon, Premium",ALC-018,Alcoholic Beverage,Spirits,750ml bottle,11,45.96,505.56
INV-2025-09,"Rum, White",ALC-019,Alcoholic Beverage,Spirits,1.75L bottle,26,18.33,476.58
INV-2025-09,"Rum, Spiced",ALC-020,Alcoholic Beverage,Spirits,1L bottle,15,20.49,307.35
INV-2025-09,"Whiskey, Rye",ALC-021,Alcoholic Beverage,Spirits,750ml bottle,16,40.57,649.12
INV-2025-09,"Scotch, Blended",ALC-022,Alcoholic Beverage,Spirits,750ml bottle,16,29.51,472.16
INV-2025-09,Triple Sec,ALC-023,Alcoholic Beverage,Liqueur,1L bottle,15,15.22,228.3
INV-2025-09,Coffee Liqueur,ALC-024,Alcoholic Beverage,Liqueur,750ml bottle,15,24.07,361.05
INV-2025-09,Amaretto,ALC-025,Alcoholic Beverage,Liqueur,750ml bottle,18,22.51,405.18
INV-2025-09,"Stout, Bottled",ALC-026,Alcoholic Beverage,Beer,case of 24,21,45.01,945.21
INV-2025-09,Non-Alcoholic Beer,ALC-027,Alcoholic Beverage,Beer,case of 24,24,33.65,807.6
INV-2025-09,"Champagne, Brut",ALC-028,Alcoholic Beverage,Wine,case of 6,17,109.43,1860.31
INV-2025-09,Mezcal,ALC-029,Alcoholic Beverage,Spirits,750ml bottle,30,38.63,1158.9
INV-2025-09,"Vermouth, Dry",ALC-030,Alcoholic Beverage,Liqueur,1L bottle,3,12.07,36.21
INV-2025-09,All-Purpose Flour,DRY-001,Dry Goods & Spices,Flour,50 lb bag,11,21.0,231.0
INV-2025-09,Bread Flour,DRY-002,Dry Goods & Spices,Flour,50 lb bag,15,26.1,391.5
INV-2025-09,Cornmeal,DRY-003,Dry Goods & Spices,Flour,25 lb bag,15,17.54,263.1
INV-2025-09,"White Rice, Long Grain",DRY-004,Dry Goods & Spices,Grain,50 lb bag,40,37.99,1519.6
INV-2025-09,Jasmine Rice,DRY-005,Dry Goods & Spices,Grain,50 lb bag,10,33.06,330.6
INV-2025-09,Quinoa,DRY-006,Dry Goods & Spices,Grain,10 lb bag,44,31.38,1380.72
INV-2025-09,"Spaghetti, Dry",DRY-007,Dry Goods & Spices,Pasta,20 lb case,50,19.27,963.5
INV-2025-09,"Penne, Dry",DRY-008,Dry Goods & Spices,Pasta,20 lb case,46,17.44,802.24
INV-2025-09,"Black Beans, Dry",DRY-009,Dry Goods & Spices,Legume,25 lb bag,32,21.25,680.0
INV-2025-09,"Pinto Beans, Dry",DRY-010,Dry Goods & Spices,Legume,25 lb bag,11,21.4,235.4
INV-2025-09,Granulated Sugar,DRY-011,Dry Goods & Spices,Sugar,50 lb bag,17,24.76,420.92
INV-2025-09,Brown Sugar,DRY-012,Dry Goods & Spices,Sugar,25 lb bag,40,18.12,724.8
INV-2025-09,Powdered Sugar,DRY-013,Dry Goods & Spices,Sugar,25 lb bag,39,20.07,782.73
INV-2025-09,Kosher Salt,DRY-014,Dry Goods & Spices,Spice,25 lb bag,23,9.97,229.31
INV-2025-09,"Black Pepper, Ground",DRY-015,Dry Goods & Spices,Spice,1 lb bag,11,12.81,140.91
INV-2025-09,"Paprika, Smoked",DRY-016,Dry Goods & Spices,Spice,1 lb bag,41,10.08,413.28
INV-2025-09,"Cumin, Ground",DRY-017,Dry Goods & Spices,Spice,1 lb bag,36,12.46,448.56
INV-2025-09,Chili Powder,DRY-018,Dry Goods & Spices,Spice,1 lb bag,28,8.53,238.84
INV-2025-09,Garlic Powder,DRY-019,Dry Goods & Spices,Spice,1 lb bag,10,8.15,81.5
INV-2025-09,Onion Powder,DRY-020,Dry Goods & Spices,Spice,1 lb bag,47,9.5,446.5
INV-2025-09,Cayenne Pepper,DRY-021,Dry Goods & Spices,Spice,1 lb bag,35,9.02,315.7
INV-2025-09,"Oregano, Dried",DRY-022,Dry Goods & Spices,Spice,1 lb bag,6,12.63,75.78
INV-2025-09,"Cinnamon, Ground",DRY-023,Dry Goods & Spices,Spice,1 lb bag,45,8.99,404.55
INV-2025-09,Baking Powder,DRY-024,Dry Goods & Spices,Baking,10 lb can,10,19.18,191.8
INV-2025-09,Baking Soda,DRY-025,Dry Goods & Spices,Baking,12 lb box,12,10.09,121.08
INV-2025-09,Cocoa Powder,DRY-026,Dry Goods & Spices,Baking,5 lb bag,30,21.13,633.9
INV-2025-09,Panko Bread Crumbs,DRY-027,Dry Goods & Spices,Breading,25 lb case,47,32.52,1528.44
INV-2025-09,Seasoned Bread Crumbs,DRY-028,Dry Goods & Spices,Breading,25 lb case,46,30.4,1398.4
INV-2025-09,Sesame Seeds,DRY-029,Dry Goods & Spices,Nuts/Seeds,5 lb bag,16,20.11,321.76
INV-2025-09,Sliced Almonds,DRY-030,Dry Goods & Spices,Nuts/Seeds,5 lb bag,29,29.11,844.19
INV-2025-09,Frozen Peas,FRZ-001,Frozen/Refrigerated Goods,Frozen Vegetable,20 lb case,33,23.22,766.26
INV-2025-09,Frozen Corn,FRZ-002,Frozen/Refrigerated Goods,Frozen Vegetable,20 lb case,33,24.39,804.87
INV-2025-09,Frozen Broccoli Florets,FRZ-003,Frozen/Refrigerated Goods,Frozen Vegetable,20 lb case,19,31.27,594.13
INV-2025-09,"Frozen Spinach, Chopped",FRZ-004,Frozen/Refrigerated Goods,Frozen Vegetable,20 lb case,8,24.83,198.64
INV-2025-09,"French Fries, Straight Cut",FRZ-005,Frozen/Refrigerated Goods,Frozen Potato,30 lb case,11,31.25,343.75
INV-2025-09,Tater Tots,FRZ-006,Frozen/Refrigerated Goods,Frozen Potato,30 lb case,27,32.49,877.23
INV-2025-09,"Hash Browns, Shredded",FRZ-007,Frozen/Refrigerated Goods,Frozen Potato,20 lb case,31,29.71,921.01
INV-2025-09,"Dinner Rolls, Par-Baked",FRZ-008,Frozen/Refrigerated Goods,Frozen Bread,case of 200,19,39.63,752.97
INV-2025-09,Pizza Dough Balls,FRZ-009,Frozen/Refrigerated Goods,Frozen Bread,case of 40,29,41.61,1206.69
INV-2025-09,Vanilla Ice Cream,FRZ-010,Frozen/Refrigerated Goods,Frozen Dessert,3 gal tub,31,28.07,870.17
INV-2025-09,Chocolate Ice Cream,FRZ-011,Frozen/Refrigerated Goods,Frozen Dessert,3 gal tub,35,28.76,1006.6
INV-2025-09,"Cheesecake, Uncut",FRZ-012,Frozen/Refrigerated Goods,Frozen Dessert,10 inch,20,19.62,392.4
INV-2025-09,Frozen Mixed Berries,FRZ-013,Frozen/Refrigerated Goods,Frozen Fruit,10 lb bag,10,33.76,337.6
INV-2025-09,Frozen Mango Chunks,FRZ-014,Frozen/Refrigerated Goods,Frozen Fruit,10 lb bag,7,26.02,182.14
INV-2025-09,Shredded Mozzarella,FRZ-015,Frozen/Refrigerated Goods,Dairy,5 lb bag,38,19.64,746.32
INV-2025-09,Shredded Cheddar,FRZ-016,Frozen/Refrigerated Goods,Dairy,5 lb bag,14,17.24,241.36
INV-2025-09,"Parmesan, Grated",FRZ-017,Frozen/Refrigerated Goods,Dairy,5 lb bag,33,32.57,1074.81
INV-2025-09,Cream Cheese,FRZ-018,Frozen/Refrigerated Goods,Dairy,3 lb block,15,13.13,196.95
INV-2025-09,"Butter, Unsalted",FRZ-019,Frozen/Refrigerated Goods,Dairy,36 lb case,17,103.79,1764.43
INV-2025-09,Heavy Cream,FRZ-020,Frozen/Refrigerated Goods,Dairy,quart,32,4.75,152.0
INV-2025-09,Sour Cream,FRZ-021,Frozen/Refrigerated Goods,Dairy,5 lb tub,32,14.59,466.88
INV-2025-09,"Eggs, Large",FRZ-022,Frozen/Refrigerated Goods,Dairy,case of 15 dz,14,57.07,798.98
INV-2025-09,"Frozen Shrimp, 21/25",FRZ-023,Frozen/Refrigerated Goods,Frozen Protein,5 lb bag,21,61.45,1290.45
INV-2025-09,Frozen Chicken Wings,FRZ-024,Frozen/Refrigerated Goods,Frozen Protein,40 lb case,9,98.07,882.63
INV-2025-09,Frozen Salmon Fillets,FRZ-025,Frozen/Refrigerated Goods,Frozen Protein,10 lb box,40,95.51,3820.4
INV-2025-09,Mozzarella Sticks,FRZ-026,Frozen/Refrigerated Goods,Frozen Appetizer,case of 240,25,60.92,1523.0
INV-2025-09,"Spring Rolls, Vegetable",FRZ-027,Frozen/Refrigerated Goods,Frozen Appetizer,case of 100,38,61.26,2327.88
INV-2025-09,"Yogurt, Plain",FRZ-028,Frozen/Refrigerated Goods,Dairy,5 lb tub,5,14.8,74.0
INV-2025-09,Frozen Diced Onions,FRZ-029,Frozen/Refrigerated Goods,Frozen Vegetable,20 lb case,38,27.61,1049.18
INV-2025-09,"Pie Crust, Frozen 9in",FRZ-030,Frozen/Refrigerated Goods,Frozen Dessert,case of 24,12,32.22,386.64
INV-2025-09,Canola Oil,LIQ-001,Liquids/Pastes/Sauces,Oil,35 lb jug,7,43.04,301.28
INV-2025-09,"Olive Oil, Extra Virgin",LIQ-002,Liquids/Pastes/Sauces,Oil,3 L tin,21,27.3,573.3
INV-2025-09,Vegetable Oil,LIQ-003,Liquids/Pastes/Sauces,Oil,35 lb jug,6,41.7,250.2
INV-2025-09,Sesame Oil,LIQ-004,Liquids/Pastes/Sauces,Oil,1 gal jug,21,29.49,619.29
INV-2025-09,White Vinegar,LIQ-005,Liquids/Pastes/Sauces,Vinegar,1 gal jug,28,7.06,197.68
INV-2025-09,Balsamic Vinegar,LIQ-006,Liquids/Pastes/Sauces,Vinegar,1 gal jug,20,27.06,541.2
INV-2025-09,Rice Wine Vinegar,LIQ-007,Liquids/Pastes/Sauces,Vinegar,1 gal jug,16,19.14,306.24
INV-2025-09,Soy Sauce,LIQ-008,Liquids/Pastes/Sauces,Sauce,1 gal jug,23,12.66,291.18
INV-2025-09,Hot Sauce,LIQ-009,Liquids/Pastes/Sauces,Sauce,1 gal jug,22,23.6,519.2
INV-2025-09,Worcestershire Sauce,LIQ-010,Liquids/Pastes/Sauces,Sauce,1 gal jug,8,16.95,135.6
INV-2025-09,BBQ Sauce,LIQ-011,Liquids/Pastes/Sauces,Sauce,1 gal jug,7,16.93,118.51
INV-2025-09,Buffalo Wing Sauce,LIQ-012,Liquids/Pastes/Sauces,Sauce,1 gal jug,24,22.06,529.44
INV-2025-09,Teriyaki Sauce,LIQ-013,Liquids/Pastes/Sauces,Sauce,1 gal jug,4,17.95,71.8
INV-2025-09,Ranch Dressing,LIQ-014,Liquids/Pastes/Sauces,Sauce,1 gal jug,13,20.73,269.49
INV-2025-09,Caesar Dressing,LIQ-015,Liquids/Pastes/Sauces,Sauce,1 gal jug,4,19.93,79.72
INV-2025-09,"Vinaigrette, Balsamic",LIQ-016,Liquids/Pastes/Sauces,Sauce,1 gal jug,11,22.89,251.79
INV-2025-09,Tomato Paste,LIQ-017,Liquids/Pastes/Sauces,Paste,#10 can,3,11.92,35.76
INV-2025-09,Garlic Paste,LIQ-018,Liquids/Pastes/Sauces,Paste,4 lb tub,28,15.36,430.08
INV-2025-09,Ginger Paste,LIQ-019,Liquids/Pastes/Sauces,Paste,4 lb tub,11,19.18,210.98
INV-2025-09,"Curry Paste, Red",LIQ-020,Liquids/Pastes/Sauces,Paste,14 oz can,30,6.46,193.8
INV-2025-09,Crushed Tomatoes,LIQ-021,Liquids/Pastes/Sauces,Canned Tomato,#10 can,6,11.41,68.46
INV-2025-09,Diced Tomatoes,LIQ-022,Liquids/Pastes/Sauces,Canned Tomato,#10 can,10,8.12,81.2
INV-2025-09,Tomato Puree,LIQ-023,Liquids/Pastes/Sauces,Canned Tomato,#10 can,26,8.08,210.08
INV-2025-09,"Chicken Stock, Liquid",LIQ-024,Liquids/Pastes/Sauces,Stock/Broth,1 gal jug,29,15.19,440.51
INV-2025-09,"Beef Stock, Liquid",LIQ-025,Liquids/Pastes/Sauces,Stock/Broth,1 gal jug,26,16.43,427.18
INV-2025-09,"Vegetable Stock, Liquid",LIQ-026,Liquids/Pastes/Sauces,Stock/Broth,1 gal jug,23,15.66,360.18
INV-2025-09,Marinara Sauce,LIQ-027,Liquids/Pastes/Sauces,Sauce,#10 can,17,12.68,215.56
INV-2025-09,Alfredo Sauce,LIQ-028,Liquids/Pastes/Sauces,Sauce,4 lb tub,29,17.54,508.66
INV-2025-09,Sriracha,LIQ-029,Liquids/Pastes/Sauces,Sauce,1 gal jug,18,24.35,438.3
INV-2025-09,Honey,LIQ-030,Liquids/Pastes/Sauces,Honey/Syrup,5 lb jug,30,18.79,563.7
INV-2025-09,Romaine Lettuce,PRD-001,Produce & Meat,Produce,case of 24 heads,3,34.19,102.57
INV-2025-09,Iceberg Lettuce,PRD-002,Produce & Meat,Produce,case of 24 heads,7,25.42,177.94
INV-2025-09,"Tomatoes, Roma",PRD-003,Produce & Meat,Produce,25 lb case,24,36.66,879.84
INV-2025-09,"Onions, Yellow",PRD-004,Produce & Meat,Produce,50 lb bag,6,25.54,153.24
INV-2025-09,"Garlic, Fresh",PRD-005,Produce & Meat,Produce,10 lb case,18,39.17,705.06
INV-2025-09,"Bell Peppers, Green",PRD-006,Produce & Meat,Produce,25 lb case,2,37.29,74.58
INV-2025-09,"Bell Peppers, Red",PRD-007,Produce & Meat,Produce,25 lb case,8,44.5,356.0
INV-2025-09,Avocados,PRD-008,Produce & Meat,Produce,case of 48,9,61.39,552.51
INV-2025-09,Limes,PRD-009,Produce & Meat,Produce,case of 200,3,42.27,126.81
INV-2025-09,Lemons,PRD-010,Produce & Meat,Produce,case of 165,24,37.27,894.48
INV-2025-09,"Potatoes, Russet",PRD-011,Produce & Meat,Produce,50 lb bag,13,33.81,439.53
INV-2025-09,Carrots,PRD-012,Produce & Meat,Produce,25 lb bag,18,24.23,436.14
INV-2025-09,Celery,PRD-013,Produce & Meat,Produce,case of 30,5,30.82,154.1
INV-2025-09,"Mushrooms, White Button",PRD-014,Produce & Meat,Produce,10 lb case,9,32.84,295.56
INV-2025-09,Cilantro,PRD-015,Produce & Meat,Produce,case of 30 bunches,21,23.92,502.32
INV-2025-09,Jalapeños,PRD-016,Produce & Meat,Produce,10 lb case,17,18.16,308.72
INV-2025-09,Cucumbers,PRD-017,Produce & Meat,Produce,case of 24,13,19.78,257.14
INV-2025-09,"Spinach, Fresh",PRD-018,Produce & Meat,Produce,4 lb case,10,20.13,201.3
INV-2025-09,"Basil, Fresh",PRD-019,Produce & Meat,Produce,case of 12 bunches,24,22.29,534.96
INV-2025-09,"Ginger, Fresh",PRD-020,Produce & Meat,Produce,10 lb case,2,29.59,59.18
INV-2025-09,"Ground Beef, 80/20",PRD-021,Produce & Meat,Meat,case,7,5.38,37.66
INV-2025-09,"Chicken Breast, Boneless",PRD-022,Produce & Meat,Meat,case,8,4.94,39.52
INV-2025-09,"Chicken Thighs, Boneless",PRD-023,Produce & Meat,Meat,case,22,3.72,81.84
INV-2025-09,Pork Shoulder,PRD-024,Produce & Meat,Meat,case,8,3.62,28.96
INV-2025-09,"Bacon, Sliced",PRD-025,Produce & Meat,Meat,15 lb case,15,70.22,1053.3
INV-2025-09,NY Strip Steak,PRD-026,Produce & Meat,Meat,case,23,14.03,322.69
INV-2025-09,Ribeye Steak,PRD-027,Produce & Meat,Meat,case,6,19.85,119.1
INV-2025-09,Ground Pork,PRD-028,Produce & Meat,Meat,case,21,4.06,85.26
INV-2025-09,"Salmon Fillet, Fresh",PRD-029,Produce & Meat,Seafood,case,9,12.81,115.29
INV-2025-09,"Shrimp, Fresh 16/20",PRD-030,Produce & Meat,Seafood,case,11,12.23,134.53
INV-2025-09,"To-Go Containers, 32oz",SUP-001,Supplies,To-Go,case of 150,100,37.24,3724.0
INV-2025-09,"To-Go Cups, 16oz",SUP-002,Supplies,To-Go,case of 1000,64,70.48,4510.72
INV-2025-09,"To-Go Cup Lids, Dome",SUP-003,Supplies,To-Go,case of 1000,54,32.08,1732.32
INV-2025-09,"Paper Bags, Kraft",SUP-004,Supplies,To-Go,case of 500,37,32.43,1199.91
INV-2025-09,"Napkins, Dinner",SUP-005,Supplies,Disposable,case of 3000,96,32.66,3135.36
INV-2025-09,"Straws, Wrapped",SUP-006,Supplies,Disposable,box of 500,89,9.51,846.39
INV-2025-09,"Plastic Cutlery, Forks",SUP-007,Supplies,Disposable,box of 1000,23,17.51,402.73
INV-2025-09,"Plastic Cutlery, Spoons",SUP-008,Supplies,Disposable,box of 1000,94,18.53,1741.82
INV-2025-09,Toothpicks,SUP-009,Supplies,Disposable,box of 1000,57,4.25,242.25
INV-2025-09,"Dish Soap, Concentrate",SUP-010,Supplies,Cleaning,1 gal jug,86,26.05,2240.3
INV-2025-09,"Degreaser, Kitchen",SUP-011,Supplies,Cleaning,1 gal jug,48,21.59,1036.32
INV-2025-09,Sanitizer Solution,SUP-012,Supplies,Cleaning,1 gal jug,71,16.76,1189.96
INV-2025-09,Bleach,SUP-013,Supplies,Cleaning,1 gal jug,45,7.98,359.1
INV-2025-09,Glass Cleaner,SUP-014,Supplies,Cleaning,1 gal jug,45,15.04,676.8
INV-2025-09,"Paper Towels, Roll",SUP-015,Supplies,Paper Goods,case of 12,93,40.0,3720.0
INV-2025-09,"Toilet Paper, Roll",SUP-016,Supplies,Paper Goods,case of 48,29,43.06,1248.74
INV-2025-09,Butcher Paper Roll,SUP-017,Supplies,Paper Goods,roll,40,32.74,1309.6
INV-2025-09,Parchment Paper Sheets,SUP-018,Supplies,Paper Goods,box of 1000,86,39.76,3419.36
INV-2025-09,Plastic Wrap Roll,SUP-019,Supplies,Wrap/Film,roll,50,20.52,1026.0
INV-2025-09,Aluminum Foil Roll,SUP-020,Supplies,Wrap/Film,roll,13,31.26,406.38
INV-2025-09,"Disposable Gloves, Nitrile",SUP-021,Supplies,Gloves,case of 1000,47,54.75,2573.25
INV-2025-09,"Disposable Gloves, Vinyl",SUP-022,Supplies,Gloves,case of 1000,63,35.62,2244.06
INV-2025-09,Food Storage Containers,SUP-023,Supplies,Storage,case of 100,14,37.32,522.48
INV-2025-09,Container Lids,SUP-024,Supplies,Storage,case of 100,83,26.05,2162.15
INV-2025-09,"Deli Cups w/ Lids, 8oz",SUP-025,Supplies,Storage,case of 500,53,38.55,2043.15
INV-2025-09,Hand Soap,SUP-026,Supplies,Chemical,1 gal jug,38,16.72,635.36
INV-2025-09,Hand Sanitizer,SUP-027,Supplies,Chemical,1 gal jug,91,21.09,1919.19
INV-2025-09,Chafing Fuel Cans,SUP-028,Supplies,Small Wares,case of 24,95,38.8,3686.0
INV-2025-09,Aluminum Steam Table Pans,SUP-029,Supplies,Small Wares,case of 50,48,58.99,2831.52
INV-2025-09,"Menu Paper, Cardstock",SUP-030,Supplies,Menu/Marketing,ream of 500,94,21.36,2007.84
INV-2025-10,Coca-Cola Syrup BIB,NAB-001,Non-Alcoholic Beverage,Soda,5 gal bag-in-box,11,67.47,742.17
INV-2025-10,Diet Coke Syrup BIB,NAB-002,Non-Alcoholic Beverage,Soda,5 gal bag-in-box,21,62.06,1303.26
INV-2025-10,Sprite Syrup BIB,NAB-003,Non-Alcoholic Beverage,Soda,5 gal bag-in-box,40,71.41,2856.4
INV-2025-10,Ginger Ale Syrup BIB,NAB-004,Non-Alcoholic Beverage,Soda,5 gal bag-in-box,16,71.59,1145.44
INV-2025-10,Still Water 16.9oz,NAB-005,Non-Alcoholic Beverage,Bottled Water,case of 24,26,7.04,183.04
INV-2025-10,Sparkling Water 12oz,NAB-006,Non-Alcoholic Beverage,Bottled Water,case of 24,19,16.97,322.43
INV-2025-10,Orange Juice Concentrate,NAB-007,Non-Alcoholic Beverage,Juice,gallon,24,11.57,277.68
INV-2025-10,Cranberry Juice Cocktail,NAB-008,Non-Alcoholic Beverage,Juice,gallon,26,8.92,231.92
INV-2025-10,Pineapple Juice,NAB-009,Non-Alcoholic Beverage,Juice,46 oz can,23,4.37,100.51
INV-2025-10,Lemon Juice (bottled),NAB-010,Non-Alcoholic Beverage,Juice,32 oz bottle,12,4.63,55.56
INV-2025-10,Lime Juice (bottled),NAB-011,Non-Alcoholic Beverage,Juice,32 oz bottle,9,4.26,38.34
INV-2025-10,"Espresso Beans, Dark Roast",NAB-012,Non-Alcoholic Beverage,Coffee,5 lb bag,17,42.85,728.45
INV-2025-10,"Drip Coffee, Medium Roast",NAB-013,Non-Alcoholic Beverage,Coffee,2 lb bag,29,16.84,488.36
INV-2025-10,"Decaf Coffee, Medium Roast",NAB-014,Non-Alcoholic Beverage,Coffee,2 lb bag,31,17.0,527.0
INV-2025-10,Black Tea Bags,NAB-015,Non-Alcoholic Beverage,Tea,box of 100,14,14.42,201.88
INV-2025-10,Green Tea Bags,NAB-016,Non-Alcoholic Beverage,Tea,box of 100,17,14.85,252.45
INV-2025-10,Herbal Chamomile Tea Bags,NAB-017,Non-Alcoholic Beverage,Tea,box of 100,34,15.69,533.46
INV-2025-10,Red Bull 8.4oz,NAB-018,Non-Alcoholic Beverage,Energy/Sports,case of 24,16,38.58,617.28
INV-2025-10,Gatorade Fruit Punch,NAB-019,Non-Alcoholic Beverage,Energy/Sports,case of 24,36,21.23,764.28
INV-2025-10,Whole Milk,NAB-020,Non-Alcoholic Beverage,Milk/Dairy Bev,half gallon,16,2.63,42.08
INV-2025-10,Oat Milk,NAB-021,Non-Alcoholic Beverage,Milk/Dairy Bev,32 oz carton,8,5.4,43.2
INV-2025-10,"Almond Milk, Unsweetened",NAB-022,Non-Alcoholic Beverage,Milk/Dairy Bev,32 oz carton,22,4.07,89.54
INV-2025-10,Root Beer Syrup BIB,NAB-023,Non-Alcoholic Beverage,Soda,5 gal bag-in-box,15,58.98,884.7
INV-2025-10,Club Soda Canister,NAB-024,Non-Alcoholic Beverage,Soda,5 gal canister,15,16.1,241.5
INV-2025-10,Grapefruit Juice,NAB-025,Non-Alcoholic Beverage,Juice,46 oz can,10,5.35,53.5
INV-2025-10,Tomato Juice,NAB-026,Non-Alcoholic Beverage,Juice,46 oz can,32,4.74,151.68
INV-2025-10,Sparkling Lemon Water 12oz,NAB-027,Non-Alcoholic Beverage,Bottled Water,case of 24,30,16.42,492.6
INV-2025-10,Cold Brew Concentrate,NAB-028,Non-Alcoholic Beverage,Coffee,gallon,35,20.14,704.9
INV-2025-10,Half & Half,NAB-029,Non-Alcoholic Beverage,Milk/Dairy Bev,quart,7,4.8,33.6
INV-2025-10,Powerade Blue,NAB-030,Non-Alcoholic Beverage,Energy/Sports,case of 24,28,18.86,528.08
INV-2025-10,Domestic Draft Lager Keg,ALC-001,Alcoholic Beverage,Beer,1/2 barrel keg,13,118.54,1541.02
INV-2025-10,Craft IPA Keg,ALC-002,Alcoholic Beverage,Beer,1/6 barrel keg,19,106.39,2021.41
INV-2025-10,"Mexican Lager, Bottled",ALC-003,Alcoholic Beverage,Beer,case of 24,24,36.8,883.2
INV-2025-10,"Wheat Beer, Bottled",ALC-004,Alcoholic Beverage,Beer,case of 24,26,31.59,821.34
INV-2025-10,Light Lager Draft Keg,ALC-005,Alcoholic Beverage,Beer,1/2 barrel keg,25,100.3,2507.5
INV-2025-10,"Cabernet Sauvignon, House Red",ALC-006,Alcoholic Beverage,Wine,case of 12,12,77.25,927.0
INV-2025-10,"Chardonnay, House White",ALC-007,Alcoholic Beverage,Wine,case of 12,15,83.15,1247.25
INV-2025-10,Pinot Noir,ALC-008,Alcoholic Beverage,Wine,case of 12,12,123.98,1487.76
INV-2025-10,Sauvignon Blanc,ALC-009,Alcoholic Beverage,Wine,case of 12,29,93.94,2724.26
INV-2025-10,Prosecco,ALC-010,Alcoholic Beverage,Wine,case of 12,12,112.26,1347.12
INV-2025-10,Rosé,ALC-011,Alcoholic Beverage,Wine,case of 12,19,89.79,1706.01
INV-2025-10,"Vodka, Well",ALC-012,Alcoholic Beverage,Spirits,1.75L bottle,13,24.74,321.62
INV-2025-10,"Vodka, Premium",ALC-013,Alcoholic Beverage,Spirits,1L bottle,24,35.7,856.8
INV-2025-10,"Gin, Well",ALC-014,Alcoholic Beverage,Spirits,1.75L bottle,13,23.09,300.17
INV-2025-10,"Tequila, Blanco Premium",ALC-015,Alcoholic Beverage,Spirits,1L bottle,18,33.81,608.58
INV-2025-10,"Tequila, Reposado Premium",ALC-016,Alcoholic Beverage,Spirits,1L bottle,9,43.11,387.99
INV-2025-10,"Bourbon, Well",ALC-017,Alcoholic Beverage,Spirits,1.75L bottle,28,29.53,826.84
INV-2025-10,"Bourbon, Premium",ALC-018,Alcoholic Beverage,Spirits,750ml bottle,10,42.0,420.0
INV-2025-10,"Rum, White",ALC-019,Alcoholic Beverage,Spirits,1.75L bottle,7,19.0,133.0
INV-2025-10,"Rum, Spiced",ALC-020,Alcoholic Beverage,Spirits,1L bottle,3,20.99,62.97
INV-2025-10,"Whiskey, Rye",ALC-021,Alcoholic Beverage,Spirits,750ml bottle,8,35.46,283.68
INV-2025-10,"Scotch, Blended",ALC-022,Alcoholic Beverage,Spirits,750ml bottle,25,30.25,756.25
INV-2025-10,Triple Sec,ALC-023,Alcoholic Beverage,Liqueur,1L bottle,4,15.28,61.12
INV-2025-10,Coffee Liqueur,ALC-024,Alcoholic Beverage,Liqueur,750ml bottle,23,24.71,568.33
INV-2025-10,Amaretto,ALC-025,Alcoholic Beverage,Liqueur,750ml bottle,20,21.94,438.8
INV-2025-10,"Stout, Bottled",ALC-026,Alcoholic Beverage,Beer,case of 24,22,47.43,1043.46
INV-2025-10,Non-Alcoholic Beer,ALC-027,Alcoholic Beverage,Beer,case of 24,24,32.99,791.76
INV-2025-10,"Champagne, Brut",ALC-028,Alcoholic Beverage,Wine,case of 6,29,108.42,3144.18
INV-2025-10,Mezcal,ALC-029,Alcoholic Beverage,Spirits,750ml bottle,25,39.18,979.5
INV-2025-10,"Vermouth, Dry",ALC-030,Alcoholic Beverage,Liqueur,1L bottle,17,12.19,207.23
INV-2025-10,All-Purpose Flour,DRY-001,Dry Goods & Spices,Flour,50 lb bag,40,21.65,866.0
INV-2025-10,Bread Flour,DRY-002,Dry Goods & Spices,Flour,50 lb bag,49,23.21,1137.29
INV-2025-10,Cornmeal,DRY-003,Dry Goods & Spices,Flour,25 lb bag,49,17.41,853.09
INV-2025-10,"White Rice, Long Grain",DRY-004,Dry Goods & Spices,Grain,50 lb bag,5,34.35,171.75
INV-2025-10,Jasmine Rice,DRY-005,Dry Goods & Spices,Grain,50 lb bag,47,31.77,1493.19
INV-2025-10,Quinoa,DRY-006,Dry Goods & Spices,Grain,10 lb bag,38,28.43,1080.34
INV-2025-10,"Spaghetti, Dry",DRY-007,Dry Goods & Spices,Pasta,20 lb case,43,21.5,924.5
INV-2025-10,"Penne, Dry",DRY-008,Dry Goods & Spices,Pasta,20 lb case,31,19.41,601.71
INV-2025-10,"Black Beans, Dry",DRY-009,Dry Goods & Spices,Legume,25 lb bag,11,22.52,247.72
INV-2025-10,"Pinto Beans, Dry",DRY-010,Dry Goods & Spices,Legume,25 lb bag,44,20.65,908.6
INV-2025-10,Granulated Sugar,DRY-011,Dry Goods & Spices,Sugar,50 lb bag,12,26.26,315.12
INV-2025-10,Brown Sugar,DRY-012,Dry Goods & Spices,Sugar,25 lb bag,36,16.66,599.76
INV-2025-10,Powdered Sugar,DRY-013,Dry Goods & Spices,Sugar,25 lb bag,17,21.78,370.26
INV-2025-10,Kosher Salt,DRY-014,Dry Goods & Spices,Spice,25 lb bag,38,11.08,421.04
INV-2025-10,"Black Pepper, Ground",DRY-015,Dry Goods & Spices,Spice,1 lb bag,27,14.26,385.02
INV-2025-10,"Paprika, Smoked",DRY-016,Dry Goods & Spices,Spice,1 lb bag,23,9.46,217.58
INV-2025-10,"Cumin, Ground",DRY-017,Dry Goods & Spices,Spice,1 lb bag,40,13.18,527.2
INV-2025-10,Chili Powder,DRY-018,Dry Goods & Spices,Spice,1 lb bag,18,9.55,171.9
INV-2025-10,Garlic Powder,DRY-019,Dry Goods & Spices,Spice,1 lb bag,35,8.2,287.0
INV-2025-10,Onion Powder,DRY-020,Dry Goods & Spices,Spice,1 lb bag,5,8.58,42.9
INV-2025-10,Cayenne Pepper,DRY-021,Dry Goods & Spices,Spice,1 lb bag,10,10.1,101.0
INV-2025-10,"Oregano, Dried",DRY-022,Dry Goods & Spices,Spice,1 lb bag,41,13.61,558.01
INV-2025-10,"Cinnamon, Ground",DRY-023,Dry Goods & Spices,Spice,1 lb bag,14,9.97,139.58
INV-2025-10,Baking Powder,DRY-024,Dry Goods & Spices,Baking,10 lb can,37,17.95,664.15
INV-2025-10,Baking Soda,DRY-025,Dry Goods & Spices,Baking,12 lb box,11,11.08,121.88
INV-2025-10,Cocoa Powder,DRY-026,Dry Goods & Spices,Baking,5 lb bag,46,20.32,934.72
INV-2025-10,Panko Bread Crumbs,DRY-027,Dry Goods & Spices,Breading,25 lb case,23,32.51,747.73
INV-2025-10,Seasoned Bread Crumbs,DRY-028,Dry Goods & Spices,Breading,25 lb case,8,28.26,226.08
INV-2025-10,Sesame Seeds,DRY-029,Dry Goods & Spices,Nuts/Seeds,5 lb bag,16,21.76,348.16
INV-2025-10,Sliced Almonds,DRY-030,Dry Goods & Spices,Nuts/Seeds,5 lb bag,23,29.07,668.61
INV-2025-10,Frozen Peas,FRZ-001,Frozen/Refrigerated Goods,Frozen Vegetable,20 lb case,25,24.75,618.75
INV-2025-10,Frozen Corn,FRZ-002,Frozen/Refrigerated Goods,Frozen Vegetable,20 lb case,12,22.94,275.28
INV-2025-10,Frozen Broccoli Florets,FRZ-003,Frozen/Refrigerated Goods,Frozen Vegetable,20 lb case,7,27.34,191.38
INV-2025-10,"Frozen Spinach, Chopped",FRZ-004,Frozen/Refrigerated Goods,Frozen Vegetable,20 lb case,13,26.99,350.87
INV-2025-10,"French Fries, Straight Cut",FRZ-005,Frozen/Refrigerated Goods,Frozen Potato,30 lb case,15,32.55,488.25
INV-2025-10,Tater Tots,FRZ-006,Frozen/Refrigerated Goods,Frozen Potato,30 lb case,33,33.21,1095.93
INV-2025-10,"Hash Browns, Shredded",FRZ-007,Frozen/Refrigerated Goods,Frozen Potato,20 lb case,22,29.3,644.6
INV-2025-10,"Dinner Rolls, Par-Baked",FRZ-008,Frozen/Refrigerated Goods,Frozen Bread,case of 200,10,38.49,384.9
INV-2025-10,Pizza Dough Balls,FRZ-009,Frozen/Refrigerated Goods,Frozen Bread,case of 40,26,37.58,977.08
INV-2025-10,Vanilla Ice Cream,FRZ-010,Frozen/Refrigerated Goods,Frozen Dessert,3 gal tub,30,25.7,771.0
INV-2025-10,Chocolate Ice Cream,FRZ-011,Frozen/Refrigerated Goods,Frozen Dessert,3 gal tub,34,27.39,931.26
INV-2025-10,"Cheesecake, Uncut",FRZ-012,Frozen/Refrigerated Goods,Frozen Dessert,10 inch,29,20.29,588.41
INV-2025-10,Frozen Mixed Berries,FRZ-013,Frozen/Refrigerated Goods,Frozen Fruit,10 lb bag,35,35.99,1259.65
INV-2025-10,Frozen Mango Chunks,FRZ-014,Frozen/Refrigerated Goods,Frozen Fruit,10 lb bag,15,24.4,366.0
INV-2025-10,Shredded Mozzarella,FRZ-015,Frozen/Refrigerated Goods,Dairy,5 lb bag,8,20.18,161.44
INV-2025-10,Shredded Cheddar,FRZ-016,Frozen/Refrigerated Goods,Dairy,5 lb bag,15,17.19,257.85
INV-2025-10,"Parmesan, Grated",FRZ-017,Frozen/Refrigerated Goods,Dairy,5 lb bag,35,36.03,1261.05
INV-2025-10,Cream Cheese,FRZ-018,Frozen/Refrigerated Goods,Dairy,3 lb block,33,11.59,382.47
INV-2025-10,"Butter, Unsalted",FRZ-019,Frozen/Refrigerated Goods,Dairy,36 lb case,29,115.32,3344.28
INV-2025-10,Heavy Cream,FRZ-020,Frozen/Refrigerated Goods,Dairy,quart,6,5.39,32.34
INV-2025-10,Sour Cream,FRZ-021,Frozen/Refrigerated Goods,Dairy,5 lb tub,13,15.28,198.64
INV-2025-10,"Eggs, Large",FRZ-022,Frozen/Refrigerated Goods,Dairy,case of 15 dz,36,50.82,1829.52
INV-2025-10,"Frozen Shrimp, 21/25",FRZ-023,Frozen/Refrigerated Goods,Frozen Protein,5 lb bag,31,62.68,1943.08
INV-2025-10,Frozen Chicken Wings,FRZ-024,Frozen/Refrigerated Goods,Frozen Protein,40 lb case,9,101.0,909.0
INV-2025-10,Frozen Salmon Fillets,FRZ-025,Frozen/Refrigerated Goods,Frozen Protein,10 lb box,25,89.52,2238.0
INV-2025-10,Mozzarella Sticks,FRZ-026,Frozen/Refrigerated Goods,Frozen Appetizer,case of 240,38,60.1,2283.8
INV-2025-10,"Spring Rolls, Vegetable",FRZ-027,Frozen/Refrigerated Goods,Frozen Appetizer,case of 100,19,66.39,1261.41
INV-2025-10,"Yogurt, Plain",FRZ-028,Frozen/Refrigerated Goods,Dairy,5 lb tub,26,14.19,368.94
INV-2025-10,Frozen Diced Onions,FRZ-029,Frozen/Refrigerated Goods,Frozen Vegetable,20 lb case,11,26.14,287.54
INV-2025-10,"Pie Crust, Frozen 9in",FRZ-030,Frozen/Refrigerated Goods,Frozen Dessert,case of 24,20,32.58,651.6
INV-2025-10,Canola Oil,LIQ-001,Liquids/Pastes/Sauces,Oil,35 lb jug,24,43.79,1050.96
INV-2025-10,"Olive Oil, Extra Virgin",LIQ-002,Liquids/Pastes/Sauces,Oil,3 L tin,15,24.75,371.25
INV-2025-10,Vegetable Oil,LIQ-003,Liquids/Pastes/Sauces,Oil,35 lb jug,29,39.41,1142.89
INV-2025-10,Sesame Oil,LIQ-004,Liquids/Pastes/Sauces,Oil,1 gal jug,22,26.22,576.84
INV-2025-10,White Vinegar,LIQ-005,Liquids/Pastes/Sauces,Vinegar,1 gal jug,23,7.82,179.86
INV-2025-10,Balsamic Vinegar,LIQ-006,Liquids/Pastes/Sauces,Vinegar,1 gal jug,19,26.93,511.67
INV-2025-10,Rice Wine Vinegar,LIQ-007,Liquids/Pastes/Sauces,Vinegar,1 gal jug,30,19.88,596.4
INV-2025-10,Soy Sauce,LIQ-008,Liquids/Pastes/Sauces,Sauce,1 gal jug,8,11.83,94.64
INV-2025-10,Hot Sauce,LIQ-009,Liquids/Pastes/Sauces,Sauce,1 gal jug,18,23.02,414.36
INV-2025-10,Worcestershire Sauce,LIQ-010,Liquids/Pastes/Sauces,Sauce,1 gal jug,13,18.9,245.7
INV-2025-10,BBQ Sauce,LIQ-011,Liquids/Pastes/Sauces,Sauce,1 gal jug,4,16.64,66.56
INV-2025-10,Buffalo Wing Sauce,LIQ-012,Liquids/Pastes/Sauces,Sauce,1 gal jug,20,21.89,437.8
INV-2025-10,Teriyaki Sauce,LIQ-013,Liquids/Pastes/Sauces,Sauce,1 gal jug,15,19.18,287.7
INV-2025-10,Ranch Dressing,LIQ-014,Liquids/Pastes/Sauces,Sauce,1 gal jug,5,19.99,99.95
INV-2025-10,Caesar Dressing,LIQ-015,Liquids/Pastes/Sauces,Sauce,1 gal jug,28,19.4,543.2
INV-2025-10,"Vinaigrette, Balsamic",LIQ-016,Liquids/Pastes/Sauces,Sauce,1 gal jug,5,22.75,113.75
INV-2025-10,Tomato Paste,LIQ-017,Liquids/Pastes/Sauces,Paste,#10 can,17,11.88,201.96
INV-2025-10,Garlic Paste,LIQ-018,Liquids/Pastes/Sauces,Paste,4 lb tub,18,16.48,296.64
INV-2025-10,Ginger Paste,LIQ-019,Liquids/Pastes/Sauces,Paste,4 lb tub,3,17.02,51.06
INV-2025-10,"Curry Paste, Red",LIQ-020,Liquids/Pastes/Sauces,Paste,14 oz can,16,5.8,92.8
INV-2025-10,Crushed Tomatoes,LIQ-021,Liquids/Pastes/Sauces,Canned Tomato,#10 can,20,9.76,195.2
INV-2025-10,Diced Tomatoes,LIQ-022,Liquids/Pastes/Sauces,Canned Tomato,#10 can,5,9.02,45.1
INV-2025-10,Tomato Puree,LIQ-023,Liquids/Pastes/Sauces,Canned Tomato,#10 can,22,8.33,183.26
INV-2025-10,"Chicken Stock, Liquid",LIQ-024,Liquids/Pastes/Sauces,Stock/Broth,1 gal jug,19,15.8,300.2
INV-2025-10,"Beef Stock, Liquid",LIQ-025,Liquids/Pastes/Sauces,Stock/Broth,1 gal jug,23,17.11,393.53
INV-2025-10,"Vegetable Stock, Liquid",LIQ-026,Liquids/Pastes/Sauces,Stock/Broth,1 gal jug,13,16.39,213.07
INV-2025-10,Marinara Sauce,LIQ-027,Liquids/Pastes/Sauces,Sauce,#10 can,4,13.96,55.84
INV-2025-10,Alfredo Sauce,LIQ-028,Liquids/Pastes/Sauces,Sauce,4 lb tub,30,17.67,530.1
INV-2025-10,Sriracha,LIQ-029,Liquids/Pastes/Sauces,Sauce,1 gal jug,20,24.38,487.6
INV-2025-10,Honey,LIQ-030,Liquids/Pastes/Sauces,Honey/Syrup,5 lb jug,22,19.1,420.2
INV-2025-10,Romaine Lettuce,PRD-001,Produce & Meat,Produce,case of 24 heads,23,33.36,767.28
INV-2025-10,Iceberg Lettuce,PRD-002,Produce & Meat,Produce,case of 24 heads,16,25.63,410.08
INV-2025-10,"Tomatoes, Roma",PRD-003,Produce & Meat,Produce,25 lb case,23,34.99,804.77
INV-2025-10,"Onions, Yellow",PRD-004,Produce & Meat,Produce,50 lb bag,12,23.87,286.44
INV-2025-10,"Garlic, Fresh",PRD-005,Produce & Meat,Produce,10 lb case,22,39.67,872.74
INV-2025-10,"Bell Peppers, Green",PRD-006,Produce & Meat,Produce,25 lb case,11,39.64,436.04
INV-2025-10,"Bell Peppers, Red",PRD-007,Produce & Meat,Produce,25 lb case,13,43.59,566.67
INV-2025-10,Avocados,PRD-008,Produce & Meat,Produce,case of 48,3,70.56,211.68
INV-2025-10,Limes,PRD-009,Produce & Meat,Produce,case of 200,17,37.34,634.78
INV-2025-10,Lemons,PRD-010,Produce & Meat,Produce,case of 165,24,40.67,976.08
INV-2025-10,"Potatoes, Russet",PRD-011,Produce & Meat,Produce,50 lb bag,15,30.13,451.95
INV-2025-10,Carrots,PRD-012,Produce & Meat,Produce,25 lb bag,21,23.44,492.24
INV-2025-10,Celery,PRD-013,Produce & Meat,Produce,case of 30,5,32.01,160.05
INV-2025-10,"Mushrooms, White Button",PRD-014,Produce & Meat,Produce,10 lb case,14,31.99,447.86
INV-2025-10,Cilantro,PRD-015,Produce & Meat,Produce,case of 30 bunches,8,24.97,199.76
INV-2025-10,Jalapeños,PRD-016,Produce & Meat,Produce,10 lb case,5,18.65,93.25
INV-2025-10,Cucumbers,PRD-017,Produce & Meat,Produce,case of 24,3,21.68,65.04
INV-2025-10,"Spinach, Fresh",PRD-018,Produce & Meat,Produce,4 lb case,23,19.64,451.72
INV-2025-10,"Basil, Fresh",PRD-019,Produce & Meat,Produce,case of 12 bunches,16,23.69,379.04
INV-2025-10,"Ginger, Fresh",PRD-020,Produce & Meat,Produce,10 lb case,20,32.34,646.8
INV-2025-10,"Ground Beef, 80/20",PRD-021,Produce & Meat,Meat,case,6,5.47,32.82
INV-2025-10,"Chicken Breast, Boneless",PRD-022,Produce & Meat,Meat,case,2,4.69,9.38
INV-2025-10,"Chicken Thighs, Boneless",PRD-023,Produce & Meat,Meat,case,3,3.92,11.76
INV-2025-10,Pork Shoulder,PRD-024,Produce & Meat,Meat,case,15,3.96,59.4
INV-2025-10,"Bacon, Sliced",PRD-025,Produce & Meat,Meat,15 lb case,17,74.83,1272.11
INV-2025-10,NY Strip Steak,PRD-026,Produce & Meat,Meat,case,7,15.7,109.9
INV-2025-10,Ribeye Steak,PRD-027,Produce & Meat,Meat,case,7,20.11,140.77
INV-2025-10,Ground Pork,PRD-028,Produce & Meat,Meat,case,6,3.62,21.72
INV-2025-10,"Salmon Fillet, Fresh",PRD-029,Produce & Meat,Seafood,case,23,13.55,311.65
INV-2025-10,"Shrimp, Fresh 16/20",PRD-030,Produce & Meat,Seafood,case,12,11.84,142.08
INV-2025-10,"To-Go Containers, 32oz",SUP-001,Supplies,To-Go,case of 150,59,35.94,2120.46
INV-2025-10,"To-Go Cups, 16oz",SUP-002,Supplies,To-Go,case of 1000,87,70.7,6150.9
INV-2025-10,"To-Go Cup Lids, Dome",SUP-003,Supplies,To-Go,case of 1000,41,31.12,1275.92
INV-2025-10,"Paper Bags, Kraft",SUP-004,Supplies,To-Go,case of 500,53,35.05,1857.65
INV-2025-10,"Napkins, Dinner",SUP-005,Supplies,Disposable,case of 3000,67,34.14,2287.38
INV-2025-10,"Straws, Wrapped",SUP-006,Supplies,Disposable,box of 500,27,9.53,257.31
INV-2025-10,"Plastic Cutlery, Forks",SUP-007,Supplies,Disposable,box of 1000,99,20.19,1998.81
INV-2025-10,"Plastic Cutlery, Spoons",SUP-008,Supplies,Disposable,box of 1000,75,16.69,1251.75
INV-2025-10,Toothpicks,SUP-009,Supplies,Disposable,box of 1000,99,4.24,419.76
INV-2025-10,"Dish Soap, Concentrate",SUP-010,Supplies,Cleaning,1 gal jug,50,26.47,1323.5
INV-2025-10,"Degreaser, Kitchen",SUP-011,Supplies,Cleaning,1 gal jug,80,21.41,1712.8
INV-2025-10,Sanitizer Solution,SUP-012,Supplies,Cleaning,1 gal jug,35,17.18,601.3
INV-2025-10,Bleach,SUP-013,Supplies,Cleaning,1 gal jug,47,8.03,377.41
INV-2025-10,Glass Cleaner,SUP-014,Supplies,Cleaning,1 gal jug,96,14.72,1413.12
INV-2025-10,"Paper Towels, Roll",SUP-015,Supplies,Paper Goods,case of 12,100,42.32,4232.0
INV-2025-10,"Toilet Paper, Roll",SUP-016,Supplies,Paper Goods,case of 48,32,42.97,1375.04
INV-2025-10,Butcher Paper Roll,SUP-017,Supplies,Paper Goods,roll,98,31.44,3081.12
INV-2025-10,Parchment Paper Sheets,SUP-018,Supplies,Paper Goods,box of 1000,100,37.9,3790.0
INV-2025-10,Plastic Wrap Roll,SUP-019,Supplies,Wrap/Film,roll,55,20.14,1107.7
INV-2025-10,Aluminum Foil Roll,SUP-020,Supplies,Wrap/Film,roll,84,30.84,2590.56
INV-2025-10,"Disposable Gloves, Nitrile",SUP-021,Supplies,Gloves,case of 1000,95,58.85,5590.75
INV-2025-10,"Disposable Gloves, Vinyl",SUP-022,Supplies,Gloves,case of 1000,96,37.6,3609.6
INV-2025-10,Food Storage Containers,SUP-023,Supplies,Storage,case of 100,78,35.57,2774.46
INV-2025-10,Container Lids,SUP-024,Supplies,Storage,case of 100,64,26.02,1665.28
INV-2025-10,"Deli Cups w/ Lids, 8oz",SUP-025,Supplies,Storage,case of 500,76,34.86,2649.36
INV-2025-10,Hand Soap,SUP-026,Supplies,Chemical,1 gal jug,58,15.32,888.56
INV-2025-10,Hand Sanitizer,SUP-027,Supplies,Chemical,1 gal jug,95,18.74,1780.3
INV-2025-10,Chafing Fuel Cans,SUP-028,Supplies,Small Wares,case of 24,44,41.29,1816.76
INV-2025-10,Aluminum Steam Table Pans,SUP-029,Supplies,Small Wares,case of 50,30,60.22,1806.6
INV-2025-10,"Menu Paper, Cardstock",SUP-030,Supplies,Menu/Marketing,ream of 500,97,19.35,1876.95
INV-2025-11,Coca-Cola Syrup BIB,NAB-001,Non-Alcoholic Beverage,Soda,5 gal bag-in-box,18,70.54,1269.72
INV-2025-11,Diet Coke Syrup BIB,NAB-002,Non-Alcoholic Beverage,Soda,5 gal bag-in-box,7,58.55,409.85
INV-2025-11,Sprite Syrup BIB,NAB-003,Non-Alcoholic Beverage,Soda,5 gal bag-in-box,33,64.17,2117.61
INV-2025-11,Ginger Ale Syrup BIB,NAB-004,Non-Alcoholic Beverage,Soda,5 gal bag-in-box,40,70.71,2828.4
INV-2025-11,Still Water 16.9oz,NAB-005,Non-Alcoholic Beverage,Bottled Water,case of 24,40,6.75,270.0
INV-2025-11,Sparkling Water 12oz,NAB-006,Non-Alcoholic Beverage,Bottled Water,case of 24,37,18.16,671.92
INV-2025-11,Orange Juice Concentrate,NAB-007,Non-Alcoholic Beverage,Juice,gallon,23,12.08,277.84
INV-2025-11,Cranberry Juice Cocktail,NAB-008,Non-Alcoholic Beverage,Juice,gallon,8,9.73,77.84
INV-2025-11,Pineapple Juice,NAB-009,Non-Alcoholic Beverage,Juice,46 oz can,29,4.34,125.86
INV-2025-11,Lemon Juice (bottled),NAB-010,Non-Alcoholic Beverage,Juice,32 oz bottle,25,5.0,125.0
INV-2025-11,Lime Juice (bottled),NAB-011,Non-Alcoholic Beverage,Juice,32 oz bottle,8,3.95,31.6
INV-2025-11,"Espresso Beans, Dark Roast",NAB-012,Non-Alcoholic Beverage,Coffee,5 lb bag,21,40.81,857.01
INV-2025-11,"Drip Coffee, Medium Roast",NAB-013,Non-Alcoholic Beverage,Coffee,2 lb bag,33,17.64,582.12
INV-2025-11,"Decaf Coffee, Medium Roast",NAB-014,Non-Alcoholic Beverage,Coffee,2 lb bag,28,19.06,533.68
INV-2025-11,Black Tea Bags,NAB-015,Non-Alcoholic Beverage,Tea,box of 100,39,15.89,619.71
INV-2025-11,Green Tea Bags,NAB-016,Non-Alcoholic Beverage,Tea,box of 100,17,15.9,270.3
INV-2025-11,Herbal Chamomile Tea Bags,NAB-017,Non-Alcoholic Beverage,Tea,box of 100,17,16.09,273.53
INV-2025-11,Red Bull 8.4oz,NAB-018,Non-Alcoholic Beverage,Energy/Sports,case of 24,16,39.79,636.64
INV-2025-11,Gatorade Fruit Punch,NAB-019,Non-Alcoholic Beverage,Energy/Sports,case of 24,9,20.72,186.48
INV-2025-11,Whole Milk,NAB-020,Non-Alcoholic Beverage,Milk/Dairy Bev,half gallon,16,2.81,44.96
INV-2025-11,Oat Milk,NAB-021,Non-Alcoholic Beverage,Milk/Dairy Bev,32 oz carton,12,5.75,69.0
INV-2025-11,"Almond Milk, Unsweetened",NAB-022,Non-Alcoholic Beverage,Milk/Dairy Bev,32 oz carton,32,4.12,131.84
INV-2025-11,Root Beer Syrup BIB,NAB-023,Non-Alcoholic Beverage,Soda,5 gal bag-in-box,21,54.82,1151.22
INV-2025-11,Club Soda Canister,NAB-024,Non-Alcoholic Beverage,Soda,5 gal canister,21,14.85,311.85
INV-2025-11,Grapefruit Juice,NAB-025,Non-Alcoholic Beverage,Juice,46 oz can,34,5.88,199.92
INV-2025-11,Tomato Juice,NAB-026,Non-Alcoholic Beverage,Juice,46 oz can,14,4.3,60.2
INV-2025-11,Sparkling Lemon Water 12oz,NAB-027,Non-Alcoholic Beverage,Bottled Water,case of 24,25,16.87,421.75
INV-2025-11,Cold Brew Concentrate,NAB-028,Non-Alcoholic Beverage,Coffee,gallon,24,20.49,491.76
INV-2025-11,Half & Half,NAB-029,Non-Alcoholic Beverage,Milk/Dairy Bev,quart,40,4.66,186.4
INV-2025-11,Powerade Blue,NAB-030,Non-Alcoholic Beverage,Energy/Sports,case of 24,25,17.66,441.5
INV-2025-11,Domestic Draft Lager Keg,ALC-001,Alcoholic Beverage,Beer,1/2 barrel keg,8,114.24,913.92
INV-2025-11,Craft IPA Keg,ALC-002,Alcoholic Beverage,Beer,1/6 barrel keg,28,112.02,3136.56
INV-2025-11,"Mexican Lager, Bottled",ALC-003,Alcoholic Beverage,Beer,case of 24,16,40.25,644.0
INV-2025-11,"Wheat Beer, Bottled",ALC-004,Alcoholic Beverage,Beer,case of 24,15,30.76,461.4
INV-2025-11,Light Lager Draft Keg,ALC-005,Alcoholic Beverage,Beer,1/2 barrel keg,10,100.39,1003.9
INV-2025-11,"Cabernet Sauvignon, House Red",ALC-006,Alcoholic Beverage,Wine,case of 12,24,79.92,1918.08
INV-2025-11,"Chardonnay, House White",ALC-007,Alcoholic Beverage,Wine,case of 12,14,80.37,1125.18
INV-2025-11,Pinot Noir,ALC-008,Alcoholic Beverage,Wine,case of 12,27,133.44,3602.88
INV-2025-11,Sauvignon Blanc,ALC-009,Alcoholic Beverage,Wine,case of 12,18,109.35,1968.3
INV-2025-11,Prosecco,ALC-010,Alcoholic Beverage,Wine,case of 12,29,117.62,3410.98
INV-2025-11,Rosé,ALC-011,Alcoholic Beverage,Wine,case of 12,23,81.48,1874.04
INV-2025-11,"Vodka, Well",ALC-012,Alcoholic Beverage,Spirits,1.75L bottle,24,24.39,585.36
INV-2025-11,"Vodka, Premium",ALC-013,Alcoholic Beverage,Spirits,1L bottle,10,35.22,352.2
INV-2025-11,"Gin, Well",ALC-014,Alcoholic Beverage,Spirits,1.75L bottle,22,22.82,502.04
INV-2025-11,"Tequila, Blanco Premium",ALC-015,Alcoholic Beverage,Spirits,1L bottle,10,37.13,371.3
INV-2025-11,"Tequila, Reposado Premium",ALC-016,Alcoholic Beverage,Spirits,1L bottle,24,48.36,1160.64
INV-2025-11,"Bourbon, Well",ALC-017,Alcoholic Beverage,Spirits,1.75L bottle,15,31.99,479.85
INV-2025-11,"Bourbon, Premium",ALC-018,Alcoholic Beverage,Spirits,750ml bottle,6,43.14,258.84
INV-2025-11,"Rum, White",ALC-019,Alcoholic Beverage,Spirits,1.75L bottle,20,20.63,412.6
INV-2025-11,"Rum, Spiced",ALC-020,Alcoholic Beverage,Spirits,1L bottle,3,22.05,66.15
INV-2025-11,"Whiskey, Rye",ALC-021,Alcoholic Beverage,Spirits,750ml bottle,29,39.37,1141.73
INV-2025-11,"Scotch, Blended",ALC-022,Alcoholic Beverage,Spirits,750ml bottle,19,30.97,588.43
INV-2025-11,Triple Sec,ALC-023,Alcoholic Beverage,Liqueur,1L bottle,17,15.56,264.52
INV-2025-11,Coffee Liqueur,ALC-024,Alcoholic Beverage,Liqueur,750ml bottle,12,27.35,328.2
INV-2025-11,Amaretto,ALC-025,Alcoholic Beverage,Liqueur,750ml bottle,9,20.9,188.1
INV-2025-11,"Stout, Bottled",ALC-026,Alcoholic Beverage,Beer,case of 24,5,47.1,235.5
INV-2025-11,Non-Alcoholic Beer,ALC-027,Alcoholic Beverage,Beer,case of 24,8,37.86,302.88
INV-2025-11,"Champagne, Brut",ALC-028,Alcoholic Beverage,Wine,case of 6,27,118.15,3190.05
INV-2025-11,Mezcal,ALC-029,Alcoholic Beverage,Spirits,750ml bottle,3,42.6,127.8
INV-2025-11,"Vermouth, Dry",ALC-030,Alcoholic Beverage,Liqueur,1L bottle,9,12.77,114.93
INV-2025-11,All-Purpose Flour,DRY-001,Dry Goods & Spices,Flour,50 lb bag,18,23.86,429.48
INV-2025-11,Bread Flour,DRY-002,Dry Goods & Spices,Flour,50 lb bag,32,25.89,828.48
INV-2025-11,Cornmeal,DRY-003,Dry Goods & Spices,Flour,25 lb bag,18,17.01,306.18
INV-2025-11,"White Rice, Long Grain",DRY-004,Dry Goods & Spices,Grain,50 lb bag,49,37.63,1843.87
INV-2025-11,Jasmine Rice,DRY-005,Dry Goods & Spices,Grain,50 lb bag,32,34.74,1111.68
INV-2025-11,Quinoa,DRY-006,Dry Goods & Spices,Grain,10 lb bag,9,30.69,276.21
INV-2025-11,"Spaghetti, Dry",DRY-007,Dry Goods & Spices,Pasta,20 lb case,14,19.24,269.36
INV-2025-11,"Penne, Dry",DRY-008,Dry Goods & Spices,Pasta,20 lb case,50,17.93,896.5
INV-2025-11,"Black Beans, Dry",DRY-009,Dry Goods & Spices,Legume,25 lb bag,10,20.95,209.5
INV-2025-11,"Pinto Beans, Dry",DRY-010,Dry Goods & Spices,Legume,25 lb bag,16,23.03,368.48
INV-2025-11,Granulated Sugar,DRY-011,Dry Goods & Spices,Sugar,50 lb bag,40,23.39,935.6
INV-2025-11,Brown Sugar,DRY-012,Dry Goods & Spices,Sugar,25 lb bag,19,18.65,354.35
INV-2025-11,Powdered Sugar,DRY-013,Dry Goods & Spices,Sugar,25 lb bag,31,20.48,634.88
INV-2025-11,Kosher Salt,DRY-014,Dry Goods & Spices,Spice,25 lb bag,45,10.14,456.3
INV-2025-11,"Black Pepper, Ground",DRY-015,Dry Goods & Spices,Spice,1 lb bag,25,12.74,318.5
INV-2025-11,"Paprika, Smoked",DRY-016,Dry Goods & Spices,Spice,1 lb bag,48,9.39,450.72
INV-2025-11,"Cumin, Ground",DRY-017,Dry Goods & Spices,Spice,1 lb bag,5,13.49,67.45
INV-2025-11,Chili Powder,DRY-018,Dry Goods & Spices,Spice,1 lb bag,44,8.62,379.28
INV-2025-11,Garlic Powder,DRY-019,Dry Goods & Spices,Spice,1 lb bag,42,7.82,328.44
INV-2025-11,Onion Powder,DRY-020,Dry Goods & Spices,Spice,1 lb bag,9,9.1,81.9
INV-2025-11,Cayenne Pepper,DRY-021,Dry Goods & Spices,Spice,1 lb bag,37,8.88,328.56
INV-2025-11,"Oregano, Dried",DRY-022,Dry Goods & Spices,Spice,1 lb bag,48,12.83,615.84
INV-2025-11,"Cinnamon, Ground",DRY-023,Dry Goods & Spices,Spice,1 lb bag,10,8.97,89.7
INV-2025-11,Baking Powder,DRY-024,Dry Goods & Spices,Baking,10 lb can,33,18.89,623.37
INV-2025-11,Baking Soda,DRY-025,Dry Goods & Spices,Baking,12 lb box,47,9.63,452.61
INV-2025-11,Cocoa Powder,DRY-026,Dry Goods & Spices,Baking,5 lb bag,15,21.34,320.1
INV-2025-11,Panko Bread Crumbs,DRY-027,Dry Goods & Spices,Breading,25 lb case,13,35.12,456.56
INV-2025-11,Seasoned Bread Crumbs,DRY-028,Dry Goods & Spices,Breading,25 lb case,39,29.2,1138.8
INV-2025-11,Sesame Seeds,DRY-029,Dry Goods & Spices,Nuts/Seeds,5 lb bag,45,19.36,871.2
INV-2025-11,Sliced Almonds,DRY-030,Dry Goods & Spices,Nuts/Seeds,5 lb bag,48,31.57,1515.36
INV-2025-11,Frozen Peas,FRZ-001,Frozen/Refrigerated Goods,Frozen Vegetable,20 lb case,28,26.88,752.64
INV-2025-11,Frozen Corn,FRZ-002,Frozen/Refrigerated Goods,Frozen Vegetable,20 lb case,5,24.74,123.7
INV-2025-11,Frozen Broccoli Florets,FRZ-003,Frozen/Refrigerated Goods,Frozen Vegetable,20 lb case,40,27.97,1118.8
INV-2025-11,"Frozen Spinach, Chopped",FRZ-004,Frozen/Refrigerated Goods,Frozen Vegetable,20 lb case,7,24.22,169.54
INV-2025-11,"French Fries, Straight Cut",FRZ-005,Frozen/Refrigerated Goods,Frozen Potato,30 lb case,30,33.67,1010.1
INV-2025-11,Tater Tots,FRZ-006,Frozen/Refrigerated Goods,Frozen Potato,30 lb case,10,29.99,299.9
INV-2025-11,"Hash Browns, Shredded",FRZ-007,Frozen/Refrigerated Goods,Frozen Potato,20 lb case,27,26.36,711.72
INV-2025-11,"Dinner Rolls, Par-Baked",FRZ-008,Frozen/Refrigerated Goods,Frozen Bread,case of 200,37,37.04,1370.48
INV-2025-11,Pizza Dough Balls,FRZ-009,Frozen/Refrigerated Goods,Frozen Bread,case of 40,16,37.82,605.12
INV-2025-11,Vanilla Ice Cream,FRZ-010,Frozen/Refrigerated Goods,Frozen Dessert,3 gal tub,21,24.84,521.64
INV-2025-11,Chocolate Ice Cream,FRZ-011,Frozen/Refrigerated Goods,Frozen Dessert,3 gal tub,16,29.21,467.36
INV-2025-11,"Cheesecake, Uncut",FRZ-012,Frozen/Refrigerated Goods,Frozen Dessert,10 inch,8,20.8,166.4
INV-2025-11,Frozen Mixed Berries,FRZ-013,Frozen/Refrigerated Goods,Frozen Fruit,10 lb bag,40,34.13,1365.2
INV-2025-11,Frozen Mango Chunks,FRZ-014,Frozen/Refrigerated Goods,Frozen Fruit,10 lb bag,40,24.23,969.2
INV-2025-11,Shredded Mozzarella,FRZ-015,Frozen/Refrigerated Goods,Dairy,5 lb bag,9,17.99,161.91
INV-2025-11,Shredded Cheddar,FRZ-016,Frozen/Refrigerated Goods,Dairy,5 lb bag,17,19.01,323.17
INV-2025-11,"Parmesan, Grated",FRZ-017,Frozen/Refrigerated Goods,Dairy,5 lb bag,36,36.85,1326.6
INV-2025-11,Cream Cheese,FRZ-018,Frozen/Refrigerated Goods,Dairy,3 lb block,27,11.48,309.96
INV-2025-11,"Butter, Unsalted",FRZ-019,Frozen/Refrigerated Goods,Dairy,36 lb case,20,103.33,2066.6
INV-2025-11,Heavy Cream,FRZ-020,Frozen/Refrigerated Goods,Dairy,quart,9,5.42,48.78
INV-2025-11,Sour Cream,FRZ-021,Frozen/Refrigerated Goods,Dairy,5 lb tub,25,15.29,382.25
INV-2025-11,"Eggs, Large",FRZ-022,Frozen/Refrigerated Goods,Dairy,case of 15 dz,26,55.18,1434.68
INV-2025-11,"Frozen Shrimp, 21/25",FRZ-023,Frozen/Refrigerated Goods,Frozen Protein,5 lb bag,24,65.24,1565.76
INV-2025-11,Frozen Chicken Wings,FRZ-024,Frozen/Refrigerated Goods,Frozen Protein,40 lb case,14,106.11,1485.54
INV-2025-11,Frozen Salmon Fillets,FRZ-025,Frozen/Refrigerated Goods,Frozen Protein,10 lb box,28,101.88,2852.64
INV-2025-11,Mozzarella Sticks,FRZ-026,Frozen/Refrigerated Goods,Frozen Appetizer,case of 240,32,54.57,1746.24
INV-2025-11,"Spring Rolls, Vegetable",FRZ-027,Frozen/Refrigerated Goods,Frozen Appetizer,case of 100,25,59.17,1479.25
INV-2025-11,"Yogurt, Plain",FRZ-028,Frozen/Refrigerated Goods,Dairy,5 lb tub,19,14.63,277.97
INV-2025-11,Frozen Diced Onions,FRZ-029,Frozen/Refrigerated Goods,Frozen Vegetable,20 lb case,32,25.48,815.36
INV-2025-11,"Pie Crust, Frozen 9in",FRZ-030,Frozen/Refrigerated Goods,Frozen Dessert,case of 24,28,30.76,861.28
INV-2025-11,Canola Oil,LIQ-001,Liquids/Pastes/Sauces,Oil,35 lb jug,26,41.44,1077.44
INV-2025-11,"Olive Oil, Extra Virgin",LIQ-002,Liquids/Pastes/Sauces,Oil,3 L tin,18,26.06,469.08
INV-2025-11,Vegetable Oil,LIQ-003,Liquids/Pastes/Sauces,Oil,35 lb jug,14,40.77,570.78
INV-2025-11,Sesame Oil,LIQ-004,Liquids/Pastes/Sauces,Oil,1 gal jug,18,28.46,512.28
INV-2025-11,White Vinegar,LIQ-005,Liquids/Pastes/Sauces,Vinegar,1 gal jug,8,7.48,59.84
INV-2025-11,Balsamic Vinegar,LIQ-006,Liquids/Pastes/Sauces,Vinegar,1 gal jug,5,26.91,134.55
INV-2025-11,Rice Wine Vinegar,LIQ-007,Liquids/Pastes/Sauces,Vinegar,1 gal jug,30,20.93,627.9
INV-2025-11,Soy Sauce,LIQ-008,Liquids/Pastes/Sauces,Sauce,1 gal jug,20,12.07,241.4
INV-2025-11,Hot Sauce,LIQ-009,Liquids/Pastes/Sauces,Sauce,1 gal jug,26,25.16,654.16
INV-2025-11,Worcestershire Sauce,LIQ-010,Liquids/Pastes/Sauces,Sauce,1 gal jug,5,18.22,91.1
INV-2025-11,BBQ Sauce,LIQ-011,Liquids/Pastes/Sauces,Sauce,1 gal jug,3,17.55,52.65
INV-2025-11,Buffalo Wing Sauce,LIQ-012,Liquids/Pastes/Sauces,Sauce,1 gal jug,23,19.79,455.17
INV-2025-11,Teriyaki Sauce,LIQ-013,Liquids/Pastes/Sauces,Sauce,1 gal jug,21,18.48,388.08
INV-2025-11,Ranch Dressing,LIQ-014,Liquids/Pastes/Sauces,Sauce,1 gal jug,27,20.41,551.07
INV-2025-11,Caesar Dressing,LIQ-015,Liquids/Pastes/Sauces,Sauce,1 gal jug,4,19.34,77.36
INV-2025-11,"Vinaigrette, Balsamic",LIQ-016,Liquids/Pastes/Sauces,Sauce,1 gal jug,20,22.88,457.6
INV-2025-11,Tomato Paste,LIQ-017,Liquids/Pastes/Sauces,Paste,#10 can,20,12.19,243.8
INV-2025-11,Garlic Paste,LIQ-018,Liquids/Pastes/Sauces,Paste,4 lb tub,27,14.97,404.19
INV-2025-11,Ginger Paste,LIQ-019,Liquids/Pastes/Sauces,Paste,4 lb tub,15,17.38,260.7
INV-2025-11,"Curry Paste, Red",LIQ-020,Liquids/Pastes/Sauces,Paste,14 oz can,27,6.35,171.45
INV-2025-11,Crushed Tomatoes,LIQ-021,Liquids/Pastes/Sauces,Canned Tomato,#10 can,30,10.26,307.8
INV-2025-11,Diced Tomatoes,LIQ-022,Liquids/Pastes/Sauces,Canned Tomato,#10 can,17,8.62,146.54
INV-2025-11,Tomato Puree,LIQ-023,Liquids/Pastes/Sauces,Canned Tomato,#10 can,5,8.02,40.1
INV-2025-11,"Chicken Stock, Liquid",LIQ-024,Liquids/Pastes/Sauces,Stock/Broth,1 gal jug,19,14.42,273.98
INV-2025-11,"Beef Stock, Liquid",LIQ-025,Liquids/Pastes/Sauces,Stock/Broth,1 gal jug,10,17.58,175.8
INV-2025-11,"Vegetable Stock, Liquid",LIQ-026,Liquids/Pastes/Sauces,Stock/Broth,1 gal jug,28,18.05,505.4
INV-2025-11,Marinara Sauce,LIQ-027,Liquids/Pastes/Sauces,Sauce,#10 can,24,12.58,301.92
INV-2025-11,Alfredo Sauce,LIQ-028,Liquids/Pastes/Sauces,Sauce,4 lb tub,19,16.78,318.82
INV-2025-11,Sriracha,LIQ-029,Liquids/Pastes/Sauces,Sauce,1 gal jug,8,22.18,177.44
INV-2025-11,Honey,LIQ-030,Liquids/Pastes/Sauces,Honey/Syrup,5 lb jug,21,19.67,413.07
INV-2025-11,Romaine Lettuce,PRD-001,Produce & Meat,Produce,case of 24 heads,6,35.4,212.4
INV-2025-11,Iceberg Lettuce,PRD-002,Produce & Meat,Produce,case of 24 heads,17,29.24,497.08
INV-2025-11,"Tomatoes, Roma",PRD-003,Produce & Meat,Produce,25 lb case,3,34.97,104.91
INV-2025-11,"Onions, Yellow",PRD-004,Produce & Meat,Produce,50 lb bag,17,23.39,397.63
INV-2025-11,"Garlic, Fresh",PRD-005,Produce & Meat,Produce,10 lb case,10,36.16,361.6
INV-2025-11,"Bell Peppers, Green",PRD-006,Produce & Meat,Produce,25 lb case,3,40.4,121.2
INV-2025-11,"Bell Peppers, Red",PRD-007,Produce & Meat,Produce,25 lb case,18,44.97,809.46
INV-2025-11,Avocados,PRD-008,Produce & Meat,Produce,case of 48,13,65.16,847.08
INV-2025-11,Limes,PRD-009,Produce & Meat,Produce,case of 200,16,42.04,672.64
INV-2025-11,Lemons,PRD-010,Produce & Meat,Produce,case of 165,3,42.16,126.48
INV-2025-11,"Potatoes, Russet",PRD-011,Produce & Meat,Produce,50 lb bag,12,30.11,361.32
INV-2025-11,Carrots,PRD-012,Produce & Meat,Produce,25 lb bag,18,25.17,453.06
INV-2025-11,Celery,PRD-013,Produce & Meat,Produce,case of 30,10,31.55,315.5
INV-2025-11,"Mushrooms, White Button",PRD-014,Produce & Meat,Produce,10 lb case,10,33.94,339.4
INV-2025-11,Cilantro,PRD-015,Produce & Meat,Produce,case of 30 bunches,20,22.87,457.4
INV-2025-11,Jalapeños,PRD-016,Produce & Meat,Produce,10 lb case,22,17.56,386.32
INV-2025-11,Cucumbers,PRD-017,Produce & Meat,Produce,case of 24,20,20.79,415.8
INV-2025-11,"Spinach, Fresh",PRD-018,Produce & Meat,Produce,4 lb case,4,19.41,77.64
INV-2025-11,"Basil, Fresh",PRD-019,Produce & Meat,Produce,case of 12 bunches,14,25.65,359.1
INV-2025-11,"Ginger, Fresh",PRD-020,Produce & Meat,Produce,10 lb case,9,30.22,271.98
INV-2025-11,"Ground Beef, 80/20",PRD-021,Produce & Meat,Meat,case,13,5.35,69.55
INV-2025-11,"Chicken Breast, Boneless",PRD-022,Produce & Meat,Meat,case,13,4.66,60.58
INV-2025-11,"Chicken Thighs, Boneless",PRD-023,Produce & Meat,Meat,case,17,4.13,70.21
INV-2025-11,Pork Shoulder,PRD-024,Produce & Meat,Meat,case,2,3.76,7.52
INV-2025-11,"Bacon, Sliced",PRD-025,Produce & Meat,Meat,15 lb case,6,69.4,416.4
INV-2025-11,NY Strip Steak,PRD-026,Produce & Meat,Meat,case,9,14.2,127.8
INV-2025-11,Ribeye Steak,PRD-027,Produce & Meat,Meat,case,22,18.71,411.62
INV-2025-11,Ground Pork,PRD-028,Produce & Meat,Meat,case,6,3.68,22.08
INV-2025-11,"Salmon Fillet, Fresh",PRD-029,Produce & Meat,Seafood,case,13,13.56,176.28
INV-2025-11,"Shrimp, Fresh 16/20",PRD-030,Produce & Meat,Seafood,case,5,12.13,60.65
INV-2025-11,"To-Go Containers, 32oz",SUP-001,Supplies,To-Go,case of 150,63,38.22,2407.86
INV-2025-11,"To-Go Cups, 16oz",SUP-002,Supplies,To-Go,case of 1000,24,66.09,1586.16
INV-2025-11,"To-Go Cup Lids, Dome",SUP-003,Supplies,To-Go,case of 1000,71,32.18,2284.78
INV-2025-11,"Paper Bags, Kraft",SUP-004,Supplies,To-Go,case of 500,85,30.83,2620.55
INV-2025-11,"Napkins, Dinner",SUP-005,Supplies,Disposable,case of 3000,62,30.06,1863.72
INV-2025-11,"Straws, Wrapped",SUP-006,Supplies,Disposable,box of 500,15,9.09,136.35
INV-2025-11,"Plastic Cutlery, Forks",SUP-007,Supplies,Disposable,box of 1000,85,17.98,1528.3
INV-2025-11,"Plastic Cutlery, Spoons",SUP-008,Supplies,Disposable,box of 1000,90,17.27,1554.3
INV-2025-11,Toothpicks,SUP-009,Supplies,Disposable,box of 1000,83,3.97,329.51
INV-2025-11,"Dish Soap, Concentrate",SUP-010,Supplies,Cleaning,1 gal jug,31,24.61,762.91
INV-2025-11,"Degreaser, Kitchen",SUP-011,Supplies,Cleaning,1 gal jug,33,21.03,693.99
INV-2025-11,Sanitizer Solution,SUP-012,Supplies,Cleaning,1 gal jug,61,18.31,1116.91
INV-2025-11,Bleach,SUP-013,Supplies,Cleaning,1 gal jug,82,7.97,653.54
INV-2025-11,Glass Cleaner,SUP-014,Supplies,Cleaning,1 gal jug,94,16.44,1545.36
INV-2025-11,"Paper Towels, Roll",SUP-015,Supplies,Paper Goods,case of 12,20,39.46,789.2
INV-2025-11,"Toilet Paper, Roll",SUP-016,Supplies,Paper Goods,case of 48,87,46.33,4030.71
INV-2025-11,Butcher Paper Roll,SUP-017,Supplies,Paper Goods,roll,71,29.15,2069.65
INV-2025-11,Parchment Paper Sheets,SUP-018,Supplies,Paper Goods,box of 1000,62,41.03,2543.86
INV-2025-11,Plastic Wrap Roll,SUP-019,Supplies,Wrap/Film,roll,84,20.96,1760.64
INV-2025-11,Aluminum Foil Roll,SUP-020,Supplies,Wrap/Film,roll,33,31.1,1026.3
INV-2025-11,"Disposable Gloves, Nitrile",SUP-021,Supplies,Gloves,case of 1000,75,54.79,4109.25
INV-2025-11,"Disposable Gloves, Vinyl",SUP-022,Supplies,Gloves,case of 1000,97,35.26,3420.22
INV-2025-11,Food Storage Containers,SUP-023,Supplies,Storage,case of 100,68,37.4,2543.2
INV-2025-11,Container Lids,SUP-024,Supplies,Storage,case of 100,18,23.73,427.14
INV-2025-11,"Deli Cups w/ Lids, 8oz",SUP-025,Supplies,Storage,case of 500,59,35.01,2065.59
INV-2025-11,Hand Soap,SUP-026,Supplies,Chemical,1 gal jug,12,15.47,185.64
INV-2025-11,Hand Sanitizer,SUP-027,Supplies,Chemical,1 gal jug,74,20.76,1536.24
INV-2025-11,Chafing Fuel Cans,SUP-028,Supplies,Small Wares,case of 24,29,40.37,1170.73
INV-2025-11,Aluminum Steam Table Pans,SUP-029,Supplies,Small Wares,case of 50,32,55.68,1781.76
INV-2025-11,"Menu Paper, Cardstock",SUP-030,Supplies,Menu/Marketing,ream of 500,88,20.47,1801.36
INV-2025-12,Coca-Cola Syrup BIB,NAB-001,Non-Alcoholic Beverage,Soda,5 gal bag-in-box,10,67.6,676.0
INV-2025-12,Diet Coke Syrup BIB,NAB-002,Non-Alcoholic Beverage,Soda,5 gal bag-in-box,13,63.75,828.75
INV-2025-12,Sprite Syrup BIB,NAB-003,Non-Alcoholic Beverage,Soda,5 gal bag-in-box,39,72.12,2812.68
INV-2025-12,Ginger Ale Syrup BIB,NAB-004,Non-Alcoholic Beverage,Soda,5 gal bag-in-box,32,67.05,2145.6
INV-2025-12,Still Water 16.9oz,NAB-005,Non-Alcoholic Beverage,Bottled Water,case of 24,28,7.28,203.84
INV-2025-12,Sparkling Water 12oz,NAB-006,Non-Alcoholic Beverage,Bottled Water,case of 24,38,17.17,652.46
INV-2025-12,Orange Juice Concentrate,NAB-007,Non-Alcoholic Beverage,Juice,gallon,35,12.26,429.1
INV-2025-12,Cranberry Juice Cocktail,NAB-008,Non-Alcoholic Beverage,Juice,gallon,29,8.89,257.81
INV-2025-12,Pineapple Juice,NAB-009,Non-Alcoholic Beverage,Juice,46 oz can,11,4.35,47.85
INV-2025-12,Lemon Juice (bottled),NAB-010,Non-Alcoholic Beverage,Juice,32 oz bottle,21,4.63,97.23
INV-2025-12,Lime Juice (bottled),NAB-011,Non-Alcoholic Beverage,Juice,32 oz bottle,19,4.56,86.64
INV-2025-12,"Espresso Beans, Dark Roast",NAB-012,Non-Alcoholic Beverage,Coffee,5 lb bag,10,41.36,413.6
INV-2025-12,"Drip Coffee, Medium Roast",NAB-013,Non-Alcoholic Beverage,Coffee,2 lb bag,39,16.52,644.28
INV-2025-12,"Decaf Coffee, Medium Roast",NAB-014,Non-Alcoholic Beverage,Coffee,2 lb bag,17,16.86,286.62
INV-2025-12,Black Tea Bags,NAB-015,Non-Alcoholic Beverage,Tea,box of 100,5,15.5,77.5
INV-2025-12,Green Tea Bags,NAB-016,Non-Alcoholic Beverage,Tea,box of 100,12,15.28,183.36
INV-2025-12,Herbal Chamomile Tea Bags,NAB-017,Non-Alcoholic Beverage,Tea,box of 100,29,17.05,494.45
INV-2025-12,Red Bull 8.4oz,NAB-018,Non-Alcoholic Beverage,Energy/Sports,case of 24,25,36.39,909.75
INV-2025-12,Gatorade Fruit Punch,NAB-019,Non-Alcoholic Beverage,Energy/Sports,case of 24,11,20.61,226.71
INV-2025-12,Whole Milk,NAB-020,Non-Alcoholic Beverage,Milk/Dairy Bev,half gallon,21,2.61,54.81
INV-2025-12,Oat Milk,NAB-021,Non-Alcoholic Beverage,Milk/Dairy Bev,32 oz carton,39,5.8,226.2
INV-2025-12,"Almond Milk, Unsweetened",NAB-022,Non-Alcoholic Beverage,Milk/Dairy Bev,32 oz carton,28,4.35,121.8
INV-2025-12,Root Beer Syrup BIB,NAB-023,Non-Alcoholic Beverage,Soda,5 gal bag-in-box,30,60.65,1819.5
INV-2025-12,Club Soda Canister,NAB-024,Non-Alcoholic Beverage,Soda,5 gal canister,31,16.26,504.06
INV-2025-12,Grapefruit Juice,NAB-025,Non-Alcoholic Beverage,Juice,46 oz can,40,5.67,226.8
INV-2025-12,Tomato Juice,NAB-026,Non-Alcoholic Beverage,Juice,46 oz can,28,4.68,131.04
INV-2025-12,Sparkling Lemon Water 12oz,NAB-027,Non-Alcoholic Beverage,Bottled Water,case of 24,35,15.96,558.6
INV-2025-12,Cold Brew Concentrate,NAB-028,Non-Alcoholic Beverage,Coffee,gallon,24,20.77,498.48
INV-2025-12,Half & Half,NAB-029,Non-Alcoholic Beverage,Milk/Dairy Bev,quart,30,4.95,148.5
INV-2025-12,Powerade Blue,NAB-030,Non-Alcoholic Beverage,Energy/Sports,case of 24,12,18.29,219.48
INV-2025-12,Domestic Draft Lager Keg,ALC-001,Alcoholic Beverage,Beer,1/2 barrel keg,17,119.02,2023.34
INV-2025-12,Craft IPA Keg,ALC-002,Alcoholic Beverage,Beer,1/6 barrel keg,8,104.77,838.16
INV-2025-12,"Mexican Lager, Bottled",ALC-003,Alcoholic Beverage,Beer,case of 24,19,39.33,747.27
INV-2025-12,"Wheat Beer, Bottled",ALC-004,Alcoholic Beverage,Beer,case of 24,13,34.49,448.37
INV-2025-12,Light Lager Draft Keg,ALC-005,Alcoholic Beverage,Beer,1/2 barrel keg,22,97.57,2146.54
INV-2025-12,"Cabernet Sauvignon, House Red",ALC-006,Alcoholic Beverage,Wine,case of 12,25,76.24,1906.0
INV-2025-12,"Chardonnay, House White",ALC-007,Alcoholic Beverage,Wine,case of 12,15,89.29,1339.35
INV-2025-12,Pinot Noir,ALC-008,Alcoholic Beverage,Wine,case of 12,3,137.34,412.02
INV-2025-12,Sauvignon Blanc,ALC-009,Alcoholic Beverage,Wine,case of 12,29,95.55,2770.95
INV-2025-12,Prosecco,ALC-010,Alcoholic Beverage,Wine,case of 12,22,111.89,2461.58
INV-2025-12,Rosé,ALC-011,Alcoholic Beverage,Wine,case of 12,5,85.08,425.4
INV-2025-12,"Vodka, Well",ALC-012,Alcoholic Beverage,Spirits,1.75L bottle,14,23.33,326.62
INV-2025-12,"Vodka, Premium",ALC-013,Alcoholic Beverage,Spirits,1L bottle,4,34.27,137.08
INV-2025-12,"Gin, Well",ALC-014,Alcoholic Beverage,Spirits,1.75L bottle,15,21.78,326.7
INV-2025-12,"Tequila, Blanco Premium",ALC-015,Alcoholic Beverage,Spirits,1L bottle,19,33.41,634.79
INV-2025-12,"Tequila, Reposado Premium",ALC-016,Alcoholic Beverage,Spirits,1L bottle,22,42.32,931.04
INV-2025-12,"Bourbon, Well",ALC-017,Alcoholic Beverage,Spirits,1.75L bottle,27,31.53,851.31
INV-2025-12,"Bourbon, Premium",ALC-018,Alcoholic Beverage,Spirits,750ml bottle,23,43.9,1009.7
INV-2025-12,"Rum, White",ALC-019,Alcoholic Beverage,Spirits,1.75L bottle,3,18.97,56.91
INV-2025-12,"Rum, Spiced",ALC-020,Alcoholic Beverage,Spirits,1L bottle,24,22.12,530.88
INV-2025-12,"Whiskey, Rye",ALC-021,Alcoholic Beverage,Spirits,750ml bottle,19,36.45,692.55
INV-2025-12,"Scotch, Blended",ALC-022,Alcoholic Beverage,Spirits,750ml bottle,4,30.88,123.52
INV-2025-12,Triple Sec,ALC-023,Alcoholic Beverage,Liqueur,1L bottle,19,15.63,296.97
INV-2025-12,Coffee Liqueur,ALC-024,Alcoholic Beverage,Liqueur,750ml bottle,10,26.18,261.8
INV-2025-12,Amaretto,ALC-025,Alcoholic Beverage,Liqueur,750ml bottle,24,19.92,478.08
INV-2025-12,"Stout, Bottled",ALC-026,Alcoholic Beverage,Beer,case of 24,10,45.04,450.4
INV-2025-12,Non-Alcoholic Beer,ALC-027,Alcoholic Beverage,Beer,case of 24,8,32.87,262.96
INV-2025-12,"Champagne, Brut",ALC-028,Alcoholic Beverage,Wine,case of 6,11,122.7,1349.7
INV-2025-12,Mezcal,ALC-029,Alcoholic Beverage,Spirits,750ml bottle,14,42.88,600.32
INV-2025-12,"Vermouth, Dry",ALC-030,Alcoholic Beverage,Liqueur,1L bottle,15,12.6,189.0
INV-2025-12,All-Purpose Flour,DRY-001,Dry Goods & Spices,Flour,50 lb bag,38,20.79,790.02
INV-2025-12,Bread Flour,DRY-002,Dry Goods & Spices,Flour,50 lb bag,50,22.87,1143.5
INV-2025-12,Cornmeal,DRY-003,Dry Goods & Spices,Flour,25 lb bag,10,17.04,170.4
INV-2025-12,"White Rice, Long Grain",DRY-004,Dry Goods & Spices,Grain,50 lb bag,40,37.84,1513.6
INV-2025-12,Jasmine Rice,DRY-005,Dry Goods & Spices,Grain,50 lb bag,27,33.11,893.97
INV-2025-12,Quinoa,DRY-006,Dry Goods & Spices,Grain,10 lb bag,22,28.23,621.06
INV-2025-12,"Spaghetti, Dry",DRY-007,Dry Goods & Spices,Pasta,20 lb case,17,20.68,351.56
INV-2025-12,"Penne, Dry",DRY-008,Dry Goods & Spices,Pasta,20 lb case,30,18.65,559.5
INV-2025-12,"Black Beans, Dry",DRY-009,Dry Goods & Spices,Legume,25 lb bag,21,21.31,447.51
INV-2025-12,"Pinto Beans, Dry",DRY-010,Dry Goods & Spices,Legume,25 lb bag,37,20.61,762.57
INV-2025-12,Granulated Sugar,DRY-011,Dry Goods & Spices,Sugar,50 lb bag,9,25.13,226.17
INV-2025-12,Brown Sugar,DRY-012,Dry Goods & Spices,Sugar,25 lb bag,26,18.75,487.5
INV-2025-12,Powdered Sugar,DRY-013,Dry Goods & Spices,Sugar,25 lb bag,37,22.37,827.69
INV-2025-12,Kosher Salt,DRY-014,Dry Goods & Spices,Spice,25 lb bag,39,10.82,421.98
INV-2025-12,"Black Pepper, Ground",DRY-015,Dry Goods & Spices,Spice,1 lb bag,41,13.26,543.66
INV-2025-12,"Paprika, Smoked",DRY-016,Dry Goods & Spices,Spice,1 lb bag,33,10.75,354.75
INV-2025-12,"Cumin, Ground",DRY-017,Dry Goods & Spices,Spice,1 lb bag,41,13.16,539.56
INV-2025-12,Chili Powder,DRY-018,Dry Goods & Spices,Spice,1 lb bag,20,9.65,193.0
INV-2025-12,Garlic Powder,DRY-019,Dry Goods & Spices,Spice,1 lb bag,34,8.67,294.78
INV-2025-12,Onion Powder,DRY-020,Dry Goods & Spices,Spice,1 lb bag,42,9.85,413.7
INV-2025-12,Cayenne Pepper,DRY-021,Dry Goods & Spices,Spice,1 lb bag,35,8.9,311.5
INV-2025-12,"Oregano, Dried",DRY-022,Dry Goods & Spices,Spice,1 lb bag,9,13.0,117.0
INV-2025-12,"Cinnamon, Ground",DRY-023,Dry Goods & Spices,Spice,1 lb bag,19,9.56,181.64
INV-2025-12,Baking Powder,DRY-024,Dry Goods & Spices,Baking,10 lb can,19,20.18,383.42
INV-2025-12,Baking Soda,DRY-025,Dry Goods & Spices,Baking,12 lb box,31,11.17,346.27
INV-2025-12,Cocoa Powder,DRY-026,Dry Goods & Spices,Baking,5 lb bag,38,21.35,811.3
INV-2025-12,Panko Bread Crumbs,DRY-027,Dry Goods & Spices,Breading,25 lb case,49,35.59,1743.91
INV-2025-12,Seasoned Bread Crumbs,DRY-028,Dry Goods & Spices,Breading,25 lb case,20,29.16,583.2
INV-2025-12,Sesame Seeds,DRY-029,Dry Goods & Spices,Nuts/Seeds,5 lb bag,30,21.1,633.0
INV-2025-12,Sliced Almonds,DRY-030,Dry Goods & Spices,Nuts/Seeds,5 lb bag,26,27.71,720.46
INV-2025-12,Frozen Peas,FRZ-001,Frozen/Refrigerated Goods,Frozen Vegetable,20 lb case,16,24.96,399.36
INV-2025-12,Frozen Corn,FRZ-002,Frozen/Refrigerated Goods,Frozen Vegetable,20 lb case,27,23.43,632.61
INV-2025-12,Frozen Broccoli Florets,FRZ-003,Frozen/Refrigerated Goods,Frozen Vegetable,20 lb case,22,28.16,619.52
INV-2025-12,"Frozen Spinach, Chopped",FRZ-004,Frozen/Refrigerated Goods,Frozen Vegetable,20 lb case,17,26.3,447.1
INV-2025-12,"French Fries, Straight Cut",FRZ-005,Frozen/Refrigerated Goods,Frozen Potato,30 lb case,17,32.05,544.85
INV-2025-12,Tater Tots,FRZ-006,Frozen/Refrigerated Goods,Frozen Potato,30 lb case,20,32.81,656.2
INV-2025-12,"Hash Browns, Shredded",FRZ-007,Frozen/Refrigerated Goods,Frozen Potato,20 lb case,18,26.43,475.74
INV-2025-12,"Dinner Rolls, Par-Baked",FRZ-008,Frozen/Refrigerated Goods,Frozen Bread,case of 200,20,41.4,828.0
INV-2025-12,Pizza Dough Balls,FRZ-009,Frozen/Refrigerated Goods,Frozen Bread,case of 40,27,37.41,1010.07
INV-2025-12,Vanilla Ice Cream,FRZ-010,Frozen/Refrigerated Goods,Frozen Dessert,3 gal tub,11,24.53,269.83
INV-2025-12,Chocolate Ice Cream,FRZ-011,Frozen/Refrigerated Goods,Frozen Dessert,3 gal tub,10,29.23,292.3
INV-2025-12,"Cheesecake, Uncut",FRZ-012,Frozen/Refrigerated Goods,Frozen Dessert,10 inch,36,20.05,721.8
INV-2025-12,Frozen Mixed Berries,FRZ-013,Frozen/Refrigerated Goods,Frozen Fruit,10 lb bag,39,36.86,1437.54
INV-2025-12,Frozen Mango Chunks,FRZ-014,Frozen/Refrigerated Goods,Frozen Fruit,10 lb bag,35,25.47,891.45
INV-2025-12,Shredded Mozzarella,FRZ-015,Frozen/Refrigerated Goods,Dairy,5 lb bag,25,18.72,468.0
INV-2025-12,Shredded Cheddar,FRZ-016,Frozen/Refrigerated Goods,Dairy,5 lb bag,22,18.32,403.04
INV-2025-12,"Parmesan, Grated",FRZ-017,Frozen/Refrigerated Goods,Dairy,5 lb bag,37,33.16,1226.92
INV-2025-12,Cream Cheese,FRZ-018,Frozen/Refrigerated Goods,Dairy,3 lb block,19,12.7,241.3
INV-2025-12,"Butter, Unsalted",FRZ-019,Frozen/Refrigerated Goods,Dairy,36 lb case,13,102.52,1332.76
INV-2025-12,Heavy Cream,FRZ-020,Frozen/Refrigerated Goods,Dairy,quart,32,5.07,162.24
INV-2025-12,Sour Cream,FRZ-021,Frozen/Refrigerated Goods,Dairy,5 lb tub,39,14.17,552.63
INV-2025-12,"Eggs, Large",FRZ-022,Frozen/Refrigerated Goods,Dairy,case of 15 dz,27,53.25,1437.75
INV-2025-12,"Frozen Shrimp, 21/25",FRZ-023,Frozen/Refrigerated Goods,Frozen Protein,5 lb bag,16,62.85,1005.6
INV-2025-12,Frozen Chicken Wings,FRZ-024,Frozen/Refrigerated Goods,Frozen Protein,40 lb case,12,108.34,1300.08
INV-2025-12,Frozen Salmon Fillets,FRZ-025,Frozen/Refrigerated Goods,Frozen Protein,10 lb box,34,94.24,3204.16
INV-2025-12,Mozzarella Sticks,FRZ-026,Frozen/Refrigerated Goods,Frozen Appetizer,case of 240,5,53.13,265.65
INV-2025-12,"Spring Rolls, Vegetable",FRZ-027,Frozen/Refrigerated Goods,Frozen Appetizer,case of 100,18,60.48,1088.64
INV-2025-12,"Yogurt, Plain",FRZ-028,Frozen/Refrigerated Goods,Dairy,5 lb tub,11,13.75,151.25
INV-2025-12,Frozen Diced Onions,FRZ-029,Frozen/Refrigerated Goods,Frozen Vegetable,20 lb case,21,25.1,527.1
INV-2025-12,"Pie Crust, Frozen 9in",FRZ-030,Frozen/Refrigerated Goods,Frozen Dessert,case of 24,21,31.3,657.3
INV-2025-12,Canola Oil,LIQ-001,Liquids/Pastes/Sauces,Oil,35 lb jug,18,45.71,822.78
INV-2025-12,"Olive Oil, Extra Virgin",LIQ-002,Liquids/Pastes/Sauces,Oil,3 L tin,13,25.66,333.58
INV-2025-12,Vegetable Oil,LIQ-003,Liquids/Pastes/Sauces,Oil,35 lb jug,18,38.57,694.26
INV-2025-12,Sesame Oil,LIQ-004,Liquids/Pastes/Sauces,Oil,1 gal jug,16,29.14,466.24
INV-2025-12,White Vinegar,LIQ-005,Liquids/Pastes/Sauces,Vinegar,1 gal jug,14,7.15,100.1
INV-2025-12,Balsamic Vinegar,LIQ-006,Liquids/Pastes/Sauces,Vinegar,1 gal jug,15,24.61,369.15
INV-2025-12,Rice Wine Vinegar,LIQ-007,Liquids/Pastes/Sauces,Vinegar,1 gal jug,8,20.12,160.96
INV-2025-12,Soy Sauce,LIQ-008,Liquids/Pastes/Sauces,Sauce,1 gal jug,21,13.07,274.47
INV-2025-12,Hot Sauce,LIQ-009,Liquids/Pastes/Sauces,Sauce,1 gal jug,29,22.18,643.22
INV-2025-12,Worcestershire Sauce,LIQ-010,Liquids/Pastes/Sauces,Sauce,1 gal jug,11,18.44,202.84
INV-2025-12,BBQ Sauce,LIQ-011,Liquids/Pastes/Sauces,Sauce,1 gal jug,20,16.44,328.8
INV-2025-12,Buffalo Wing Sauce,LIQ-012,Liquids/Pastes/Sauces,Sauce,1 gal jug,15,20.36,305.4
INV-2025-12,Teriyaki Sauce,LIQ-013,Liquids/Pastes/Sauces,Sauce,1 gal jug,28,19.59,548.52
INV-2025-12,Ranch Dressing,LIQ-014,Liquids/Pastes/Sauces,Sauce,1 gal jug,7,20.03,140.21
INV-2025-12,Caesar Dressing,LIQ-015,Liquids/Pastes/Sauces,Sauce,1 gal jug,3,18.19,54.57
INV-2025-12,"Vinaigrette, Balsamic",LIQ-016,Liquids/Pastes/Sauces,Sauce,1 gal jug,18,20.26,364.68
INV-2025-12,Tomato Paste,LIQ-017,Liquids/Pastes/Sauces,Paste,#10 can,30,12.5,375.0
INV-2025-12,Garlic Paste,LIQ-018,Liquids/Pastes/Sauces,Paste,4 lb tub,20,16.42,328.4
INV-2025-12,Ginger Paste,LIQ-019,Liquids/Pastes/Sauces,Paste,4 lb tub,28,18.14,507.92
INV-2025-12,"Curry Paste, Red",LIQ-020,Liquids/Pastes/Sauces,Paste,14 oz can,11,6.32,69.52
INV-2025-12,Crushed Tomatoes,LIQ-021,Liquids/Pastes/Sauces,Canned Tomato,#10 can,21,9.84,206.64
INV-2025-12,Diced Tomatoes,LIQ-022,Liquids/Pastes/Sauces,Canned Tomato,#10 can,6,8.88,53.28
INV-2025-12,Tomato Puree,LIQ-023,Liquids/Pastes/Sauces,Canned Tomato,#10 can,4,7.78,31.12
INV-2025-12,"Chicken Stock, Liquid",LIQ-024,Liquids/Pastes/Sauces,Stock/Broth,1 gal jug,11,15.58,171.38
INV-2025-12,"Beef Stock, Liquid",LIQ-025,Liquids/Pastes/Sauces,Stock/Broth,1 gal jug,23,15.57,358.11
INV-2025-12,"Vegetable Stock, Liquid",LIQ-026,Liquids/Pastes/Sauces,Stock/Broth,1 gal jug,26,16.32,424.32
INV-2025-12,Marinara Sauce,LIQ-027,Liquids/Pastes/Sauces,Sauce,#10 can,14,12.99,181.86
INV-2025-12,Alfredo Sauce,LIQ-028,Liquids/Pastes/Sauces,Sauce,4 lb tub,20,19.03,380.6
INV-2025-12,Sriracha,LIQ-029,Liquids/Pastes/Sauces,Sauce,1 gal jug,11,22.8,250.8
INV-2025-12,Honey,LIQ-030,Liquids/Pastes/Sauces,Honey/Syrup,5 lb jug,16,18.02,288.32
INV-2025-12,Romaine Lettuce,PRD-001,Produce & Meat,Produce,case of 24 heads,23,36.64,842.72
INV-2025-12,Iceberg Lettuce,PRD-002,Produce & Meat,Produce,case of 24 heads,8,27.66,221.28
INV-2025-12,"Tomatoes, Roma",PRD-003,Produce & Meat,Produce,25 lb case,22,37.49,824.78
INV-2025-12,"Onions, Yellow",PRD-004,Produce & Meat,Produce,50 lb bag,7,26.31,184.17
INV-2025-12,"Garlic, Fresh",PRD-005,Produce & Meat,Produce,10 lb case,11,36.07,396.77
INV-2025-12,"Bell Peppers, Green",PRD-006,Produce & Meat,Produce,25 lb case,23,39.41,906.43
INV-2025-12,"Bell Peppers, Red",PRD-007,Produce & Meat,Produce,25 lb case,25,41.86,1046.5
INV-2025-12,Avocados,PRD-008,Produce & Meat,Produce,case of 48,4,65.09,260.36
INV-2025-12,Limes,PRD-009,Produce & Meat,Produce,case of 200,11,39.39,433.29
INV-2025-12,Lemons,PRD-010,Produce & Meat,Produce,case of 165,6,41.46,248.76
INV-2025-12,"Potatoes, Russet",PRD-011,Produce & Meat,Produce,50 lb bag,22,33.73,742.06
INV-2025-12,Carrots,PRD-012,Produce & Meat,Produce,25 lb bag,12,24.33,291.96
INV-2025-12,Celery,PRD-013,Produce & Meat,Produce,case of 30,21,30.29,636.09
INV-2025-12,"Mushrooms, White Button",PRD-014,Produce & Meat,Produce,10 lb case,4,31.26,125.04
INV-2025-12,Cilantro,PRD-015,Produce & Meat,Produce,case of 30 bunches,12,23.08,276.96
INV-2025-12,Jalapeños,PRD-016,Produce & Meat,Produce,10 lb case,12,18.35,220.2
INV-2025-12,Cucumbers,PRD-017,Produce & Meat,Produce,case of 24,24,19.54,468.96
INV-2025-12,"Spinach, Fresh",PRD-018,Produce & Meat,Produce,4 lb case,22,19.04,418.88
INV-2025-12,"Basil, Fresh",PRD-019,Produce & Meat,Produce,case of 12 bunches,16,24.92,398.72
INV-2025-12,"Ginger, Fresh",PRD-020,Produce & Meat,Produce,10 lb case,13,31.34,407.42
INV-2025-12,"Ground Beef, 80/20",PRD-021,Produce & Meat,Meat,case,18,5.47,98.46
INV-2025-12,"Chicken Breast, Boneless",PRD-022,Produce & Meat,Meat,case,15,4.42,66.3
INV-2025-12,"Chicken Thighs, Boneless",PRD-023,Produce & Meat,Meat,case,2,3.66,7.32
INV-2025-12,Pork Shoulder,PRD-024,Produce & Meat,Meat,case,9,3.86,34.74
INV-2025-12,"Bacon, Sliced",PRD-025,Produce & Meat,Meat,15 lb case,25,72.32,1808.0
INV-2025-12,NY Strip Steak,PRD-026,Produce & Meat,Meat,case,4,14.52,58.08
INV-2025-12,Ribeye Steak,PRD-027,Produce & Meat,Meat,case,14,18.16,254.24
INV-2025-12,Ground Pork,PRD-028,Produce & Meat,Meat,case,4,4.14,16.56
INV-2025-12,"Salmon Fillet, Fresh",PRD-029,Produce & Meat,Seafood,case,17,13.44,228.48
INV-2025-12,"Shrimp, Fresh 16/20",PRD-030,Produce & Meat,Seafood,case,2,12.34,24.68
INV-2025-12,"To-Go Containers, 32oz",SUP-001,Supplies,To-Go,case of 150,77,37.95,2922.15
INV-2025-12,"To-Go Cups, 16oz",SUP-002,Supplies,To-Go,case of 1000,20,62.09,1241.8
INV-2025-12,"To-Go Cup Lids, Dome",SUP-003,Supplies,To-Go,case of 1000,89,30.51,2715.39
INV-2025-12,"Paper Bags, Kraft",SUP-004,Supplies,To-Go,case of 500,93,34.85,3241.05
INV-2025-12,"Napkins, Dinner",SUP-005,Supplies,Disposable,case of 3000,59,31.56,1862.04
INV-2025-12,"Straws, Wrapped",SUP-006,Supplies,Disposable,box of 500,41,10.04,411.64
INV-2025-12,"Plastic Cutlery, Forks",SUP-007,Supplies,Disposable,box of 1000,66,19.39,1279.74
INV-2025-12,"Plastic Cutlery, Spoons",SUP-008,Supplies,Disposable,box of 1000,26,17.31,450.06
INV-2025-12,Toothpicks,SUP-009,Supplies,Disposable,box of 1000,31,3.89,120.59
INV-2025-12,"Dish Soap, Concentrate",SUP-010,Supplies,Cleaning,1 gal jug,94,25.01,2350.94
INV-2025-12,"Degreaser, Kitchen",SUP-011,Supplies,Cleaning,1 gal jug,51,22.19,1131.69
INV-2025-12,Sanitizer Solution,SUP-012,Supplies,Cleaning,1 gal jug,69,19.39,1337.91
INV-2025-12,Bleach,SUP-013,Supplies,Cleaning,1 gal jug,79,8.34,658.86
INV-2025-12,Glass Cleaner,SUP-014,Supplies,Cleaning,1 gal jug,80,15.5,1240.0
INV-2025-12,"Paper Towels, Roll",SUP-015,Supplies,Paper Goods,case of 12,99,41.59,4117.41
INV-2025-12,"Toilet Paper, Roll",SUP-016,Supplies,Paper Goods,case of 48,85,43.61,3706.85
INV-2025-12,Butcher Paper Roll,SUP-017,Supplies,Paper Goods,roll,90,32.0,2880.0
INV-2025-12,Parchment Paper Sheets,SUP-018,Supplies,Paper Goods,box of 1000,82,39.96,3276.72
INV-2025-12,Plastic Wrap Roll,SUP-019,Supplies,Wrap/Film,roll,91,20.39,1855.49
INV-2025-12,Aluminum Foil Roll,SUP-020,Supplies,Wrap/Film,roll,49,32.5,1592.5
INV-2025-12,"Disposable Gloves, Nitrile",SUP-021,Supplies,Gloves,case of 1000,71,57.3,4068.3
INV-2025-12,"Disposable Gloves, Vinyl",SUP-022,Supplies,Gloves,case of 1000,21,35.83,752.43
INV-2025-12,Food Storage Containers,SUP-023,Supplies,Storage,case of 100,56,36.31,2033.36
INV-2025-12,Container Lids,SUP-024,Supplies,Storage,case of 100,29,24.02,696.58
INV-2025-12,"Deli Cups w/ Lids, 8oz",SUP-025,Supplies,Storage,case of 500,10,37.34,373.4
INV-2025-12,Hand Soap,SUP-026,Supplies,Chemical,1 gal jug,27,15.83,427.41
INV-2025-12,Hand Sanitizer,SUP-027,Supplies,Chemical,1 gal jug,70,20.28,1419.6
INV-2025-12,Chafing Fuel Cans,SUP-028,Supplies,Small Wares,case of 24,98,42.38,4153.24
INV-2025-12,Aluminum Steam Table Pans,SUP-029,Supplies,Small Wares,case of 50,71,54.11,3841.81
INV-2025-12,"Menu Paper, Cardstock",SUP-030,Supplies,Menu/Marketing,ream of 500,65,21.11,1372.15
