PO Number,Line Number,Product Primary Key,Item Name,Category,Subcategory,Unit of Measure,Quantity Ordered,Unit Price,Extended Price,Discount Amount,Net Purchase Amount
PO-00001,1,NAB-021,Oat Milk,Non-Alcoholic Beverage,Milk/Dairy Bev,32 oz carton,4,5.59,22.36,0.0,22.36
PO-00001,2,LIQ-028,Alfredo Sauce,Liquids/Pastes/Sauces,Sauce,4 lb tub,9,17.98,161.82,0.0,161.82
PO-00001,3,PRD-008,Avocados,Produce & Meat,Produce,case of 48,9,67.34,606.06,0.0,606.06
PO-00001,4,FRZ-019,"Butter, Unsalted",Frozen/Refrigerated Goods,Dairy,36 lb case,5,109.83,549.15,0.0,549.15
PO-00001,5,NAB-017,Herbal Chamomile Tea Bags,Non-Alcoholic Beverage,Tea,box of 100,3,15.82,47.46,0.0,47.46
PO-00001,6,LIQ-005,White Vinegar,Liquids/Pastes/Sauces,Vinegar,1 gal jug,3,7.19,21.57,0.0,21.57
PO-00001,7,FRZ-003,Frozen Broccoli Florets,Frozen/Refrigerated Goods,Frozen Vegetable,20 lb case,2,30.45,60.9,1.57,59.33
PO-00001,8,NAB-013,"Drip Coffee, Medium Roast",Non-Alcoholic Beverage,Coffee,2 lb bag,10,17.34,173.4,0.0,173.4
PO-00002,1,SUP-011,"Degreaser, Kitchen",Supplies,Cleaning,1 gal jug,2,21.13,42.26,1.42,40.84
PO-00002,2,FRZ-021,Sour Cream,Frozen/Refrigerated Goods,Dairy,5 lb tub,2,15.0,30.0,0.0,30.0
PO-00002,3,LIQ-008,Soy Sauce,Liquids/Pastes/Sauces,Sauce,1 gal jug,7,13.16,92.12,0.0,92.12
PO-00003,1,FRZ-015,Shredded Mozzarella,Frozen/Refrigerated Goods,Dairy,5 lb bag,1,19.09,19.09,0.0,19.09
PO-00003,2,DRY-007,"Spaghetti, Dry",Dry Goods & Spices,Pasta,20 lb case,6,19.86,119.16,0.0,119.16
PO-00003,3,LIQ-020,"Curry Paste, Red",Liquids/Pastes/Sauces,Paste,14 oz can,10,5.99,59.9,0.0,59.9
PO-00003,4,LIQ-015,Caesar Dressing,Liquids/Pastes/Sauces,Sauce,1 gal jug,8,18.82,150.56,0.0,150.56
PO-00003,5,FRZ-018,Cream Cheese,Frozen/Refrigerated Goods,Dairy,3 lb block,8,12.72,101.76,2.89,98.87
PO-00003,6,PRD-028,Ground Pork,Produce & Meat,Meat,case,9,3.96,35.64,0.0,35.64
PO-00003,7,PRD-020,"Ginger, Fresh",Produce & Meat,Produce,10 lb case,10,30.39,303.9,0.0,303.9
PO-00003,8,SUP-026,Hand Soap,Supplies,Chemical,1 gal jug,3,15.78,47.34,0.0,47.34
PO-00004,1,PRD-030,"Shrimp, Fresh 16/20",Produce & Meat,Seafood,case,7,11.31,79.17,0.0,79.17
PO-00004,2,PRD-013,Celery,Produce & Meat,Produce,case of 30,5,29.85,149.25,0.0,149.25
PO-00004,3,DRY-023,"Cinnamon, Ground",Dry Goods & Spices,Spice,1 lb bag,1,9.64,9.64,0.0,9.64
PO-00004,4,PRD-010,Lemons,Produce & Meat,Produce,case of 165,9,37.64,338.76,0.0,338.76
PO-00005,1,DRY-021,Cayenne Pepper,Dry Goods & Spices,Spice,1 lb bag,2,9.49,18.98,0.0,18.98
PO-00005,2,LIQ-021,Crushed Tomatoes,Liquids/Pastes/Sauces,Canned Tomato,#10 can,9,10.4,93.6,0.0,93.6
PO-00005,3,ALC-023,Triple Sec,Alcoholic Beverage,Liqueur,1L bottle,3,15.05,45.15,0.0,45.15
PO-00006,1,LIQ-026,"Vegetable Stock, Liquid",Liquids/Pastes/Sauces,Stock/Broth,1 gal jug,9,17.29,155.61,0.0,155.61
PO-00006,2,FRZ-027,"Spring Rolls, Vegetable",Frozen/Refrigerated Goods,Frozen Appetizer,case of 100,8,59.38,475.04,0.0,475.04
PO-00006,3,NAB-026,Tomato Juice,Non-Alcoholic Beverage,Juice,46 oz can,9,4.48,40.32,0.0,40.32
PO-00006,4,ALC-015,"Tequila, Blanco Premium",Alcoholic Beverage,Spirits,1L bottle,4,34.32,137.28,0.0,137.28
PO-00006,5,SUP-028,Chafing Fuel Cans,Supplies,Small Wares,case of 24,4,40.71,162.84,0.0,162.84
PO-00007,1,DRY-010,"Pinto Beans, Dry",Dry Goods & Spices,Legume,25 lb bag,1,21.04,21.04,0.0,21.04
PO-00007,2,PRD-006,"Bell Peppers, Green",Produce & Meat,Produce,25 lb case,4,37.65,150.6,0.0,150.6
PO-00007,3,SUP-030,"Menu Paper, Cardstock",Supplies,Menu/Marketing,ream of 500,9,20.12,181.08,13.79,167.29
PO-00007,4,NAB-007,Orange Juice Concentrate,Non-Alcoholic Beverage,Juice,gallon,8,11.8,94.4,0.0,94.4
PO-00007,5,NAB-027,Sparkling Lemon Water 12oz,Non-Alcoholic Beverage,Bottled Water,case of 24,7,16.57,115.99,0.0,115.99
PO-00007,6,NAB-024,Club Soda Canister,Non-Alcoholic Beverage,Soda,5 gal canister,7,15.48,108.36,0.0,108.36
PO-00007,7,SUP-011,"Degreaser, Kitchen",Supplies,Cleaning,1 gal jug,1,20.78,20.78,0.0,20.78
PO-00008,1,DRY-022,"Oregano, Dried",Dry Goods & Spices,Spice,1 lb bag,8,12.83,102.64,0.0,102.64
PO-00008,2,SUP-008,"Plastic Cutlery, Spoons",Supplies,Disposable,box of 1000,8,17.97,143.76,0.0,143.76
PO-00008,3,ALC-015,"Tequila, Blanco Premium",Alcoholic Beverage,Spirits,1L bottle,2,35.82,71.64,5.73,65.91
PO-00008,4,SUP-005,"Napkins, Dinner",Supplies,Disposable,case of 3000,2,33.64,67.28,0.0,67.28
PO-00009,1,ALC-017,"Bourbon, Well",Alcoholic Beverage,Spirits,1.75L bottle,5,31.45,157.25,0.0,157.25
PO-00009,2,DRY-020,Onion Powder,Dry Goods & Spices,Spice,1 lb bag,5,9.58,47.9,0.0,47.9
PO-00009,3,NAB-007,Orange Juice Concentrate,Non-Alcoholic Beverage,Juice,gallon,9,12.26,110.34,0.0,110.34
PO-00010,1,NAB-015,Black Tea Bags,Non-Alcoholic Beverage,Tea,box of 100,9,14.63,131.67,4.1,127.57
PO-00010,2,SUP-012,Sanitizer Solution,Supplies,Cleaning,1 gal jug,4,18.19,72.76,0.0,72.76
PO-00010,3,LIQ-016,"Vinaigrette, Balsamic",Liquids/Pastes/Sauces,Sauce,1 gal jug,10,22.47,224.7,0.0,224.7
PO-00010,4,LIQ-021,Crushed Tomatoes,Liquids/Pastes/Sauces,Canned Tomato,#10 can,10,10.71,107.1,6.37,100.73
PO-00010,5,ALC-023,Triple Sec,Alcoholic Beverage,Liqueur,1L bottle,6,15.69,94.14,0.0,94.14
PO-00011,1,PRD-002,Iceberg Lettuce,Produce & Meat,Produce,case of 24 heads,2,26.82,53.64,3.07,50.57
PO-00011,2,LIQ-020,"Curry Paste, Red",Liquids/Pastes/Sauces,Paste,14 oz can,2,6.3,12.6,0.41,12.19
PO-00011,3,ALC-014,"Gin, Well",Alcoholic Beverage,Spirits,1.75L bottle,6,20.89,125.34,0.0,125.34
PO-00011,4,DRY-025,Baking Soda,Dry Goods & Spices,Baking,12 lb box,6,10.8,64.8,0.0,64.8
PO-00012,1,ALC-023,Triple Sec,Alcoholic Beverage,Liqueur,1L bottle,9,16.2,145.8,0.0,145.8
PO-00012,2,FRZ-029,Frozen Diced Onions,Frozen/Refrigerated Goods,Frozen Vegetable,20 lb case,4,25.84,103.36,0.0,103.36
PO-00012,3,ALC-020,"Rum, Spiced",Alcoholic Beverage,Spirits,1L bottle,5,20.08,100.4,0.0,100.4
PO-00013,1,NAB-003,Sprite Syrup BIB,Non-Alcoholic Beverage,Soda,5 gal bag-in-box,5,66.0,330.0,0.0,330.0
PO-00013,2,DRY-019,Garlic Powder,Dry Goods & Spices,Spice,1 lb bag,7,8.38,58.66,0.0,58.66
PO-00013,3,PRD-025,"Bacon, Sliced",Produce & Meat,Meat,15 lb case,3,67.35,202.05,0.0,202.05
PO-00014,1,LIQ-008,Soy Sauce,Liquids/Pastes/Sauces,Sauce,1 gal jug,6,12.9,77.4,0.0,77.4
PO-00014,2,DRY-020,Onion Powder,Dry Goods & Spices,Spice,1 lb bag,7,9.67,67.69,0.0,67.69
PO-00014,3,FRZ-006,Tater Tots,Frozen/Refrigerated Goods,Frozen Potato,30 lb case,4,31.73,126.92,0.0,126.92
PO-00015,1,SUP-017,Butcher Paper Roll,Supplies,Paper Goods,roll,8,31.92,255.36,0.0,255.36
PO-00015,2,SUP-001,"To-Go Containers, 32oz",Supplies,To-Go,case of 150,8,37.56,300.48,0.0,300.48
PO-00015,3,ALC-002,Craft IPA Keg,Alcoholic Beverage,Beer,1/6 barrel keg,4,115.52,462.08,0.0,462.08
PO-00015,4,LIQ-015,Caesar Dressing,Liquids/Pastes/Sauces,Sauce,1 gal jug,7,19.49,136.43,0.0,136.43
PO-00016,1,DRY-021,Cayenne Pepper,Dry Goods & Spices,Spice,1 lb bag,5,9.92,49.6,2.77,46.83
PO-00016,2,ALC-023,Triple Sec,Alcoholic Beverage,Liqueur,1L bottle,6,15.35,92.1,0.0,92.1
PO-00016,3,SUP-012,Sanitizer Solution,Supplies,Cleaning,1 gal jug,2,18.89,37.78,0.0,37.78
PO-00017,1,NAB-006,Sparkling Water 12oz,Non-Alcoholic Beverage,Bottled Water,case of 24,5,17.75,88.75,0.0,88.75
PO-00017,2,PRD-026,NY Strip Steak,Produce & Meat,Meat,case,6,15.48,92.88,0.0,92.88
PO-00017,3,FRZ-018,Cream Cheese,Frozen/Refrigerated Goods,Dairy,3 lb block,3,11.96,35.88,0.0,35.88
PO-00017,4,PRD-004,"Onions, Yellow",Produce & Meat,Produce,50 lb bag,7,24.84,173.88,0.0,173.88
PO-00017,5,SUP-018,Parchment Paper Sheets,Supplies,Paper Goods,box of 1000,10,42.01,420.1,0.0,420.1
PO-00017,6,NAB-022,"Almond Milk, Unsweetened",Non-Alcoholic Beverage,Milk/Dairy Bev,32 oz carton,1,4.23,4.23,0.0,4.23
PO-00018,1,SUP-019,Plastic Wrap Roll,Supplies,Wrap/Film,roll,3,20.74,62.22,0.0,62.22
PO-00018,2,PRD-001,Romaine Lettuce,Produce & Meat,Produce,case of 24 heads,10,33.37,333.7,0.0,333.7
PO-00018,3,ALC-016,"Tequila, Reposado Premium",Alcoholic Beverage,Spirits,1L bottle,4,47.0,188.0,0.0,188.0
PO-00018,4,FRZ-030,"Pie Crust, Frozen 9in",Frozen/Refrigerated Goods,Frozen Dessert,case of 24,4,31.77,127.08,2.89,124.19
PO-00018,5,FRZ-027,"Spring Rolls, Vegetable",Frozen/Refrigerated Goods,Frozen Appetizer,case of 100,10,64.65,646.5,0.0,646.5
PO-00018,6,PRD-029,"Salmon Fillet, Fresh",Produce & Meat,Seafood,case,7,12.77,89.39,0.0,89.39
PO-00019,1,PRD-030,"Shrimp, Fresh 16/20",Produce & Meat,Seafood,case,2,12.32,24.64,0.0,24.64
PO-00019,2,PRD-018,"Spinach, Fresh",Produce & Meat,Produce,4 lb case,9,19.94,179.46,0.0,179.46
PO-00019,3,NAB-019,Gatorade Fruit Punch,Non-Alcoholic Beverage,Energy/Sports,case of 24,8,22.02,176.16,0.0,176.16
PO-00019,4,FRZ-006,Tater Tots,Frozen/Refrigerated Goods,Frozen Potato,30 lb case,9,31.64,284.76,0.0,284.76
PO-00020,1,FRZ-028,"Yogurt, Plain",Frozen/Refrigerated Goods,Dairy,5 lb tub,5,14.06,70.3,0.0,70.3
PO-00020,2,PRD-017,Cucumbers,Produce & Meat,Produce,case of 24,9,19.96,179.64,5.22,174.42
PO-00020,3,SUP-023,Food Storage Containers,Supplies,Storage,case of 100,3,36.4,109.2,0.0,109.2
PO-00020,4,FRZ-024,Frozen Chicken Wings,Frozen/Refrigerated Goods,Frozen Protein,40 lb case,7,100.43,703.01,0.0,703.01
PO-00020,5,FRZ-020,Heavy Cream,Frozen/Refrigerated Goods,Dairy,quart,1,5.07,5.07,0.0,5.07
PO-00020,6,LIQ-016,"Vinaigrette, Balsamic",Liquids/Pastes/Sauces,Sauce,1 gal jug,10,21.35,213.5,0.0,213.5
PO-00020,7,ALC-010,Prosecco,Alcoholic Beverage,Wine,case of 12,10,107.63,1076.3,0.0,1076.3
PO-00020,8,ALC-015,"Tequila, Blanco Premium",Alcoholic Beverage,Spirits,1L bottle,6,32.88,197.28,0.0,197.28
PO-00021,1,PRD-011,"Potatoes, Russet",Produce & Meat,Produce,50 lb bag,7,32.26,225.82,0.0,225.82
PO-00021,2,SUP-001,"To-Go Containers, 32oz",Supplies,To-Go,case of 150,2,37.0,74.0,0.0,74.0
PO-00021,3,DRY-028,Seasoned Bread Crumbs,Dry Goods & Spices,Breading,25 lb case,8,29.09,232.72,0.0,232.72
PO-00021,4,PRD-020,"Ginger, Fresh",Produce & Meat,Produce,10 lb case,6,29.42,176.52,0.0,176.52
PO-00021,5,DRY-008,"Penne, Dry",Dry Goods & Spices,Pasta,20 lb case,7,18.11,126.77,0.0,126.77
PO-00021,6,FRZ-010,Vanilla Ice Cream,Frozen/Refrigerated Goods,Frozen Dessert,3 gal tub,7,27.3,191.1,0.0,191.1
PO-00021,7,DRY-004,"White Rice, Long Grain",Dry Goods & Spices,Grain,50 lb bag,1,34.0,34.0,0.0,34.0
PO-00021,8,LIQ-014,Ranch Dressing,Liquids/Pastes/Sauces,Sauce,1 gal jug,6,19.22,115.32,0.0,115.32
PO-00022,1,LIQ-022,Diced Tomatoes,Liquids/Pastes/Sauces,Canned Tomato,#10 can,2,8.3,16.6,0.0,16.6
PO-00022,2,NAB-016,Green Tea Bags,Non-Alcoholic Beverage,Tea,box of 100,5,14.8,74.0,0.0,74.0
PO-00022,3,ALC-008,Pinot Noir,Alcoholic Beverage,Wine,case of 12,10,126.61,1266.1,0.0,1266.1
PO-00023,1,SUP-010,"Dish Soap, Concentrate",Supplies,Cleaning,1 gal jug,5,24.58,122.9,0.0,122.9
PO-00023,2,FRZ-026,Mozzarella Sticks,Frozen/Refrigerated Goods,Frozen Appetizer,case of 240,2,58.21,116.42,0.0,116.42
PO-00023,3,SUP-012,Sanitizer Solution,Supplies,Cleaning,1 gal jug,1,18.14,18.14,0.0,18.14
PO-00023,4,DRY-002,Bread Flour,Dry Goods & Spices,Flour,50 lb bag,6,24.39,146.34,8.61,137.73
PO-00023,5,NAB-027,Sparkling Lemon Water 12oz,Non-Alcoholic Beverage,Bottled Water,case of 24,7,15.8,110.6,0.0,110.6
PO-00023,6,PRD-006,"Bell Peppers, Green",Produce & Meat,Produce,25 lb case,6,37.79,226.74,0.0,226.74
PO-00023,7,DRY-010,"Pinto Beans, Dry",Dry Goods & Spices,Legume,25 lb bag,3,22.71,68.13,0.0,68.13
PO-00024,1,PRD-021,"Ground Beef, 80/20",Produce & Meat,Meat,case,10,5.22,52.2,0.0,52.2
PO-00024,2,FRZ-018,Cream Cheese,Frozen/Refrigerated Goods,Dairy,3 lb block,1,12.06,12.06,0.0,12.06
PO-00024,3,FRZ-025,Frozen Salmon Fillets,Frozen/Refrigerated Goods,Frozen Protein,10 lb box,8,95.4,763.2,0.0,763.2
PO-00024,4,FRZ-015,Shredded Mozzarella,Frozen/Refrigerated Goods,Dairy,5 lb bag,6,19.3,115.8,0.0,115.8
PO-00024,5,NAB-023,Root Beer Syrup BIB,Non-Alcoholic Beverage,Soda,5 gal bag-in-box,5,58.83,294.15,0.0,294.15
PO-00024,6,SUP-022,"Disposable Gloves, Vinyl",Supplies,Gloves,case of 1000,4,36.23,144.92,9.16,135.76
PO-00024,7,LIQ-020,"Curry Paste, Red",Liquids/Pastes/Sauces,Paste,14 oz can,4,6.25,25.0,0.0,25.0
PO-00024,8,SUP-006,"Straws, Wrapped",Supplies,Disposable,box of 500,8,9.81,78.48,0.0,78.48
PO-00025,1,DRY-005,Jasmine Rice,Dry Goods & Spices,Grain,50 lb bag,9,33.85,304.65,0.0,304.65
PO-00025,2,PRD-013,Celery,Produce & Meat,Produce,case of 30,9,31.44,282.96,0.0,282.96
PO-00025,3,PRD-008,Avocados,Produce & Meat,Produce,case of 48,5,67.7,338.5,0.0,338.5
PO-00025,4,DRY-016,"Paprika, Smoked",Dry Goods & Spices,Spice,1 lb bag,4,9.73,38.92,0.0,38.92
PO-00026,1,DRY-022,"Oregano, Dried",Dry Goods & Spices,Spice,1 lb bag,9,12.99,116.91,2.66,114.25
PO-00026,2,DRY-009,"Black Beans, Dry",Dry Goods & Spices,Legume,25 lb bag,5,21.48,107.4,0.0,107.4
PO-00026,3,FRZ-019,"Butter, Unsalted",Frozen/Refrigerated Goods,Dairy,36 lb case,8,106.26,850.08,17.63,832.45
PO-00026,4,ALC-001,Domestic Draft Lager Keg,Alcoholic Beverage,Beer,1/2 barrel keg,8,111.4,891.2,0.0,891.2
PO-00027,1,PRD-029,"Salmon Fillet, Fresh",Produce & Meat,Seafood,case,1,13.44,13.44,0.0,13.44
PO-00027,2,SUP-028,Chafing Fuel Cans,Supplies,Small Wares,case of 24,5,40.94,204.7,7.14,197.56
PO-00027,3,ALC-005,Light Lager Draft Keg,Alcoholic Beverage,Beer,1/2 barrel keg,7,95.14,665.98,0.0,665.98
PO-00028,1,SUP-016,"Toilet Paper, Roll",Supplies,Paper Goods,case of 48,2,41.05,82.1,0.0,82.1
PO-00028,2,FRZ-026,Mozzarella Sticks,Frozen/Refrigerated Goods,Frozen Appetizer,case of 240,4,55.95,223.8,0.0,223.8
PO-00028,3,FRZ-005,"French Fries, Straight Cut",Frozen/Refrigerated Goods,Frozen Potato,30 lb case,4,32.07,128.28,0.0,128.28
PO-00028,4,DRY-017,"Cumin, Ground",Dry Goods & Spices,Spice,1 lb bag,1,12.63,12.63,0.0,12.63
PO-00028,5,LIQ-014,Ranch Dressing,Liquids/Pastes/Sauces,Sauce,1 gal jug,8,20.5,164.0,0.0,164.0
PO-00029,1,ALC-011,Rosé,Alcoholic Beverage,Wine,case of 12,4,89.86,359.44,0.0,359.44
PO-00029,2,PRD-028,Ground Pork,Produce & Meat,Meat,case,3,3.89,11.67,0.0,11.67
PO-00029,3,LIQ-030,Honey,Liquids/Pastes/Sauces,Honey/Syrup,5 lb jug,2,19.81,39.62,2.68,36.94
PO-00029,4,LIQ-013,Teriyaki Sauce,Liquids/Pastes/Sauces,Sauce,1 gal jug,10,18.42,184.2,0.0,184.2
PO-00030,1,PRD-027,Ribeye Steak,Produce & Meat,Meat,case,10,19.84,198.4,0.0,198.4
PO-00030,2,NAB-024,Club Soda Canister,Non-Alcoholic Beverage,Soda,5 gal canister,10,15.47,154.7,0.0,154.7
PO-00030,3,LIQ-004,Sesame Oil,Liquids/Pastes/Sauces,Oil,1 gal jug,5,26.88,134.4,0.0,134.4
PO-00031,1,SUP-005,"Napkins, Dinner",Supplies,Disposable,case of 3000,6,32.25,193.5,0.0,193.5
PO-00031,2,LIQ-016,"Vinaigrette, Balsamic",Liquids/Pastes/Sauces,Sauce,1 gal jug,6,22.29,133.74,0.0,133.74
PO-00031,3,SUP-004,"Paper Bags, Kraft",Supplies,To-Go,case of 500,7,32.59,228.13,0.0,228.13
PO-00031,4,FRZ-020,Heavy Cream,Frozen/Refrigerated Goods,Dairy,quart,8,5.12,40.96,1.44,39.52
PO-00031,5,NAB-011,Lime Juice (bottled),Non-Alcoholic Beverage,Juice,32 oz bottle,7,4.12,28.84,0.0,28.84
PO-00031,6,SUP-008,"Plastic Cutlery, Spoons",Supplies,Disposable,box of 1000,1,17.8,17.8,0.0,17.8
PO-00031,7,DRY-009,"Black Beans, Dry",Dry Goods & Spices,Legume,25 lb bag,7,22.58,158.06,8.08,149.98
PO-00032,1,LIQ-016,"Vinaigrette, Balsamic",Liquids/Pastes/Sauces,Sauce,1 gal jug,9,21.63,194.67,0.0,194.67
PO-00032,2,ALC-001,Domestic Draft Lager Keg,Alcoholic Beverage,Beer,1/2 barrel keg,2,110.73,221.46,0.0,221.46
PO-00032,3,NAB-005,Still Water 16.9oz,Non-Alcoholic Beverage,Bottled Water,case of 24,3,6.61,19.83,0.0,19.83
PO-00032,4,DRY-004,"White Rice, Long Grain",Dry Goods & Spices,Grain,50 lb bag,9,36.25,326.25,0.0,326.25
PO-00032,5,ALC-023,Triple Sec,Alcoholic Beverage,Liqueur,1L bottle,8,15.46,123.68,0.0,123.68
PO-00032,6,DRY-026,Cocoa Powder,Dry Goods & Spices,Baking,5 lb bag,9,20.69,186.21,5.85,180.36
PO-00033,1,LIQ-003,Vegetable Oil,Liquids/Pastes/Sauces,Oil,35 lb jug,8,39.36,314.88,0.0,314.88
PO-00033,2,SUP-005,"Napkins, Dinner",Supplies,Disposable,case of 3000,8,32.38,259.04,0.0,259.04
PO-00033,3,NAB-010,Lemon Juice (bottled),Non-Alcoholic Beverage,Juice,32 oz bottle,9,4.67,42.03,0.0,42.03
PO-00033,4,DRY-015,"Black Pepper, Ground",Dry Goods & Spices,Spice,1 lb bag,4,14.41,57.64,0.0,57.64
PO-00033,5,PRD-010,Lemons,Produce & Meat,Produce,case of 165,7,38.13,266.91,0.0,266.91
PO-00033,6,SUP-019,Plastic Wrap Roll,Supplies,Wrap/Film,roll,1,20.49,20.49,0.0,20.49
PO-00033,7,LIQ-023,Tomato Puree,Liquids/Pastes/Sauces,Canned Tomato,#10 can,7,8.13,56.91,0.0,56.91
PO-00034,1,ALC-005,Light Lager Draft Keg,Alcoholic Beverage,Beer,1/2 barrel keg,3,98.1,294.3,19.69,274.61
PO-00034,2,PRD-030,"Shrimp, Fresh 16/20",Produce & Meat,Seafood,case,10,11.55,115.5,0.0,115.5
PO-00034,3,PRD-018,"Spinach, Fresh",Produce & Meat,Produce,4 lb case,6,19.65,117.9,0.0,117.9
PO-00034,4,NAB-002,Diet Coke Syrup BIB,Non-Alcoholic Beverage,Soda,5 gal bag-in-box,7,62.05,434.35,0.0,434.35
PO-00034,5,DRY-003,Cornmeal,Dry Goods & Spices,Flour,25 lb bag,8,17.12,136.96,0.0,136.96
PO-00034,6,DRY-020,Onion Powder,Dry Goods & Spices,Spice,1 lb bag,2,8.88,17.76,0.0,17.76
PO-00035,1,SUP-015,"Paper Towels, Roll",Supplies,Paper Goods,case of 12,5,42.55,212.75,0.0,212.75
PO-00035,2,NAB-023,Root Beer Syrup BIB,Non-Alcoholic Beverage,Soda,5 gal bag-in-box,4,57.87,231.48,0.0,231.48
PO-00035,3,FRZ-013,Frozen Mixed Berries,Frozen/Refrigerated Goods,Frozen Fruit,10 lb bag,3,34.57,103.71,0.0,103.71
PO-00035,4,ALC-025,Amaretto,Alcoholic Beverage,Liqueur,750ml bottle,7,20.61,144.27,0.0,144.27
PO-00035,5,DRY-029,Sesame Seeds,Dry Goods & Spices,Nuts/Seeds,5 lb bag,10,20.0,200.0,9.53,190.47
PO-00035,6,NAB-009,Pineapple Juice,Non-Alcoholic Beverage,Juice,46 oz can,5,4.29,21.45,0.0,21.45
PO-00035,7,NAB-018,Red Bull 8.4oz,Non-Alcoholic Beverage,Energy/Sports,case of 24,8,38.4,307.2,0.0,307.2
PO-00035,8,DRY-030,Sliced Almonds,Dry Goods & Spices,Nuts/Seeds,5 lb bag,3,30.26,90.78,6.96,83.82
PO-00036,1,LIQ-015,Caesar Dressing,Liquids/Pastes/Sauces,Sauce,1 gal jug,10,18.68,186.8,0.0,186.8
PO-00036,2,SUP-026,Hand Soap,Supplies,Chemical,1 gal jug,5,15.91,79.55,5.55,74.0
PO-00036,3,LIQ-023,Tomato Puree,Liquids/Pastes/Sauces,Canned Tomato,#10 can,1,8.07,8.07,0.0,8.07
PO-00036,4,ALC-002,Craft IPA Keg,Alcoholic Beverage,Beer,1/6 barrel keg,1,114.01,114.01,0.0,114.01
PO-00037,1,PRD-026,NY Strip Steak,Produce & Meat,Meat,case,1,14.62,14.62,0.0,14.62
PO-00037,2,SUP-019,Plastic Wrap Roll,Supplies,Wrap/Film,roll,10,19.82,198.2,0.0,198.2
PO-00037,3,SUP-018,Parchment Paper Sheets,Supplies,Paper Goods,box of 1000,5,38.89,194.45,0.0,194.45
PO-00037,4,NAB-030,Powerade Blue,Non-Alcoholic Beverage,Energy/Sports,case of 24,4,17.44,69.76,3.65,66.11
PO-00037,5,PRD-019,"Basil, Fresh",Produce & Meat,Produce,case of 12 bunches,9,24.97,224.73,0.0,224.73
PO-00038,1,PRD-001,Romaine Lettuce,Produce & Meat,Produce,case of 24 heads,7,35.34,247.38,0.0,247.38
PO-00038,2,PRD-029,"Salmon Fillet, Fresh",Produce & Meat,Seafood,case,6,13.75,82.5,3.6,78.9
PO-00038,3,NAB-026,Tomato Juice,Non-Alcoholic Beverage,Juice,46 oz can,2,4.53,9.06,0.0,9.06
PO-00038,4,FRZ-024,Frozen Chicken Wings,Frozen/Refrigerated Goods,Frozen Protein,40 lb case,5,106.82,534.1,0.0,534.1
PO-00038,5,NAB-025,Grapefruit Juice,Non-Alcoholic Beverage,Juice,46 oz can,6,5.87,35.22,1.2,34.02
PO-00038,6,ALC-005,Light Lager Draft Keg,Alcoholic Beverage,Beer,1/2 barrel keg,9,90.1,810.9,0.0,810.9
PO-00038,7,PRD-022,"Chicken Breast, Boneless",Produce & Meat,Meat,case,2,4.72,9.44,0.0,9.44
PO-00038,8,ALC-021,"Whiskey, Rye",Alcoholic Beverage,Spirits,750ml bottle,5,37.61,188.05,0.0,188.05
PO-00039,1,ALC-018,"Bourbon, Premium",Alcoholic Beverage,Spirits,750ml bottle,6,43.45,260.7,0.0,260.7
PO-00039,2,FRZ-020,Heavy Cream,Frozen/Refrigerated Goods,Dairy,quart,9,5.21,46.89,0.0,46.89
PO-00039,3,ALC-023,Triple Sec,Alcoholic Beverage,Liqueur,1L bottle,3,15.97,47.91,0.0,47.91
PO-00040,1,FRZ-023,"Frozen Shrimp, 21/25",Frozen/Refrigerated Goods,Frozen Protein,5 lb bag,6,65.82,394.92,14.44,380.48
PO-00040,2,NAB-030,Powerade Blue,Non-Alcoholic Beverage,Energy/Sports,case of 24,8,18.41,147.28,4.82,142.46
PO-00040,3,SUP-010,"Dish Soap, Concentrate",Supplies,Cleaning,1 gal jug,1,25.96,25.96,1.04,24.92
PO-00040,4,LIQ-030,Honey,Liquids/Pastes/Sauces,Honey/Syrup,5 lb jug,10,20.12,201.2,0.0,201.2
PO-00041,1,ALC-016,"Tequila, Reposado Premium",Alcoholic Beverage,Spirits,1L bottle,1,46.28,46.28,1.92,44.36
PO-00041,2,DRY-023,"Cinnamon, Ground",Dry Goods & Spices,Spice,1 lb bag,10,9.57,95.7,0.0,95.7
PO-00041,3,ALC-024,Coffee Liqueur,Alcoholic Beverage,Liqueur,750ml bottle,1,24.87,24.87,1.13,23.74
PO-00041,4,ALC-014,"Gin, Well",Alcoholic Beverage,Spirits,1.75L bottle,2,20.56,41.12,0.0,41.12
PO-00042,1,LIQ-014,Ranch Dressing,Liquids/Pastes/Sauces,Sauce,1 gal jug,2,19.97,39.94,0.0,39.94
PO-00042,2,DRY-022,"Oregano, Dried",Dry Goods & Spices,Spice,1 lb bag,2,13.79,27.58,0.0,27.58
PO-00042,3,FRZ-030,"Pie Crust, Frozen 9in",Frozen/Refrigerated Goods,Frozen Dessert,case of 24,3,32.09,96.27,3.51,92.76
PO-00042,4,PRD-019,"Basil, Fresh",Produce & Meat,Produce,case of 12 bunches,9,24.17,217.53,0.0,217.53
PO-00042,5,NAB-001,Coca-Cola Syrup BIB,Non-Alcoholic Beverage,Soda,5 gal bag-in-box,10,66.98,669.8,0.0,669.8
PO-00042,6,NAB-002,Diet Coke Syrup BIB,Non-Alcoholic Beverage,Soda,5 gal bag-in-box,10,59.62,596.2,0.0,596.2
PO-00042,7,LIQ-010,Worcestershire Sauce,Liquids/Pastes/Sauces,Sauce,1 gal jug,2,18.1,36.2,0.0,36.2
PO-00042,8,FRZ-028,"Yogurt, Plain",Frozen/Refrigerated Goods,Dairy,5 lb tub,9,14.36,129.24,0.0,129.24
PO-00043,1,PRD-029,"Salmon Fillet, Fresh",Produce & Meat,Seafood,case,5,13.09,65.45,0.0,65.45
PO-00043,2,FRZ-022,"Eggs, Large",Frozen/Refrigerated Goods,Dairy,case of 15 dz,8,52.29,418.32,29.24,389.08
PO-00043,3,PRD-010,Lemons,Produce & Meat,Produce,case of 165,2,37.56,75.12,0.0,75.12
PO-00043,4,NAB-026,Tomato Juice,Non-Alcoholic Beverage,Juice,46 oz can,3,4.58,13.74,0.0,13.74
PO-00043,5,FRZ-002,Frozen Corn,Frozen/Refrigerated Goods,Frozen Vegetable,20 lb case,9,24.74,222.66,0.0,222.66
PO-00043,6,SUP-021,"Disposable Gloves, Nitrile",Supplies,Gloves,case of 1000,7,57.91,405.37,0.0,405.37
PO-00044,1,LIQ-006,Balsamic Vinegar,Liquids/Pastes/Sauces,Vinegar,1 gal jug,10,26.39,263.9,0.0,263.9
PO-00044,2,ALC-002,Craft IPA Keg,Alcoholic Beverage,Beer,1/6 barrel keg,1,113.53,113.53,0.0,113.53
PO-00044,3,SUP-006,"Straws, Wrapped",Supplies,Disposable,box of 500,5,9.82,49.1,1.79,47.31
PO-00044,4,FRZ-018,Cream Cheese,Frozen/Refrigerated Goods,Dairy,3 lb block,6,12.53,75.18,0.0,75.18
PO-00044,5,PRD-021,"Ground Beef, 80/20",Produce & Meat,Meat,case,3,4.93,14.79,0.0,14.79
PO-00044,6,FRZ-015,Shredded Mozzarella,Frozen/Refrigerated Goods,Dairy,5 lb bag,3,18.55,55.65,0.0,55.65
PO-00044,7,LIQ-018,Garlic Paste,Liquids/Pastes/Sauces,Paste,4 lb tub,2,16.61,33.22,0.0,33.22
PO-00045,1,DRY-005,Jasmine Rice,Dry Goods & Spices,Grain,50 lb bag,1,34.27,34.27,0.0,34.27
PO-00045,2,PRD-016,Jalapeños,Produce & Meat,Produce,10 lb case,1,18.37,18.37,0.0,18.37
PO-00045,3,DRY-007,"Spaghetti, Dry",Dry Goods & Spices,Pasta,20 lb case,7,20.36,142.52,0.0,142.52
PO-00045,4,PRD-027,Ribeye Steak,Produce & Meat,Meat,case,5,19.28,96.4,0.0,96.4
PO-00045,5,PRD-008,Avocados,Produce & Meat,Produce,case of 48,6,66.43,398.58,0.0,398.58
PO-00046,1,LIQ-025,"Beef Stock, Liquid",Liquids/Pastes/Sauces,Stock/Broth,1 gal jug,4,16.32,65.28,0.0,65.28
PO-00046,2,ALC-003,"Mexican Lager, Bottled",Alcoholic Beverage,Beer,case of 24,5,41.03,205.15,0.0,205.15
PO-00046,3,NAB-003,Sprite Syrup BIB,Non-Alcoholic Beverage,Soda,5 gal bag-in-box,7,65.16,456.12,0.0,456.12
PO-00046,4,DRY-010,"Pinto Beans, Dry",Dry Goods & Spices,Legume,25 lb bag,4,21.73,86.92,0.0,86.92
PO-00047,1,FRZ-018,Cream Cheese,Frozen/Refrigerated Goods,Dairy,3 lb block,7,12.3,86.1,0.0,86.1
PO-00047,2,LIQ-026,"Vegetable Stock, Liquid",Liquids/Pastes/Sauces,Stock/Broth,1 gal jug,6,16.6,99.6,0.0,99.6
PO-00047,3,FRZ-029,Frozen Diced Onions,Frozen/Refrigerated Goods,Frozen Vegetable,20 lb case,8,27.6,220.8,0.0,220.8
PO-00048,1,ALC-013,"Vodka, Premium",Alcoholic Beverage,Spirits,1L bottle,3,32.16,96.48,5.6,90.88
PO-00048,2,FRZ-008,"Dinner Rolls, Par-Baked",Frozen/Refrigerated Goods,Frozen Bread,case of 200,4,39.41,157.64,0.0,157.64
PO-00048,3,SUP-006,"Straws, Wrapped",Supplies,Disposable,box of 500,3,9.52,28.56,0.0,28.56
PO-00048,4,DRY-001,All-Purpose Flour,Dry Goods & Spices,Flour,50 lb bag,4,21.74,86.96,0.0,86.96
PO-00048,5,PRD-014,"Mushrooms, White Button",Produce & Meat,Produce,10 lb case,2,32.36,64.72,0.0,64.72
PO-00048,6,DRY-013,Powdered Sugar,Dry Goods & Spices,Sugar,25 lb bag,8,21.42,171.36,0.0,171.36
PO-00049,1,SUP-008,"Plastic Cutlery, Spoons",Supplies,Disposable,box of 1000,9,16.47,148.23,7.07,141.16
PO-00049,2,LIQ-016,"Vinaigrette, Balsamic",Liquids/Pastes/Sauces,Sauce,1 gal jug,6,20.52,123.12,0.0,123.12
PO-00049,3,ALC-026,"Stout, Bottled",Alcoholic Beverage,Beer,case of 24,2,42.09,84.18,0.0,84.18
PO-00049,4,PRD-024,Pork Shoulder,Produce & Meat,Meat,case,8,3.76,30.08,0.0,30.08
PO-00049,5,ALC-015,"Tequila, Blanco Premium",Alcoholic Beverage,Spirits,1L bottle,1,36.16,36.16,0.0,36.16
PO-00049,6,LIQ-007,Rice Wine Vinegar,Liquids/Pastes/Sauces,Vinegar,1 gal jug,4,20.51,82.04,0.0,82.04
PO-00050,1,NAB-029,Half & Half,Non-Alcoholic Beverage,Milk/Dairy Bev,quart,9,5.0,45.0,0.0,45.0
PO-00050,2,LIQ-024,"Chicken Stock, Liquid",Liquids/Pastes/Sauces,Stock/Broth,1 gal jug,6,15.11,90.66,0.0,90.66
PO-00050,3,PRD-012,Carrots,Produce & Meat,Produce,25 lb bag,6,24.36,146.16,0.0,146.16
PO-00050,4,ALC-017,"Bourbon, Well",Alcoholic Beverage,Spirits,1.75L bottle,6,28.65,171.9,4.41,167.49
PO-00050,5,NAB-028,Cold Brew Concentrate,Non-Alcoholic Beverage,Coffee,gallon,5,20.89,104.45,0.0,104.45
PO-00050,6,ALC-022,"Scotch, Blended",Alcoholic Beverage,Spirits,750ml bottle,10,30.58,305.8,0.0,305.8
PO-00050,7,PRD-015,Cilantro,Produce & Meat,Produce,case of 30 bunches,10,23.73,237.3,0.0,237.3
PO-00050,8,FRZ-006,Tater Tots,Frozen/Refrigerated Goods,Frozen Potato,30 lb case,5,32.25,161.25,0.0,161.25
PO-00051,1,ALC-015,"Tequila, Blanco Premium",Alcoholic Beverage,Spirits,1L bottle,4,33.93,135.72,0.0,135.72
PO-00051,2,LIQ-029,Sriracha,Liquids/Pastes/Sauces,Sauce,1 gal jug,4,24.0,96.0,0.0,96.0
PO-00051,3,PRD-001,Romaine Lettuce,Produce & Meat,Produce,case of 24 heads,2,32.87,65.74,0.0,65.74
PO-00051,4,FRZ-022,"Eggs, Large",Frozen/Refrigerated Goods,Dairy,case of 15 dz,9,55.73,501.57,0.0,501.57
PO-00051,5,FRZ-030,"Pie Crust, Frozen 9in",Frozen/Refrigerated Goods,Frozen Dessert,case of 24,9,33.76,303.84,12.22,291.62
PO-00051,6,FRZ-007,"Hash Browns, Shredded",Frozen/Refrigerated Goods,Frozen Potato,20 lb case,3,28.37,85.11,0.0,85.11
PO-00051,7,NAB-010,Lemon Juice (bottled),Non-Alcoholic Beverage,Juice,32 oz bottle,3,4.49,13.47,0.0,13.47
PO-00051,8,SUP-005,"Napkins, Dinner",Supplies,Disposable,case of 3000,3,33.43,100.29,0.0,100.29
PO-00052,1,SUP-010,"Dish Soap, Concentrate",Supplies,Cleaning,1 gal jug,4,26.63,106.52,0.0,106.52
PO-00052,2,FRZ-015,Shredded Mozzarella,Frozen/Refrigerated Goods,Dairy,5 lb bag,8,19.58,156.64,0.0,156.64
PO-00052,3,FRZ-020,Heavy Cream,Frozen/Refrigerated Goods,Dairy,quart,7,4.98,34.86,0.0,34.86
PO-00052,4,LIQ-003,Vegetable Oil,Liquids/Pastes/Sauces,Oil,35 lb jug,3,38.73,116.19,0.0,116.19
PO-00052,5,SUP-029,Aluminum Steam Table Pans,Supplies,Small Wares,case of 50,3,57.58,172.74,0.0,172.74
PO-00053,1,SUP-016,"Toilet Paper, Roll",Supplies,Paper Goods,case of 48,9,42.72,384.48,17.78,366.7
PO-00053,2,ALC-024,Coffee Liqueur,Alcoholic Beverage,Liqueur,750ml bottle,4,26.86,107.44,0.0,107.44
PO-00053,3,DRY-017,"Cumin, Ground",Dry Goods & Spices,Spice,1 lb bag,1,13.7,13.7,0.0,13.7
PO-00053,4,ALC-018,"Bourbon, Premium",Alcoholic Beverage,Spirits,750ml bottle,6,43.49,260.94,0.0,260.94
PO-00053,5,PRD-025,"Bacon, Sliced",Produce & Meat,Meat,15 lb case,6,73.54,441.24,0.0,441.24
PO-00053,6,DRY-008,"Penne, Dry",Dry Goods & Spices,Pasta,20 lb case,2,18.1,36.2,0.0,36.2
PO-00053,7,DRY-016,"Paprika, Smoked",Dry Goods & Spices,Spice,1 lb bag,3,10.15,30.45,1.13,29.32
PO-00054,1,FRZ-017,"Parmesan, Grated",Frozen/Refrigerated Goods,Dairy,5 lb bag,10,34.54,345.4,0.0,345.4
PO-00054,2,DRY-020,Onion Powder,Dry Goods & Spices,Spice,1 lb bag,5,8.95,44.75,0.0,44.75
PO-00054,3,DRY-003,Cornmeal,Dry Goods & Spices,Flour,25 lb bag,4,16.27,65.08,0.0,65.08
PO-00055,1,FRZ-020,Heavy Cream,Frozen/Refrigerated Goods,Dairy,quart,10,5.02,50.2,0.0,50.2
PO-00055,2,LIQ-024,"Chicken Stock, Liquid",Liquids/Pastes/Sauces,Stock/Broth,1 gal jug,2,15.9,31.8,0.0,31.8
PO-00055,3,NAB-019,Gatorade Fruit Punch,Non-Alcoholic Beverage,Energy/Sports,case of 24,9,21.51,193.59,0.0,193.59
PO-00055,4,ALC-026,"Stout, Bottled",Alcoholic Beverage,Beer,case of 24,9,45.21,406.89,0.0,406.89
PO-00055,5,FRZ-012,"Cheesecake, Uncut",Frozen/Refrigerated Goods,Frozen Dessert,10 inch,8,19.47,155.76,6.73,149.03
PO-00055,6,NAB-009,Pineapple Juice,Non-Alcoholic Beverage,Juice,46 oz can,1,4.34,4.34,0.0,4.34
PO-00055,7,LIQ-010,Worcestershire Sauce,Liquids/Pastes/Sauces,Sauce,1 gal jug,4,16.82,67.28,0.0,67.28
PO-00056,1,SUP-021,"Disposable Gloves, Nitrile",Supplies,Gloves,case of 1000,3,55.13,165.39,11.01,154.38
PO-00056,2,FRZ-025,Frozen Salmon Fillets,Frozen/Refrigerated Goods,Frozen Protein,10 lb box,5,96.69,483.45,0.0,483.45
PO-00056,3,LIQ-016,"Vinaigrette, Balsamic",Liquids/Pastes/Sauces,Sauce,1 gal jug,1,22.15,22.15,0.0,22.15
PO-00056,4,SUP-020,Aluminum Foil Roll,Supplies,Wrap/Film,roll,7,29.92,209.44,0.0,209.44
PO-00057,1,FRZ-018,Cream Cheese,Frozen/Refrigerated Goods,Dairy,3 lb block,3,12.01,36.03,0.0,36.03
PO-00057,2,DRY-019,Garlic Powder,Dry Goods & Spices,Spice,1 lb bag,9,8.43,75.87,0.0,75.87
PO-00057,3,NAB-022,"Almond Milk, Unsweetened",Non-Alcoholic Beverage,Milk/Dairy Bev,32 oz carton,7,4.09,28.63,1.61,27.02
PO-00057,4,FRZ-019,"Butter, Unsalted",Frozen/Refrigerated Goods,Dairy,36 lb case,9,113.95,1025.55,0.0,1025.55
PO-00057,5,FRZ-029,Frozen Diced Onions,Frozen/Refrigerated Goods,Frozen Vegetable,20 lb case,6,25.37,152.22,0.0,152.22
PO-00057,6,FRZ-028,"Yogurt, Plain",Frozen/Refrigerated Goods,Dairy,5 lb tub,10,13.88,138.8,0.0,138.8
PO-00057,7,FRZ-030,"Pie Crust, Frozen 9in",Frozen/Refrigerated Goods,Frozen Dessert,case of 24,8,31.58,252.64,0.0,252.64
PO-00057,8,PRD-019,"Basil, Fresh",Produce & Meat,Produce,case of 12 bunches,6,22.76,136.56,0.0,136.56
PO-00058,1,SUP-007,"Plastic Cutlery, Forks",Supplies,Disposable,box of 1000,3,18.89,56.67,3.78,52.89
PO-00058,2,LIQ-022,Diced Tomatoes,Liquids/Pastes/Sauces,Canned Tomato,#10 can,7,8.5,59.5,0.0,59.5
PO-00058,3,PRD-007,"Bell Peppers, Red",Produce & Meat,Produce,25 lb case,3,40.25,120.75,0.0,120.75
PO-00058,4,PRD-028,Ground Pork,Produce & Meat,Meat,case,6,4.04,24.24,0.0,24.24
PO-00059,1,LIQ-015,Caesar Dressing,Liquids/Pastes/Sauces,Sauce,1 gal jug,8,19.63,157.04,0.0,157.04
PO-00059,2,DRY-006,Quinoa,Dry Goods & Spices,Grain,10 lb bag,2,30.74,61.48,0.0,61.48
PO-00059,3,ALC-027,Non-Alcoholic Beer,Alcoholic Beverage,Beer,case of 24,8,34.36,274.88,0.0,274.88
PO-00059,4,NAB-021,Oat Milk,Non-Alcoholic Beverage,Milk/Dairy Bev,32 oz carton,8,5.94,47.52,0.0,47.52
PO-00059,5,NAB-011,Lime Juice (bottled),Non-Alcoholic Beverage,Juice,32 oz bottle,2,4.12,8.24,0.0,8.24
PO-00060,1,DRY-029,Sesame Seeds,Dry Goods & Spices,Nuts/Seeds,5 lb bag,4,19.96,79.84,0.0,79.84
PO-00060,2,SUP-027,Hand Sanitizer,Supplies,Chemical,1 gal jug,8,19.64,157.12,8.37,148.75
PO-00060,3,ALC-025,Amaretto,Alcoholic Beverage,Liqueur,750ml bottle,9,21.24,191.16,13.97,177.19
PO-00060,4,LIQ-027,Marinara Sauce,Liquids/Pastes/Sauces,Sauce,#10 can,7,12.71,88.97,0.0,88.97
PO-00060,5,SUP-015,"Paper Towels, Roll",Supplies,Paper Goods,case of 12,9,42.23,380.07,0.0,380.07
PO-00060,6,FRZ-001,Frozen Peas,Frozen/Refrigerated Goods,Frozen Vegetable,20 lb case,10,24.82,248.2,19.44,228.76
PO-00060,7,LIQ-008,Soy Sauce,Liquids/Pastes/Sauces,Sauce,1 gal jug,8,12.87,102.96,0.0,102.96
PO-00061,1,PRD-003,"Tomatoes, Roma",Produce & Meat,Produce,25 lb case,6,35.39,212.34,0.0,212.34
PO-00061,2,NAB-018,Red Bull 8.4oz,Non-Alcoholic Beverage,Energy/Sports,case of 24,9,35.92,323.28,0.0,323.28
PO-00061,3,ALC-002,Craft IPA Keg,Alcoholic Beverage,Beer,1/6 barrel keg,5,115.8,579.0,0.0,579.0
PO-00061,4,SUP-026,Hand Soap,Supplies,Chemical,1 gal jug,5,16.98,84.9,3.24,81.66
PO-00061,5,ALC-006,"Cabernet Sauvignon, House Red",Alcoholic Beverage,Wine,case of 12,9,82.4,741.6,0.0,741.6
PO-00061,6,FRZ-021,Sour Cream,Frozen/Refrigerated Goods,Dairy,5 lb tub,10,15.46,154.6,0.0,154.6
PO-00062,1,SUP-003,"To-Go Cup Lids, Dome",Supplies,To-Go,case of 1000,5,32.75,163.75,0.0,163.75
PO-00062,2,NAB-014,"Decaf Coffee, Medium Roast",Non-Alcoholic Beverage,Coffee,2 lb bag,7,18.87,132.09,0.0,132.09
PO-00062,3,SUP-030,"Menu Paper, Cardstock",Supplies,Menu/Marketing,ream of 500,1,19.29,19.29,0.0,19.29
PO-00062,4,LIQ-002,"Olive Oil, Extra Virgin",Liquids/Pastes/Sauces,Oil,3 L tin,8,26.0,208.0,0.0,208.0
PO-00063,1,LIQ-001,Canola Oil,Liquids/Pastes/Sauces,Oil,35 lb jug,5,42.45,212.25,0.0,212.25
PO-00063,2,LIQ-009,Hot Sauce,Liquids/Pastes/Sauces,Sauce,1 gal jug,1,22.85,22.85,0.0,22.85
PO-00063,3,NAB-012,"Espresso Beans, Dark Roast",Non-Alcoholic Beverage,Coffee,5 lb bag,10,42.35,423.5,0.0,423.5
PO-00063,4,ALC-028,"Champagne, Brut",Alcoholic Beverage,Wine,case of 6,3,122.87,368.61,0.0,368.61
PO-00063,5,ALC-008,Pinot Noir,Alcoholic Beverage,Wine,case of 12,6,136.64,819.84,0.0,819.84
PO-00064,1,NAB-011,Lime Juice (bottled),Non-Alcoholic Beverage,Juice,32 oz bottle,6,4.16,24.96,0.92,24.04
PO-00064,2,NAB-017,Herbal Chamomile Tea Bags,Non-Alcoholic Beverage,Tea,box of 100,8,16.8,134.4,0.0,134.4
PO-00064,3,FRZ-002,Frozen Corn,Frozen/Refrigerated Goods,Frozen Vegetable,20 lb case,2,23.32,46.64,0.0,46.64
PO-00064,4,FRZ-010,Vanilla Ice Cream,Frozen/Refrigerated Goods,Frozen Dessert,3 gal tub,6,27.12,162.72,0.0,162.72
PO-00064,5,FRZ-005,"French Fries, Straight Cut",Frozen/Refrigerated Goods,Frozen Potato,30 lb case,7,33.02,231.14,12.41,218.73
PO-00064,6,ALC-027,Non-Alcoholic Beer,Alcoholic Beverage,Beer,case of 24,5,34.72,173.6,8.72,164.88
PO-00065,1,FRZ-026,Mozzarella Sticks,Frozen/Refrigerated Goods,Frozen Appetizer,case of 240,6,57.96,347.76,0.0,347.76
PO-00065,2,FRZ-023,"Frozen Shrimp, 21/25",Frozen/Refrigerated Goods,Frozen Protein,5 lb bag,9,61.38,552.42,0.0,552.42
PO-00065,3,FRZ-012,"Cheesecake, Uncut",Frozen/Refrigerated Goods,Frozen Dessert,10 inch,1,18.78,18.78,0.75,18.03
PO-00066,1,FRZ-013,Frozen Mixed Berries,Frozen/Refrigerated Goods,Frozen Fruit,10 lb bag,6,35.42,212.52,0.0,212.52
PO-00066,2,LIQ-007,Rice Wine Vinegar,Liquids/Pastes/Sauces,Vinegar,1 gal jug,7,19.11,133.77,0.0,133.77
PO-00066,3,PRD-015,Cilantro,Produce & Meat,Produce,case of 30 bunches,1,24.85,24.85,0.0,24.85
PO-00066,4,LIQ-011,BBQ Sauce,Liquids/Pastes/Sauces,Sauce,1 gal jug,10,16.23,162.3,0.0,162.3
PO-00066,5,FRZ-004,"Frozen Spinach, Chopped",Frozen/Refrigerated Goods,Frozen Vegetable,20 lb case,10,26.88,268.8,0.0,268.8
PO-00066,6,ALC-021,"Whiskey, Rye",Alcoholic Beverage,Spirits,750ml bottle,10,37.83,378.3,0.0,378.3
PO-00066,7,DRY-014,Kosher Salt,Dry Goods & Spices,Spice,25 lb bag,4,10.18,40.72,3.13,37.59
PO-00067,1,FRZ-007,"Hash Browns, Shredded",Frozen/Refrigerated Goods,Frozen Potato,20 lb case,1,28.79,28.79,0.0,28.79
PO-00067,2,ALC-029,Mezcal,Alcoholic Beverage,Spirits,750ml bottle,9,41.83,376.47,0.0,376.47
PO-00067,3,LIQ-021,Crushed Tomatoes,Liquids/Pastes/Sauces,Canned Tomato,#10 can,9,10.78,97.02,0.0,97.02
PO-00067,4,SUP-018,Parchment Paper Sheets,Supplies,Paper Goods,box of 1000,8,42.22,337.76,0.0,337.76
PO-00068,1,ALC-009,Sauvignon Blanc,Alcoholic Beverage,Wine,case of 12,5,105.77,528.85,0.0,528.85
PO-00068,2,FRZ-009,Pizza Dough Balls,Frozen/Refrigerated Goods,Frozen Bread,case of 40,8,40.4,323.2,0.0,323.2
PO-00068,3,ALC-014,"Gin, Well",Alcoholic Beverage,Spirits,1.75L bottle,5,21.07,105.35,0.0,105.35
PO-00068,4,NAB-029,Half & Half,Non-Alcoholic Beverage,Milk/Dairy Bev,quart,9,4.81,43.29,0.0,43.29
PO-00069,1,ALC-011,Rosé,Alcoholic Beverage,Wine,case of 12,3,90.16,270.48,17.43,253.05
PO-00069,2,PRD-023,"Chicken Thighs, Boneless",Produce & Meat,Meat,case,1,3.79,3.79,0.0,3.79
PO-00069,3,DRY-027,Panko Bread Crumbs,Dry Goods & Spices,Breading,25 lb case,4,33.89,135.56,6.07,129.49
PO-00069,4,ALC-004,"Wheat Beer, Bottled",Alcoholic Beverage,Beer,case of 24,2,33.63,67.26,0.0,67.26
PO-00069,5,PRD-028,Ground Pork,Produce & Meat,Meat,case,9,3.73,33.57,0.0,33.57
PO-00069,6,LIQ-009,Hot Sauce,Liquids/Pastes/Sauces,Sauce,1 gal jug,8,22.89,183.12,0.0,183.12
PO-00069,7,SUP-009,Toothpicks,Supplies,Disposable,box of 1000,5,4.08,20.4,0.0,20.4
PO-00069,8,SUP-007,"Plastic Cutlery, Forks",Supplies,Disposable,box of 1000,2,19.29,38.58,0.0,38.58
PO-00070,1,SUP-002,"To-Go Cups, 16oz",Supplies,To-Go,case of 1000,5,66.26,331.3,0.0,331.3
PO-00070,2,FRZ-002,Frozen Corn,Frozen/Refrigerated Goods,Frozen Vegetable,20 lb case,10,23.33,233.3,0.0,233.3
PO-00070,3,PRD-018,"Spinach, Fresh",Produce & Meat,Produce,4 lb case,6,20.19,121.14,0.0,121.14
PO-00071,1,DRY-023,"Cinnamon, Ground",Dry Goods & Spices,Spice,1 lb bag,4,9.11,36.44,0.0,36.44
PO-00071,2,ALC-024,Coffee Liqueur,Alcoholic Beverage,Liqueur,750ml bottle,7,26.63,186.41,0.0,186.41
PO-00071,3,NAB-003,Sprite Syrup BIB,Non-Alcoholic Beverage,Soda,5 gal bag-in-box,2,68.63,137.26,0.0,137.26
PO-00071,4,LIQ-013,Teriyaki Sauce,Liquids/Pastes/Sauces,Sauce,1 gal jug,3,17.51,52.53,0.0,52.53
PO-00071,5,ALC-022,"Scotch, Blended",Alcoholic Beverage,Spirits,750ml bottle,1,30.83,30.83,0.0,30.83
PO-00071,6,LIQ-025,"Beef Stock, Liquid",Liquids/Pastes/Sauces,Stock/Broth,1 gal jug,5,16.21,81.05,0.0,81.05
PO-00072,1,DRY-004,"White Rice, Long Grain",Dry Goods & Spices,Grain,50 lb bag,7,34.79,243.53,0.0,243.53
PO-00072,2,NAB-015,Black Tea Bags,Non-Alcoholic Beverage,Tea,box of 100,5,15.96,79.8,0.0,79.8
PO-00072,3,SUP-021,"Disposable Gloves, Nitrile",Supplies,Gloves,case of 1000,5,57.73,288.65,0.0,288.65
PO-00072,4,ALC-001,Domestic Draft Lager Keg,Alcoholic Beverage,Beer,1/2 barrel keg,3,110.68,332.04,0.0,332.04
PO-00072,5,FRZ-025,Frozen Salmon Fillets,Frozen/Refrigerated Goods,Frozen Protein,10 lb box,10,96.66,966.6,0.0,966.6
PO-00073,1,ALC-021,"Whiskey, Rye",Alcoholic Beverage,Spirits,750ml bottle,10,38.42,384.2,0.0,384.2
PO-00073,2,ALC-022,"Scotch, Blended",Alcoholic Beverage,Spirits,750ml bottle,8,30.72,245.76,0.0,245.76
PO-00073,3,LIQ-006,Balsamic Vinegar,Liquids/Pastes/Sauces,Vinegar,1 gal jug,9,25.39,228.51,0.0,228.51
PO-00073,4,PRD-007,"Bell Peppers, Red",Produce & Meat,Produce,25 lb case,9,42.49,382.41,0.0,382.41
PO-00073,5,DRY-023,"Cinnamon, Ground",Dry Goods & Spices,Spice,1 lb bag,1,9.59,9.59,0.0,9.59
PO-00073,6,DRY-013,Powdered Sugar,Dry Goods & Spices,Sugar,25 lb bag,4,21.51,86.04,0.0,86.04
PO-00073,7,ALC-003,"Mexican Lager, Bottled",Alcoholic Beverage,Beer,case of 24,6,38.15,228.9,0.0,228.9
PO-00074,1,NAB-024,Club Soda Canister,Non-Alcoholic Beverage,Soda,5 gal canister,7,16.37,114.59,0.0,114.59
PO-00074,2,PRD-014,"Mushrooms, White Button",Produce & Meat,Produce,10 lb case,8,34.83,278.64,0.0,278.64
PO-00074,3,NAB-021,Oat Milk,Non-Alcoholic Beverage,Milk/Dairy Bev,32 oz carton,7,6.11,42.77,3.33,39.44
PO-00074,4,SUP-025,"Deli Cups w/ Lids, 8oz",Supplies,Storage,case of 500,3,38.59,115.77,0.0,115.77
PO-00074,5,LIQ-020,"Curry Paste, Red",Liquids/Pastes/Sauces,Paste,14 oz can,3,6.16,18.48,0.0,18.48
PO-00074,6,PRD-009,Limes,Produce & Meat,Produce,case of 200,3,39.2,117.6,0.0,117.6
PO-00075,1,SUP-018,Parchment Paper Sheets,Supplies,Paper Goods,box of 1000,5,39.76,198.8,0.0,198.8
PO-00075,2,LIQ-017,Tomato Paste,Liquids/Pastes/Sauces,Paste,#10 can,2,12.7,25.4,1.51,23.89
PO-00075,3,FRZ-029,Frozen Diced Onions,Frozen/Refrigerated Goods,Frozen Vegetable,20 lb case,1,26.72,26.72,0.0,26.72
PO-00075,4,SUP-019,Plastic Wrap Roll,Supplies,Wrap/Film,roll,10,19.08,190.8,10.66,180.14
PO-00075,5,FRZ-028,"Yogurt, Plain",Frozen/Refrigerated Goods,Dairy,5 lb tub,1,14.44,14.44,0.0,14.44
PO-00075,6,DRY-009,"Black Beans, Dry",Dry Goods & Spices,Legume,25 lb bag,8,21.46,171.68,0.0,171.68
PO-00075,7,PRD-019,"Basil, Fresh",Produce & Meat,Produce,case of 12 bunches,1,23.18,23.18,1.85,21.33
PO-00075,8,FRZ-030,"Pie Crust, Frozen 9in",Frozen/Refrigerated Goods,Frozen Dessert,case of 24,10,31.8,318.0,0.0,318.0
PO-00076,1,DRY-016,"Paprika, Smoked",Dry Goods & Spices,Spice,1 lb bag,3,10.24,30.72,0.0,30.72
PO-00076,2,NAB-004,Ginger Ale Syrup BIB,Non-Alcoholic Beverage,Soda,5 gal bag-in-box,8,66.32,530.56,21.58,508.98
PO-00076,3,FRZ-022,"Eggs, Large",Frozen/Refrigerated Goods,Dairy,case of 15 dz,7,54.95,384.65,0.0,384.65
PO-00076,4,FRZ-026,Mozzarella Sticks,Frozen/Refrigerated Goods,Frozen Appetizer,case of 240,7,56.59,396.13,0.0,396.13
PO-00076,5,SUP-017,Butcher Paper Roll,Supplies,Paper Goods,roll,3,30.15,90.45,0.0,90.45
PO-00077,1,PRD-006,"Bell Peppers, Green",Produce & Meat,Produce,25 lb case,6,38.38,230.28,0.0,230.28
PO-00077,2,SUP-011,"Degreaser, Kitchen",Supplies,Cleaning,1 gal jug,6,21.86,131.16,8.33,122.83
PO-00077,3,PRD-030,"Shrimp, Fresh 16/20",Produce & Meat,Seafood,case,5,11.46,57.3,0.0,57.3
PO-00077,4,DRY-003,Cornmeal,Dry Goods & Spices,Flour,25 lb bag,1,17.09,17.09,0.0,17.09
PO-00077,5,LIQ-019,Ginger Paste,Liquids/Pastes/Sauces,Paste,4 lb tub,10,17.61,176.1,0.0,176.1
PO-00077,6,ALC-005,Light Lager Draft Keg,Alcoholic Beverage,Beer,1/2 barrel keg,8,95.15,761.2,0.0,761.2
PO-00078,1,SUP-016,"Toilet Paper, Roll",Supplies,Paper Goods,case of 48,10,44.72,447.2,0.0,447.2
PO-00078,2,SUP-027,Hand Sanitizer,Supplies,Chemical,1 gal jug,4,19.96,79.84,0.0,79.84
PO-00078,3,FRZ-017,"Parmesan, Grated",Frozen/Refrigerated Goods,Dairy,5 lb bag,7,35.32,247.24,0.0,247.24
PO-00079,1,SUP-017,Butcher Paper Roll,Supplies,Paper Goods,roll,6,31.58,189.48,0.0,189.48
PO-00079,2,SUP-004,"Paper Bags, Kraft",Supplies,To-Go,case of 500,7,32.18,225.26,16.18,209.08
PO-00079,3,LIQ-023,Tomato Puree,Liquids/Pastes/Sauces,Canned Tomato,#10 can,1,8.35,8.35,0.0,8.35
PO-00080,1,FRZ-001,Frozen Peas,Frozen/Refrigerated Goods,Frozen Vegetable,20 lb case,8,24.64,197.12,0.0,197.12
PO-00080,2,FRZ-009,Pizza Dough Balls,Frozen/Refrigerated Goods,Frozen Bread,case of 40,8,40.15,321.2,0.0,321.2
PO-00080,3,LIQ-020,"Curry Paste, Red",Liquids/Pastes/Sauces,Paste,14 oz can,6,6.41,38.46,0.0,38.46
PO-00080,4,PRD-002,Iceberg Lettuce,Produce & Meat,Produce,case of 24 heads,8,27.92,223.36,0.0,223.36
PO-00081,1,ALC-027,Non-Alcoholic Beer,Alcoholic Beverage,Beer,case of 24,10,34.75,347.5,0.0,347.5
PO-00081,2,NAB-017,Herbal Chamomile Tea Bags,Non-Alcoholic Beverage,Tea,box of 100,8,17.36,138.88,0.0,138.88
PO-00081,3,PRD-001,Romaine Lettuce,Produce & Meat,Produce,case of 24 heads,9,32.46,292.14,0.0,292.14
PO-00081,4,ALC-006,"Cabernet Sauvignon, House Red",Alcoholic Beverage,Wine,case of 12,9,78.12,703.08,0.0,703.08
PO-00081,5,NAB-011,Lime Juice (bottled),Non-Alcoholic Beverage,Juice,32 oz bottle,5,4.3,21.5,1.48,20.02
PO-00081,6,ALC-013,"Vodka, Premium",Alcoholic Beverage,Spirits,1L bottle,3,33.66,100.98,2.6,98.38
PO-00081,7,FRZ-010,Vanilla Ice Cream,Frozen/Refrigerated Goods,Frozen Dessert,3 gal tub,4,25.2,100.8,0.0,100.8
PO-00081,8,FRZ-005,"French Fries, Straight Cut",Frozen/Refrigerated Goods,Frozen Potato,30 lb case,6,32.64,195.84,0.0,195.84
PO-00082,1,DRY-020,Onion Powder,Dry Goods & Spices,Spice,1 lb bag,2,9.5,19.0,0.0,19.0
PO-00082,2,PRD-003,"Tomatoes, Roma",Produce & Meat,Produce,25 lb case,6,36.38,218.28,0.0,218.28
PO-00082,3,LIQ-002,"Olive Oil, Extra Virgin",Liquids/Pastes/Sauces,Oil,3 L tin,2,27.16,54.32,0.0,54.32
PO-00082,4,NAB-028,Cold Brew Concentrate,Non-Alcoholic Beverage,Coffee,gallon,4,21.38,85.52,0.0,85.52
PO-00082,5,PRD-012,Carrots,Produce & Meat,Produce,25 lb bag,10,25.55,255.5,0.0,255.5
PO-00082,6,NAB-007,Orange Juice Concentrate,Non-Alcoholic Beverage,Juice,gallon,2,11.19,22.38,0.0,22.38
PO-00083,1,NAB-005,Still Water 16.9oz,Non-Alcoholic Beverage,Bottled Water,case of 24,10,6.73,67.3,0.0,67.3
PO-00083,2,DRY-010,"Pinto Beans, Dry",Dry Goods & Spices,Legume,25 lb bag,7,22.73,159.11,0.0,159.11
PO-00083,3,ALC-021,"Whiskey, Rye",Alcoholic Beverage,Spirits,750ml bottle,7,37.89,265.23,0.0,265.23
PO-00083,4,LIQ-025,"Beef Stock, Liquid",Liquids/Pastes/Sauces,Stock/Broth,1 gal jug,2,16.05,32.1,0.0,32.1
PO-00083,5,ALC-007,"Chardonnay, House White",Alcoholic Beverage,Wine,case of 12,1,87.05,87.05,2.95,84.1
PO-00084,1,SUP-020,Aluminum Foil Roll,Supplies,Wrap/Film,roll,6,30.47,182.82,0.0,182.82
PO-00084,2,DRY-021,Cayenne Pepper,Dry Goods & Spices,Spice,1 lb bag,3,9.36,28.08,0.0,28.08
PO-00084,3,FRZ-025,Frozen Salmon Fillets,Frozen/Refrigerated Goods,Frozen Protein,10 lb box,2,98.66,197.32,0.0,197.32
PO-00085,1,DRY-006,Quinoa,Dry Goods & Spices,Grain,10 lb bag,7,28.5,199.5,0.0,199.5
PO-00085,2,PRD-004,"Onions, Yellow",Produce & Meat,Produce,50 lb bag,1,23.48,23.48,0.0,23.48
PO-00085,3,SUP-009,Toothpicks,Supplies,Disposable,box of 1000,5,4.19,20.95,0.53,20.42
PO-00085,4,LIQ-020,"Curry Paste, Red",Liquids/Pastes/Sauces,Paste,14 oz can,9,6.22,55.98,0.0,55.98
PO-00086,1,LIQ-029,Sriracha,Liquids/Pastes/Sauces,Sauce,1 gal jug,9,24.03,216.27,0.0,216.27
PO-00086,2,SUP-013,Bleach,Supplies,Cleaning,1 gal jug,10,8.17,81.7,0.0,81.7
PO-00086,3,FRZ-016,Shredded Cheddar,Frozen/Refrigerated Goods,Dairy,5 lb bag,3,18.69,56.07,2.13,53.94
PO-00086,4,NAB-010,Lemon Juice (bottled),Non-Alcoholic Beverage,Juice,32 oz bottle,2,4.65,9.3,0.0,9.3
PO-00086,5,DRY-015,"Black Pepper, Ground",Dry Goods & Spices,Spice,1 lb bag,5,13.5,67.5,0.0,67.5
PO-00086,6,FRZ-022,"Eggs, Large",Frozen/Refrigerated Goods,Dairy,case of 15 dz,5,51.88,259.4,0.0,259.4
PO-00086,7,SUP-020,Aluminum Foil Roll,Supplies,Wrap/Film,roll,8,31.17,249.36,0.0,249.36
PO-00087,1,LIQ-022,Diced Tomatoes,Liquids/Pastes/Sauces,Canned Tomato,#10 can,7,8.57,59.99,0.0,59.99
PO-00087,2,SUP-003,"To-Go Cup Lids, Dome",Supplies,To-Go,case of 1000,10,33.45,334.5,13.13,321.37
PO-00087,3,LIQ-003,Vegetable Oil,Liquids/Pastes/Sauces,Oil,35 lb jug,4,40.8,163.2,0.0,163.2
PO-00087,4,FRZ-008,"Dinner Rolls, Par-Baked",Frozen/Refrigerated Goods,Frozen Bread,case of 200,7,38.02,266.14,0.0,266.14
PO-00087,5,PRD-025,"Bacon, Sliced",Produce & Meat,Meat,15 lb case,8,68.61,548.88,0.0,548.88
PO-00087,6,DRY-013,Powdered Sugar,Dry Goods & Spices,Sugar,25 lb bag,6,21.44,128.64,0.0,128.64
PO-00088,1,NAB-011,Lime Juice (bottled),Non-Alcoholic Beverage,Juice,32 oz bottle,2,4.42,8.84,0.0,8.84
PO-00088,2,PRD-008,Avocados,Produce & Meat,Produce,case of 48,7,68.31,478.17,0.0,478.17
PO-00088,3,FRZ-005,"French Fries, Straight Cut",Frozen/Refrigerated Goods,Frozen Potato,30 lb case,5,32.26,161.3,0.0,161.3
PO-00088,4,PRD-001,Romaine Lettuce,Produce & Meat,Produce,case of 24 heads,7,34.65,242.55,0.0,242.55
PO-00088,5,ALC-013,"Vodka, Premium",Alcoholic Beverage,Spirits,1L bottle,10,31.67,316.7,0.0,316.7
PO-00088,6,PRD-016,Jalapeños,Produce & Meat,Produce,10 lb case,9,17.73,159.57,0.0,159.57
PO-00088,7,DRY-012,Brown Sugar,Dry Goods & Spices,Sugar,25 lb bag,7,18.15,127.05,0.0,127.05
PO-00089,1,NAB-028,Cold Brew Concentrate,Non-Alcoholic Beverage,Coffee,gallon,7,21.48,150.36,3.9,146.46
PO-00089,2,PRD-008,Avocados,Produce & Meat,Produce,case of 48,9,64.51,580.59,0.0,580.59
PO-00089,3,PRD-012,Carrots,Produce & Meat,Produce,25 lb bag,4,25.1,100.4,0.0,100.4
PO-00089,4,PRD-013,Celery,Produce & Meat,Produce,case of 30,10,29.62,296.2,0.0,296.2
PO-00089,5,SUP-003,"To-Go Cup Lids, Dome",Supplies,To-Go,case of 1000,1,31.16,31.16,0.0,31.16
PO-00089,6,DRY-020,Onion Powder,Dry Goods & Spices,Spice,1 lb bag,2,9.12,18.24,1.39,16.85
PO-00089,7,DRY-007,"Spaghetti, Dry",Dry Goods & Spices,Pasta,20 lb case,5,20.08,100.4,0.0,100.4
PO-00090,1,ALC-014,"Gin, Well",Alcoholic Beverage,Spirits,1.75L bottle,1,21.84,21.84,0.0,21.84
PO-00090,2,NAB-014,"Decaf Coffee, Medium Roast",Non-Alcoholic Beverage,Coffee,2 lb bag,3,18.58,55.74,0.0,55.74
PO-00090,3,SUP-009,Toothpicks,Supplies,Disposable,box of 1000,9,4.31,38.79,0.0,38.79
PO-00091,1,PRD-019,"Basil, Fresh",Produce & Meat,Produce,case of 12 bunches,10,23.6,236.0,0.0,236.0
PO-00091,2,ALC-001,Domestic Draft Lager Keg,Alcoholic Beverage,Beer,1/2 barrel keg,7,113.29,793.03,0.0,793.03
PO-00091,3,SUP-019,Plastic Wrap Roll,Supplies,Wrap/Film,roll,4,20.35,81.4,0.0,81.4
PO-00091,4,SUP-029,Aluminum Steam Table Pans,Supplies,Small Wares,case of 50,2,57.04,114.08,0.0,114.08
PO-00091,5,PRD-026,NY Strip Steak,Produce & Meat,Meat,case,9,15.69,141.21,0.0,141.21
PO-00091,6,FRZ-029,Frozen Diced Onions,Frozen/Refrigerated Goods,Frozen Vegetable,20 lb case,8,25.96,207.68,12.51,195.17
PO-00092,1,DRY-026,Cocoa Powder,Dry Goods & Spices,Baking,5 lb bag,5,21.48,107.4,0.0,107.4
PO-00092,2,SUP-016,"Toilet Paper, Roll",Supplies,Paper Goods,case of 48,3,43.33,129.99,0.0,129.99
PO-00092,3,FRZ-010,Vanilla Ice Cream,Frozen/Refrigerated Goods,Frozen Dessert,3 gal tub,2,25.44,50.88,0.0,50.88
PO-00093,1,LIQ-030,Honey,Liquids/Pastes/Sauces,Honey/Syrup,5 lb jug,6,18.49,110.94,0.0,110.94
PO-00093,2,SUP-011,"Degreaser, Kitchen",Supplies,Cleaning,1 gal jug,6,21.22,127.32,0.0,127.32
PO-00093,3,SUP-008,"Plastic Cutlery, Spoons",Supplies,Disposable,box of 1000,4,17.21,68.84,0.0,68.84
PO-00093,4,ALC-029,Mezcal,Alcoholic Beverage,Spirits,750ml bottle,9,43.69,393.21,0.0,393.21
PO-00093,5,SUP-030,"Menu Paper, Cardstock",Supplies,Menu/Marketing,ream of 500,8,19.97,159.76,0.0,159.76
PO-00093,6,SUP-010,"Dish Soap, Concentrate",Supplies,Cleaning,1 gal jug,8,26.47,211.76,0.0,211.76
PO-00093,7,LIQ-025,"Beef Stock, Liquid",Liquids/Pastes/Sauces,Stock/Broth,1 gal jug,4,16.76,67.04,0.0,67.04
PO-00093,8,DRY-030,Sliced Almonds,Dry Goods & Spices,Nuts/Seeds,5 lb bag,9,29.06,261.54,0.0,261.54
PO-00094,1,FRZ-009,Pizza Dough Balls,Frozen/Refrigerated Goods,Frozen Bread,case of 40,5,40.59,202.95,0.0,202.95
PO-00094,2,NAB-028,Cold Brew Concentrate,Non-Alcoholic Beverage,Coffee,gallon,5,19.56,97.8,0.0,97.8
PO-00094,3,DRY-008,"Penne, Dry",Dry Goods & Spices,Pasta,20 lb case,8,19.01,152.08,0.0,152.08
PO-00094,4,NAB-020,Whole Milk,Non-Alcoholic Beverage,Milk/Dairy Bev,half gallon,4,2.61,10.44,0.0,10.44
PO-00094,5,PRD-009,Limes,Produce & Meat,Produce,case of 200,6,40.56,243.36,0.0,243.36
PO-00094,6,LIQ-020,"Curry Paste, Red",Liquids/Pastes/Sauces,Paste,14 oz can,7,6.33,44.31,0.0,44.31
PO-00095,1,LIQ-017,Tomato Paste,Liquids/Pastes/Sauces,Paste,#10 can,5,12.83,64.15,0.0,64.15
PO-00095,2,DRY-019,Garlic Powder,Dry Goods & Spices,Spice,1 lb bag,9,8.23,74.07,0.0,74.07
PO-00095,3,PRD-004,"Onions, Yellow",Produce & Meat,Produce,50 lb bag,2,24.88,49.76,3.23,46.53
PO-00095,4,ALC-001,Domestic Draft Lager Keg,Alcoholic Beverage,Beer,1/2 barrel keg,1,112.85,112.85,0.0,112.85
PO-00095,5,FRZ-018,Cream Cheese,Frozen/Refrigerated Goods,Dairy,3 lb block,3,12.66,37.98,0.0,37.98
PO-00096,1,SUP-028,Chafing Fuel Cans,Supplies,Small Wares,case of 24,8,39.36,314.88,21.31,293.57
PO-00096,2,ALC-005,Light Lager Draft Keg,Alcoholic Beverage,Beer,1/2 barrel keg,7,97.13,679.91,0.0,679.91
PO-00096,3,LIQ-023,Tomato Puree,Liquids/Pastes/Sauces,Canned Tomato,#10 can,6,7.97,47.82,0.0,47.82
PO-00096,4,LIQ-029,Sriracha,Liquids/Pastes/Sauces,Sauce,1 gal jug,10,23.35,233.5,15.52,217.98
PO-00096,5,DRY-005,Jasmine Rice,Dry Goods & Spices,Grain,50 lb bag,8,34.73,277.84,0.0,277.84
PO-00096,6,SUP-019,Plastic Wrap Roll,Supplies,Wrap/Film,roll,2,20.33,40.66,0.0,40.66
PO-00097,1,FRZ-027,"Spring Rolls, Vegetable",Frozen/Refrigerated Goods,Frozen Appetizer,case of 100,3,59.35,178.05,0.0,178.05
PO-00097,2,NAB-019,Gatorade Fruit Punch,Non-Alcoholic Beverage,Energy/Sports,case of 24,7,20.72,145.04,0.0,145.04
PO-00097,3,SUP-015,"Paper Towels, Roll",Supplies,Paper Goods,case of 12,3,42.11,126.33,0.0,126.33
PO-00097,4,ALC-005,Light Lager Draft Keg,Alcoholic Beverage,Beer,1/2 barrel keg,5,92.72,463.6,19.3,444.3
PO-00097,5,PRD-018,"Spinach, Fresh",Produce & Meat,Produce,4 lb case,3,18.55,55.65,3.2,52.45
PO-00097,6,NAB-002,Diet Coke Syrup BIB,Non-Alcoholic Beverage,Soda,5 gal bag-in-box,4,61.25,245.0,0.0,245.0
PO-00098,1,ALC-019,"Rum, White",Alcoholic Beverage,Spirits,1.75L bottle,8,19.96,159.68,9.86,149.82
PO-00098,2,PRD-006,"Bell Peppers, Green",Produce & Meat,Produce,25 lb case,7,40.59,284.13,0.0,284.13
PO-00098,3,DRY-010,"Pinto Beans, Dry",Dry Goods & Spices,Legume,25 lb bag,4,21.94,87.76,0.0,87.76
PO-00099,1,ALC-015,"Tequila, Blanco Premium",Alcoholic Beverage,Spirits,1L bottle,10,34.81,348.1,0.0,348.1
PO-00099,2,LIQ-016,"Vinaigrette, Balsamic",Liquids/Pastes/Sauces,Sauce,1 gal jug,4,21.39,85.56,0.0,85.56
PO-00099,3,LIQ-018,Garlic Paste,Liquids/Pastes/Sauces,Paste,4 lb tub,7,15.31,107.17,0.0,107.17
PO-00099,4,NAB-019,Gatorade Fruit Punch,Non-Alcoholic Beverage,Energy/Sports,case of 24,4,21.68,86.72,2.26,84.46
PO-00099,5,NAB-011,Lime Juice (bottled),Non-Alcoholic Beverage,Juice,32 oz bottle,10,4.39,43.9,0.0,43.9
PO-00099,6,FRZ-024,Frozen Chicken Wings,Frozen/Refrigerated Goods,Frozen Protein,40 lb case,7,103.45,724.15,0.0,724.15
PO-00100,1,PRD-022,"Chicken Breast, Boneless",Produce & Meat,Meat,case,4,4.85,19.4,0.0,19.4
PO-00100,2,SUP-004,"Paper Bags, Kraft",Supplies,To-Go,case of 500,7,32.63,228.41,0.0,228.41
PO-00100,3,SUP-026,Hand Soap,Supplies,Chemical,1 gal jug,4,15.52,62.08,0.0,62.08
PO-00100,4,FRZ-021,Sour Cream,Frozen/Refrigerated Goods,Dairy,5 lb tub,8,14.73,117.84,0.0,117.84
PO-00100,5,SUP-001,"To-Go Containers, 32oz",Supplies,To-Go,case of 150,1,34.85,34.85,0.0,34.85
PO-00100,6,NAB-013,"Drip Coffee, Medium Roast",Non-Alcoholic Beverage,Coffee,2 lb bag,3,17.49,52.47,0.0,52.47
PO-00100,7,PRD-029,"Salmon Fillet, Fresh",Produce & Meat,Seafood,case,7,13.79,96.53,0.0,96.53
PO-00101,1,NAB-002,Diet Coke Syrup BIB,Non-Alcoholic Beverage,Soda,5 gal bag-in-box,9,59.94,539.46,0.0,539.46
PO-00101,2,SUP-029,Aluminum Steam Table Pans,Supplies,Small Wares,case of 50,7,55.47,388.29,20.27,368.02
PO-00101,3,FRZ-028,"Yogurt, Plain",Frozen/Refrigerated Goods,Dairy,5 lb tub,5,14.31,71.55,1.77,69.78
PO-00102,1,FRZ-005,"French Fries, Straight Cut",Frozen/Refrigerated Goods,Frozen Potato,30 lb case,10,33.31,333.1,19.97,313.13
PO-00102,2,PRD-020,"Ginger, Fresh",Produce & Meat,Produce,10 lb case,3,30.62,91.86,5.74,86.12
PO-00102,3,DRY-015,"Black Pepper, Ground",Dry Goods & Spices,Spice,1 lb bag,3,14.09,42.27,0.0,42.27
PO-00102,4,NAB-004,Ginger Ale Syrup BIB,Non-Alcoholic Beverage,Soda,5 gal bag-in-box,9,65.79,592.11,0.0,592.11
PO-00102,5,SUP-014,Glass Cleaner,Supplies,Cleaning,1 gal jug,3,15.99,47.97,0.0,47.97
PO-00102,6,ALC-018,"Bourbon, Premium",Alcoholic Beverage,Spirits,750ml bottle,5,45.04,225.2,0.0,225.2
PO-00102,7,SUP-017,Butcher Paper Roll,Supplies,Paper Goods,roll,1,29.59,29.59,0.0,29.59
PO-00102,8,ALC-024,Coffee Liqueur,Alcoholic Beverage,Liqueur,750ml bottle,9,25.53,229.77,14.42,215.35
PO-00103,1,LIQ-005,White Vinegar,Liquids/Pastes/Sauces,Vinegar,1 gal jug,2,7.6,15.2,0.0,15.2
PO-00103,2,ALC-010,Prosecco,Alcoholic Beverage,Wine,case of 12,1,113.16,113.16,0.0,113.16
PO-00103,3,DRY-025,Baking Soda,Dry Goods & Spices,Baking,12 lb box,1,9.9,9.9,0.0,9.9
PO-00103,4,PRD-018,"Spinach, Fresh",Produce & Meat,Produce,4 lb case,3,19.13,57.39,0.0,57.39
PO-00103,5,DRY-006,Quinoa,Dry Goods & Spices,Grain,10 lb bag,1,30.88,30.88,0.0,30.88
PO-00103,6,NAB-021,Oat Milk,Non-Alcoholic Beverage,Milk/Dairy Bev,32 oz carton,7,6.11,42.77,0.0,42.77
PO-00104,1,ALC-005,Light Lager Draft Keg,Alcoholic Beverage,Beer,1/2 barrel keg,1,97.47,97.47,0.0,97.47
PO-00104,2,PRD-030,"Shrimp, Fresh 16/20",Produce & Meat,Seafood,case,8,11.32,90.56,0.0,90.56
PO-00104,3,NAB-019,Gatorade Fruit Punch,Non-Alcoholic Beverage,Energy/Sports,case of 24,5,22.41,112.05,0.0,112.05
PO-00104,4,DRY-011,Granulated Sugar,Dry Goods & Spices,Sugar,50 lb bag,1,25.25,25.25,0.0,25.25
PO-00104,5,FRZ-006,Tater Tots,Frozen/Refrigerated Goods,Frozen Potato,30 lb case,5,30.31,151.55,0.0,151.55
PO-00105,1,LIQ-030,Honey,Liquids/Pastes/Sauces,Honey/Syrup,5 lb jug,1,18.89,18.89,0.0,18.89
PO-00105,2,DRY-010,"Pinto Beans, Dry",Dry Goods & Spices,Legume,25 lb bag,7,20.89,146.23,0.0,146.23
PO-00105,3,ALC-019,"Rum, White",Alcoholic Beverage,Spirits,1.75L bottle,2,20.37,40.74,0.0,40.74
PO-00105,4,NAB-007,Orange Juice Concentrate,Non-Alcoholic Beverage,Juice,gallon,7,12.29,86.03,0.0,86.03
PO-00105,5,LIQ-004,Sesame Oil,Liquids/Pastes/Sauces,Oil,1 gal jug,3,26.99,80.97,0.0,80.97
PO-00105,6,SUP-010,"Dish Soap, Concentrate",Supplies,Cleaning,1 gal jug,4,24.56,98.24,0.0,98.24
PO-00105,7,SUP-012,Sanitizer Solution,Supplies,Cleaning,1 gal jug,6,18.06,108.36,0.0,108.36
PO-00105,8,SUP-030,"Menu Paper, Cardstock",Supplies,Menu/Marketing,ream of 500,10,20.65,206.5,5.78,200.72
PO-00106,1,FRZ-020,Heavy Cream,Frozen/Refrigerated Goods,Dairy,quart,7,5.31,37.17,0.0,37.17
PO-00106,2,LIQ-007,Rice Wine Vinegar,Liquids/Pastes/Sauces,Vinegar,1 gal jug,6,20.36,122.16,0.0,122.16
PO-00106,3,FRZ-024,Frozen Chicken Wings,Frozen/Refrigerated Goods,Frozen Protein,40 lb case,4,102.21,408.84,27.07,381.77
PO-00106,4,LIQ-016,"Vinaigrette, Balsamic",Liquids/Pastes/Sauces,Sauce,1 gal jug,2,20.68,41.36,0.0,41.36
PO-00107,1,NAB-024,Club Soda Canister,Non-Alcoholic Beverage,Soda,5 gal canister,10,15.81,158.1,11.09,147.01
PO-00107,2,SUP-009,Toothpicks,Supplies,Disposable,box of 1000,2,4.14,8.28,0.0,8.28
PO-00107,3,PRD-002,Iceberg Lettuce,Produce & Meat,Produce,case of 24 heads,7,28.6,200.2,0.0,200.2
PO-00108,1,FRZ-027,"Spring Rolls, Vegetable",Frozen/Refrigerated Goods,Frozen Appetizer,case of 100,1,59.34,59.34,0.0,59.34
PO-00108,2,NAB-026,Tomato Juice,Non-Alcoholic Beverage,Juice,46 oz can,3,4.86,14.58,0.0,14.58
PO-00108,3,FRZ-024,Frozen Chicken Wings,Frozen/Refrigerated Goods,Frozen Protein,40 lb case,2,103.97,207.94,0.0,207.94
PO-00108,4,SUP-021,"Disposable Gloves, Nitrile",Supplies,Gloves,case of 1000,2,55.57,111.14,2.65,108.49
PO-00108,5,PRD-029,"Salmon Fillet, Fresh",Produce & Meat,Seafood,case,8,13.88,111.04,0.0,111.04
PO-00108,6,SUP-013,Bleach,Supplies,Cleaning,1 gal jug,6,7.48,44.88,3.43,41.45
PO-00108,7,ALC-005,Light Lager Draft Keg,Alcoholic Beverage,Beer,1/2 barrel keg,10,90.34,903.4,0.0,903.4
PO-00109,1,LIQ-017,Tomato Paste,Liquids/Pastes/Sauces,Paste,#10 can,2,12.21,24.42,0.0,24.42
PO-00109,2,DRY-011,Granulated Sugar,Dry Goods & Spices,Sugar,50 lb bag,4,24.21,96.84,0.0,96.84
PO-00109,3,LIQ-027,Marinara Sauce,Liquids/Pastes/Sauces,Sauce,#10 can,4,13.68,54.72,0.0,54.72
PO-00109,4,DRY-029,Sesame Seeds,Dry Goods & Spices,Nuts/Seeds,5 lb bag,1,21.15,21.15,0.0,21.15
PO-00109,5,FRZ-017,"Parmesan, Grated",Frozen/Refrigerated Goods,Dairy,5 lb bag,6,35.34,212.04,0.0,212.04
PO-00109,6,FRZ-011,Chocolate Ice Cream,Frozen/Refrigerated Goods,Frozen Dessert,3 gal tub,6,29.23,175.38,0.0,175.38
PO-00109,7,LIQ-009,Hot Sauce,Liquids/Pastes/Sauces,Sauce,1 gal jug,7,23.71,165.97,0.0,165.97
PO-00110,1,SUP-023,Food Storage Containers,Supplies,Storage,case of 100,2,38.58,77.16,0.0,77.16
PO-00110,2,LIQ-024,"Chicken Stock, Liquid",Liquids/Pastes/Sauces,Stock/Broth,1 gal jug,9,15.24,137.16,0.0,137.16
PO-00110,3,FRZ-016,Shredded Cheddar,Frozen/Refrigerated Goods,Dairy,5 lb bag,1,19.12,19.12,0.0,19.12
PO-00111,1,PRD-005,"Garlic, Fresh",Produce & Meat,Produce,10 lb case,10,37.16,371.6,0.0,371.6
PO-00111,2,SUP-020,Aluminum Foil Roll,Supplies,Wrap/Film,roll,8,31.53,252.24,0.0,252.24
PO-00111,3,LIQ-023,Tomato Puree,Liquids/Pastes/Sauces,Canned Tomato,#10 can,1,7.89,7.89,0.27,7.62
PO-00111,4,NAB-010,Lemon Juice (bottled),Non-Alcoholic Beverage,Juice,32 oz bottle,9,4.52,40.68,0.0,40.68
PO-00111,5,SUP-028,Chafing Fuel Cans,Supplies,Small Wares,case of 24,10,39.03,390.3,0.0,390.3
PO-00111,6,SUP-013,Bleach,Supplies,Cleaning,1 gal jug,3,7.51,22.53,0.0,22.53
PO-00111,7,FRZ-007,"Hash Browns, Shredded",Frozen/Refrigerated Goods,Frozen Potato,20 lb case,6,28.58,171.48,4.95,166.53
PO-00111,8,SUP-021,"Disposable Gloves, Nitrile",Supplies,Gloves,case of 1000,3,58.11,174.33,0.0,174.33
PO-00112,1,FRZ-011,Chocolate Ice Cream,Frozen/Refrigerated Goods,Frozen Dessert,3 gal tub,10,27.64,276.4,0.0,276.4
PO-00112,2,LIQ-027,Marinara Sauce,Liquids/Pastes/Sauces,Sauce,#10 can,5,13.13,65.65,4.18,61.47
PO-00112,3,FRZ-017,"Parmesan, Grated",Frozen/Refrigerated Goods,Dairy,5 lb bag,10,35.91,359.1,0.0,359.1
PO-00112,4,SUP-016,"Toilet Paper, Roll",Supplies,Paper Goods,case of 48,10,45.06,450.6,25.3,425.3
PO-00112,5,DRY-030,Sliced Almonds,Dry Goods & Spices,Nuts/Seeds,5 lb bag,10,30.98,309.8,0.0,309.8
PO-00112,6,ALC-025,Amaretto,Alcoholic Beverage,Liqueur,750ml bottle,8,21.66,173.28,11.21,162.07
PO-00112,7,LIQ-009,Hot Sauce,Liquids/Pastes/Sauces,Sauce,1 gal jug,6,23.08,138.48,0.0,138.48
PO-00112,8,FRZ-001,Frozen Peas,Frozen/Refrigerated Goods,Frozen Vegetable,20 lb case,2,26.02,52.04,0.0,52.04
PO-00113,1,NAB-029,Half & Half,Non-Alcoholic Beverage,Milk/Dairy Bev,quart,7,4.72,33.04,0.0,33.04
PO-00113,2,DRY-016,"Paprika, Smoked",Dry Goods & Spices,Spice,1 lb bag,8,10.38,83.04,0.0,83.04
PO-00113,3,ALC-027,Non-Alcoholic Beer,Alcoholic Beverage,Beer,case of 24,7,34.68,242.76,11.84,230.92
PO-00113,4,PRD-030,"Shrimp, Fresh 16/20",Produce & Meat,Seafood,case,4,12.26,49.04,0.0,49.04
PO-00113,5,ALC-007,"Chardonnay, House White",Alcoholic Beverage,Wine,case of 12,1,79.57,79.57,0.0,79.57
PO-00113,6,PRD-016,Jalapeños,Produce & Meat,Produce,10 lb case,2,17.59,35.18,1.06,34.12
PO-00113,7,NAB-007,Orange Juice Concentrate,Non-Alcoholic Beverage,Juice,gallon,2,11.57,23.14,0.0,23.14
PO-00113,8,NAB-028,Cold Brew Concentrate,Non-Alcoholic Beverage,Coffee,gallon,2,21.34,42.68,0.0,42.68
PO-00114,1,LIQ-009,Hot Sauce,Liquids/Pastes/Sauces,Sauce,1 gal jug,1,23.08,23.08,0.0,23.08
PO-00114,2,PRD-023,"Chicken Thighs, Boneless",Produce & Meat,Meat,case,8,3.91,31.28,0.0,31.28
PO-00114,3,SUP-007,"Plastic Cutlery, Forks",Supplies,Disposable,box of 1000,7,18.75,131.25,9.11,122.14
PO-00114,4,SUP-009,Toothpicks,Supplies,Disposable,box of 1000,8,4.26,34.08,0.0,34.08
PO-00114,5,ALC-011,Rosé,Alcoholic Beverage,Wine,case of 12,3,84.24,252.72,0.0,252.72
PO-00114,6,PRD-007,"Bell Peppers, Red",Produce & Meat,Produce,25 lb case,8,44.23,353.84,0.0,353.84
PO-00114,7,ALC-017,"Bourbon, Well",Alcoholic Beverage,Spirits,1.75L bottle,7,29.42,205.94,0.0,205.94
PO-00114,8,PRD-021,"Ground Beef, 80/20",Produce & Meat,Meat,case,5,5.29,26.45,1.39,25.06
PO-00115,1,DRY-006,Quinoa,Dry Goods & Spices,Grain,10 lb bag,10,30.52,305.2,19.88,285.32
PO-00115,2,FRZ-005,"French Fries, Straight Cut",Frozen/Refrigerated Goods,Frozen Potato,30 lb case,2,34.03,68.06,0.0,68.06
PO-00115,3,ALC-027,Non-Alcoholic Beer,Alcoholic Beverage,Beer,case of 24,7,36.28,253.96,0.0,253.96
PO-00116,1,FRZ-007,"Hash Browns, Shredded",Frozen/Refrigerated Goods,Frozen Potato,20 lb case,7,26.6,186.2,11.36,174.84
PO-00116,2,SUP-021,"Disposable Gloves, Nitrile",Supplies,Gloves,case of 1000,3,55.24,165.72,0.0,165.72
PO-00116,3,ALC-015,"Tequila, Blanco Premium",Alcoholic Beverage,Spirits,1L bottle,2,33.75,67.5,3.6,63.9
PO-00116,4,ALC-016,"Tequila, Reposado Premium",Alcoholic Beverage,Spirits,1L bottle,5,45.79,228.95,0.0,228.95
PO-00116,5,PRD-029,"Salmon Fillet, Fresh",Produce & Meat,Seafood,case,1,13.9,13.9,0.0,13.9
PO-00116,6,SUP-019,Plastic Wrap Roll,Supplies,Wrap/Film,roll,9,20.19,181.71,0.0,181.71
PO-00117,1,ALC-018,"Bourbon, Premium",Alcoholic Beverage,Spirits,750ml bottle,8,42.9,343.2,0.0,343.2
PO-00117,2,PRD-025,"Bacon, Sliced",Produce & Meat,Meat,15 lb case,3,69.88,209.64,0.0,209.64
PO-00117,3,DRY-001,All-Purpose Flour,Dry Goods & Spices,Flour,50 lb bag,10,21.74,217.4,0.0,217.4
PO-00117,4,SUP-006,"Straws, Wrapped",Supplies,Disposable,box of 500,7,9.57,66.99,0.0,66.99
PO-00117,5,LIQ-001,Canola Oil,Liquids/Pastes/Sauces,Oil,35 lb jug,4,41.87,167.48,8.12,159.36
PO-00117,6,DRY-014,Kosher Salt,Dry Goods & Spices,Spice,25 lb bag,6,10.06,60.36,4.17,56.19
PO-00117,7,FRZ-014,Frozen Mango Chunks,Frozen/Refrigerated Goods,Frozen Fruit,10 lb bag,5,25.5,127.5,0.0,127.5
PO-00118,1,PRD-006,"Bell Peppers, Green",Produce & Meat,Produce,25 lb case,9,40.29,362.61,0.0,362.61
PO-00118,2,ALC-003,"Mexican Lager, Bottled",Alcoholic Beverage,Beer,case of 24,9,41.25,371.25,0.0,371.25
PO-00118,3,DRY-020,Onion Powder,Dry Goods & Spices,Spice,1 lb bag,9,8.91,80.19,0.0,80.19
PO-00118,4,PRD-018,"Spinach, Fresh",Produce & Meat,Produce,4 lb case,9,19.9,179.1,0.0,179.1
PO-00118,5,SUP-011,"Degreaser, Kitchen",Supplies,Cleaning,1 gal jug,4,19.98,79.92,0.0,79.92
PO-00118,6,PRD-030,"Shrimp, Fresh 16/20",Produce & Meat,Seafood,case,1,11.48,11.48,0.0,11.48
PO-00118,7,SUP-026,Hand Soap,Supplies,Chemical,1 gal jug,6,16.17,97.02,0.0,97.02
PO-00118,8,PRD-019,"Basil, Fresh",Produce & Meat,Produce,case of 12 bunches,8,23.31,186.48,0.0,186.48
PO-00119,1,FRZ-013,Frozen Mixed Berries,Frozen/Refrigerated Goods,Frozen Fruit,10 lb bag,5,33.18,165.9,0.0,165.9
PO-00119,2,ALC-025,Amaretto,Alcoholic Beverage,Liqueur,750ml bottle,5,21.93,109.65,2.52,107.13
PO-00119,3,FRZ-017,"Parmesan, Grated",Frozen/Refrigerated Goods,Dairy,5 lb bag,4,35.59,142.36,0.0,142.36
PO-00119,4,LIQ-012,Buffalo Wing Sauce,Liquids/Pastes/Sauces,Sauce,1 gal jug,4,21.72,86.88,0.0,86.88
PO-00119,5,LIQ-009,Hot Sauce,Liquids/Pastes/Sauces,Sauce,1 gal jug,1,23.49,23.49,0.0,23.49
PO-00119,6,FRZ-001,Frozen Peas,Frozen/Refrigerated Goods,Frozen Vegetable,20 lb case,1,26.22,26.22,0.0,26.22
PO-00119,7,LIQ-017,Tomato Paste,Liquids/Pastes/Sauces,Paste,#10 can,3,11.79,35.37,0.0,35.37
PO-00120,1,FRZ-028,"Yogurt, Plain",Frozen/Refrigerated Goods,Dairy,5 lb tub,5,13.75,68.75,0.0,68.75
PO-00120,2,FRZ-012,"Cheesecake, Uncut",Frozen/Refrigerated Goods,Frozen Dessert,10 inch,7,20.33,142.31,0.0,142.31
PO-00120,3,SUP-008,"Plastic Cutlery, Spoons",Supplies,Disposable,box of 1000,6,16.39,98.34,0.0,98.34
PO-00120,4,DRY-022,"Oregano, Dried",Dry Goods & Spices,Spice,1 lb bag,5,13.37,66.85,0.0,66.85
PO-00120,5,SUP-005,"Napkins, Dinner",Supplies,Disposable,case of 3000,2,31.27,62.54,0.0,62.54
PO-00120,6,DRY-009,"Black Beans, Dry",Dry Goods & Spices,Legume,25 lb bag,6,21.98,131.88,0.0,131.88
PO-00120,7,FRZ-016,Shredded Cheddar,Frozen/Refrigerated Goods,Dairy,5 lb bag,5,17.91,89.55,0.0,89.55
PO-00120,8,ALC-015,"Tequila, Blanco Premium",Alcoholic Beverage,Spirits,1L bottle,4,34.65,138.6,0.0,138.6
PO-00121,1,FRZ-026,Mozzarella Sticks,Frozen/Refrigerated Goods,Frozen Appetizer,case of 240,4,55.84,223.36,0.0,223.36
PO-00121,2,PRD-013,Celery,Produce & Meat,Produce,case of 30,8,30.36,242.88,0.0,242.88
PO-00121,3,SUP-014,Glass Cleaner,Supplies,Cleaning,1 gal jug,9,15.91,143.19,0.0,143.19
PO-00122,1,NAB-016,Green Tea Bags,Non-Alcoholic Beverage,Tea,box of 100,6,15.91,95.46,0.0,95.46
PO-00122,2,PRD-023,"Chicken Thighs, Boneless",Produce & Meat,Meat,case,4,3.78,15.12,0.0,15.12
PO-00122,3,ALC-011,Rosé,Alcoholic Beverage,Wine,case of 12,6,86.72,520.32,0.0,520.32
PO-00122,4,SUP-007,"Plastic Cutlery, Forks",Supplies,Disposable,box of 1000,8,19.17,153.36,0.0,153.36
PO-00122,5,LIQ-009,Hot Sauce,Liquids/Pastes/Sauces,Sauce,1 gal jug,10,23.63,236.3,0.0,236.3
PO-00122,6,NAB-025,Grapefruit Juice,Non-Alcoholic Beverage,Juice,46 oz can,8,5.76,46.08,0.0,46.08
PO-00123,1,FRZ-011,Chocolate Ice Cream,Frozen/Refrigerated Goods,Frozen Dessert,3 gal tub,3,29.46,88.38,0.0,88.38
PO-00123,2,LIQ-012,Buffalo Wing Sauce,Liquids/Pastes/Sauces,Sauce,1 gal jug,3,21.37,64.11,0.0,64.11
PO-00123,3,FRZ-013,Frozen Mixed Berries,Frozen/Refrigerated Goods,Frozen Fruit,10 lb bag,8,32.82,262.56,0.0,262.56
PO-00123,4,ALC-012,"Vodka, Well",Alcoholic Beverage,Spirits,1.75L bottle,3,25.66,76.98,0.0,76.98
PO-00123,5,DRY-030,Sliced Almonds,Dry Goods & Spices,Nuts/Seeds,5 lb bag,2,28.71,57.42,2.64,54.78
PO-00124,1,SUP-028,Chafing Fuel Cans,Supplies,Small Wares,case of 24,6,38.61,231.66,0.0,231.66
PO-00124,2,DRY-003,Cornmeal,Dry Goods & Spices,Flour,25 lb bag,9,16.24,146.16,0.0,146.16
PO-00124,3,NAB-005,Still Water 16.9oz,Non-Alcoholic Beverage,Bottled Water,case of 24,1,6.64,6.64,0.0,6.64
PO-00124,4,NAB-003,Sprite Syrup BIB,Non-Alcoholic Beverage,Soda,5 gal bag-in-box,9,67.1,603.9,0.0,603.9
PO-00124,5,DRY-014,Kosher Salt,Dry Goods & Spices,Spice,25 lb bag,3,10.13,30.39,0.0,30.39
PO-00125,1,NAB-030,Powerade Blue,Non-Alcoholic Beverage,Energy/Sports,case of 24,1,17.36,17.36,0.0,17.36
PO-00125,2,ALC-025,Amaretto,Alcoholic Beverage,Liqueur,750ml bottle,9,21.82,196.38,0.0,196.38
PO-00125,3,SUP-018,Parchment Paper Sheets,Supplies,Paper Goods,box of 1000,1,40.76,40.76,0.0,40.76
PO-00125,4,NAB-001,Coca-Cola Syrup BIB,Non-Alcoholic Beverage,Soda,5 gal bag-in-box,1,68.83,68.83,1.85,66.98
PO-00125,5,LIQ-026,"Vegetable Stock, Liquid",Liquids/Pastes/Sauces,Stock/Broth,1 gal jug,2,16.67,33.34,0.0,33.34
PO-00125,6,LIQ-014,Ranch Dressing,Liquids/Pastes/Sauces,Sauce,1 gal jug,3,20.07,60.21,0.0,60.21
PO-00125,7,ALC-001,Domestic Draft Lager Keg,Alcoholic Beverage,Beer,1/2 barrel keg,1,115.97,115.97,0.0,115.97
PO-00125,8,NAB-022,"Almond Milk, Unsweetened",Non-Alcoholic Beverage,Milk/Dairy Bev,32 oz carton,9,4.34,39.06,0.0,39.06
PO-00126,1,ALC-018,"Bourbon, Premium",Alcoholic Beverage,Spirits,750ml bottle,5,44.42,222.1,0.0,222.1
PO-00126,2,SUP-030,"Menu Paper, Cardstock",Supplies,Menu/Marketing,ream of 500,6,21.1,126.6,0.0,126.6
PO-00126,3,FRZ-008,"Dinner Rolls, Par-Baked",Frozen/Refrigerated Goods,Frozen Bread,case of 200,1,38.49,38.49,0.0,38.49
PO-00127,1,PRD-019,"Basil, Fresh",Produce & Meat,Produce,case of 12 bunches,4,24.82,99.28,0.0,99.28
PO-00127,2,DRY-003,Cornmeal,Dry Goods & Spices,Flour,25 lb bag,5,17.72,88.6,0.0,88.6
PO-00127,3,ALC-003,"Mexican Lager, Bottled",Alcoholic Beverage,Beer,case of 24,3,38.37,115.11,0.0,115.11
PO-00127,4,PRD-030,"Shrimp, Fresh 16/20",Produce & Meat,Seafood,case,6,12.25,73.5,0.0,73.5
PO-00127,5,SUP-011,"Degreaser, Kitchen",Supplies,Cleaning,1 gal jug,2,20.58,41.16,2.7,38.46
PO-00127,6,LIQ-008,Soy Sauce,Liquids/Pastes/Sauces,Sauce,1 gal jug,3,12.11,36.33,0.0,36.33
PO-00127,7,PRD-018,"Spinach, Fresh",Produce & Meat,Produce,4 lb case,6,18.72,112.32,0.0,112.32
PO-00127,8,NAB-019,Gatorade Fruit Punch,Non-Alcoholic Beverage,Energy/Sports,case of 24,5,22.8,114.0,0.0,114.0
PO-00128,1,LIQ-012,Buffalo Wing Sauce,Liquids/Pastes/Sauces,Sauce,1 gal jug,1,20.57,20.57,0.0,20.57
PO-00128,2,DRY-029,Sesame Seeds,Dry Goods & Spices,Nuts/Seeds,5 lb bag,2,21.24,42.48,0.0,42.48
PO-00128,3,FRZ-026,Mozzarella Sticks,Frozen/Refrigerated Goods,Frozen Appetizer,case of 240,10,58.15,581.5,0.0,581.5
PO-00128,4,LIQ-025,"Beef Stock, Liquid",Liquids/Pastes/Sauces,Stock/Broth,1 gal jug,7,16.12,112.84,0.0,112.84
PO-00128,5,LIQ-004,Sesame Oil,Liquids/Pastes/Sauces,Oil,1 gal jug,3,28.54,85.62,0.0,85.62
PO-00128,6,ALC-029,Mezcal,Alcoholic Beverage,Spirits,750ml bottle,7,41.7,291.9,0.0,291.9
PO-00129,1,LIQ-008,Soy Sauce,Liquids/Pastes/Sauces,Sauce,1 gal jug,4,12.9,51.6,0.0,51.6
PO-00129,2,SUP-015,"Paper Towels, Roll",Supplies,Paper Goods,case of 12,7,42.01,294.07,20.46,273.61
PO-00129,3,LIQ-017,Tomato Paste,Liquids/Pastes/Sauces,Paste,#10 can,10,12.72,127.2,7.45,119.75
PO-00129,4,NAB-023,Root Beer Syrup BIB,Non-Alcoholic Beverage,Soda,5 gal bag-in-box,8,56.27,450.16,0.0,450.16
PO-00129,5,FRZ-011,Chocolate Ice Cream,Frozen/Refrigerated Goods,Frozen Dessert,3 gal tub,2,29.48,58.96,0.0,58.96
PO-00130,1,PRD-017,Cucumbers,Produce & Meat,Produce,case of 24,10,20.21,202.1,0.0,202.1
PO-00130,2,PRD-024,Pork Shoulder,Produce & Meat,Meat,case,8,3.89,31.12,0.0,31.12
PO-00130,3,FRZ-020,Heavy Cream,Frozen/Refrigerated Goods,Dairy,quart,1,5.33,5.33,0.24,5.09
PO-00130,4,NAB-026,Tomato Juice,Non-Alcoholic Beverage,Juice,46 oz can,1,4.67,4.67,0.0,4.67
PO-00131,1,SUP-029,Aluminum Steam Table Pans,Supplies,Small Wares,case of 50,4,53.65,214.6,8.86,205.74
PO-00131,2,PRD-005,"Garlic, Fresh",Produce & Meat,Produce,10 lb case,5,37.42,187.1,0.0,187.1
PO-00131,3,LIQ-022,Diced Tomatoes,Liquids/Pastes/Sauces,Canned Tomato,#10 can,2,8.51,17.02,0.51,16.51
PO-00131,4,DRY-014,Kosher Salt,Dry Goods & Spices,Spice,25 lb bag,7,9.93,69.51,3.94,65.57
PO-00131,5,SUP-030,"Menu Paper, Cardstock",Supplies,Menu/Marketing,ream of 500,7,19.52,136.64,0.0,136.64
PO-00131,6,FRZ-015,Shredded Mozzarella,Frozen/Refrigerated Goods,Dairy,5 lb bag,4,19.35,77.4,0.0,77.4
PO-00131,7,ALC-004,"Wheat Beer, Bottled",Alcoholic Beverage,Beer,case of 24,7,31.62,221.34,12.84,208.5
PO-00132,1,LIQ-001,Canola Oil,Liquids/Pastes/Sauces,Oil,35 lb jug,7,42.82,299.74,0.0,299.74
PO-00132,2,PRD-023,"Chicken Thighs, Boneless",Produce & Meat,Meat,case,9,3.88,34.92,0.0,34.92
PO-00132,3,NAB-004,Ginger Ale Syrup BIB,Non-Alcoholic Beverage,Soda,5 gal bag-in-box,10,69.55,695.5,0.0,695.5
PO-00133,1,PRD-006,"Bell Peppers, Green",Produce & Meat,Produce,25 lb case,3,39.15,117.45,6.59,110.86
PO-00133,2,FRZ-006,Tater Tots,Frozen/Refrigerated Goods,Frozen Potato,30 lb case,9,32.16,289.44,0.0,289.44
PO-00133,3,FRZ-017,"Parmesan, Grated",Frozen/Refrigerated Goods,Dairy,5 lb bag,6,35.06,210.36,0.0,210.36
PO-00133,4,LIQ-019,Ginger Paste,Liquids/Pastes/Sauces,Paste,4 lb tub,4,18.97,75.88,0.0,75.88
PO-00133,5,FRZ-027,"Spring Rolls, Vegetable",Frozen/Refrigerated Goods,Frozen Appetizer,case of 100,5,62.44,312.2,0.0,312.2
PO-00133,6,DRY-003,Cornmeal,Dry Goods & Spices,Flour,25 lb bag,3,17.62,52.86,0.0,52.86
PO-00134,1,PRD-013,Celery,Produce & Meat,Produce,case of 30,7,31.08,217.56,0.0,217.56
PO-00134,2,PRD-015,Cilantro,Produce & Meat,Produce,case of 30 bunches,1,24.18,24.18,0.0,24.18
PO-00134,3,DRY-023,"Cinnamon, Ground",Dry Goods & Spices,Spice,1 lb bag,1,8.88,8.88,0.0,8.88
PO-00134,4,SUP-024,Container Lids,Supplies,Storage,case of 100,3,25.42,76.26,0.0,76.26
PO-00134,5,PRD-016,Jalapeños,Produce & Meat,Produce,10 lb case,3,18.24,54.72,0.0,54.72
PO-00134,6,PRD-003,"Tomatoes, Roma",Produce & Meat,Produce,25 lb case,5,37.32,186.6,0.0,186.6
PO-00134,7,DRY-005,Jasmine Rice,Dry Goods & Spices,Grain,50 lb bag,6,34.08,204.48,0.0,204.48
PO-00135,1,FRZ-004,"Frozen Spinach, Chopped",Frozen/Refrigerated Goods,Frozen Vegetable,20 lb case,9,25.81,232.29,15.01,217.28
PO-00135,2,ALC-003,"Mexican Lager, Bottled",Alcoholic Beverage,Beer,case of 24,8,38.78,310.24,0.0,310.24
PO-00135,3,LIQ-019,Ginger Paste,Liquids/Pastes/Sauces,Paste,4 lb tub,6,18.93,113.58,0.0,113.58
PO-00135,4,DRY-003,Cornmeal,Dry Goods & Spices,Flour,25 lb bag,10,16.99,169.9,0.0,169.9
PO-00135,5,DRY-010,"Pinto Beans, Dry",Dry Goods & Spices,Legume,25 lb bag,4,22.48,89.92,0.0,89.92
PO-00135,6,LIQ-025,"Beef Stock, Liquid",Liquids/Pastes/Sauces,Stock/Broth,1 gal jug,2,16.11,32.22,0.0,32.22
PO-00135,7,LIQ-007,Rice Wine Vinegar,Liquids/Pastes/Sauces,Vinegar,1 gal jug,9,19.24,173.16,3.89,169.27
PO-00136,1,NAB-005,Still Water 16.9oz,Non-Alcoholic Beverage,Bottled Water,case of 24,6,6.63,39.78,0.0,39.78
PO-00136,2,DRY-027,Panko Bread Crumbs,Dry Goods & Spices,Breading,25 lb case,10,34.71,347.1,0.0,347.1
PO-00136,3,FRZ-025,Frozen Salmon Fillets,Frozen/Refrigerated Goods,Frozen Protein,10 lb box,10,95.17,951.7,0.0,951.7
PO-00136,4,ALC-019,"Rum, White",Alcoholic Beverage,Spirits,1.75L bottle,6,19.07,114.42,0.0,114.42
PO-00136,5,NAB-015,Black Tea Bags,Non-Alcoholic Beverage,Tea,box of 100,9,16.01,144.09,7.25,136.84
PO-00137,1,LIQ-023,Tomato Puree,Liquids/Pastes/Sauces,Canned Tomato,#10 can,8,8.29,66.32,0.0,66.32
PO-00137,2,FRZ-022,"Eggs, Large",Frozen/Refrigerated Goods,Dairy,case of 15 dz,10,54.94,549.4,0.0,549.4
PO-00137,3,SUP-021,"Disposable Gloves, Nitrile",Supplies,Gloves,case of 1000,6,54.32,325.92,0.0,325.92
PO-00137,4,NAB-010,Lemon Juice (bottled),Non-Alcoholic Beverage,Juice,32 oz bottle,2,4.79,9.58,0.0,9.58
PO-00137,5,ALC-021,"Whiskey, Rye",Alcoholic Beverage,Spirits,750ml bottle,5,37.89,189.45,9.66,179.79
PO-00138,1,SUP-011,"Degreaser, Kitchen",Supplies,Cleaning,1 gal jug,4,20.36,81.44,0.0,81.44
PO-00138,2,SUP-026,Hand Soap,Supplies,Chemical,1 gal jug,2,16.12,32.24,0.0,32.24
PO-00138,3,NAB-002,Diet Coke Syrup BIB,Non-Alcoholic Beverage,Soda,5 gal bag-in-box,7,61.87,433.09,0.0,433.09
PO-00138,4,ALC-003,"Mexican Lager, Bottled",Alcoholic Beverage,Beer,case of 24,3,41.73,125.19,7.89,117.3
PO-00139,1,NAB-027,Sparkling Lemon Water 12oz,Non-Alcoholic Beverage,Bottled Water,case of 24,7,16.83,117.81,0.0,117.81
PO-00139,2,PRD-006,"Bell Peppers, Green",Produce & Meat,Produce,25 lb case,2,38.91,77.82,0.0,77.82
PO-00139,3,DRY-010,"Pinto Beans, Dry",Dry Goods & Spices,Legume,25 lb bag,10,22.3,223.0,14.44,208.56
PO-00139,4,DRY-029,Sesame Seeds,Dry Goods & Spices,Nuts/Seeds,5 lb bag,2,19.6,39.2,0.0,39.2
PO-00139,5,LIQ-004,Sesame Oil,Liquids/Pastes/Sauces,Oil,1 gal jug,5,28.24,141.2,0.0,141.2
PO-00139,6,FRZ-026,Mozzarella Sticks,Frozen/Refrigerated Goods,Frozen Appetizer,case of 240,2,56.49,112.98,0.0,112.98
PO-00139,7,LIQ-012,Buffalo Wing Sauce,Liquids/Pastes/Sauces,Sauce,1 gal jug,7,22.31,156.17,0.0,156.17
PO-00140,1,DRY-005,Jasmine Rice,Dry Goods & Spices,Grain,50 lb bag,6,35.19,211.14,0.0,211.14
PO-00140,2,PRD-013,Celery,Produce & Meat,Produce,case of 30,9,28.49,256.41,5.77,250.64
PO-00140,3,SUP-024,Container Lids,Supplies,Storage,case of 100,7,24.98,174.86,0.0,174.86
PO-00140,4,PRD-030,"Shrimp, Fresh 16/20",Produce & Meat,Seafood,case,5,12.36,61.8,0.0,61.8
PO-00141,1,LIQ-004,Sesame Oil,Liquids/Pastes/Sauces,Oil,1 gal jug,10,27.14,271.4,0.0,271.4
PO-00141,2,SUP-022,"Disposable Gloves, Vinyl",Supplies,Gloves,case of 1000,9,37.44,336.96,0.0,336.96
PO-00141,3,ALC-009,Sauvignon Blanc,Alcoholic Beverage,Wine,case of 12,5,101.8,509.0,0.0,509.0
PO-00141,4,NAB-028,Cold Brew Concentrate,Non-Alcoholic Beverage,Coffee,gallon,4,20.01,80.04,0.0,80.04
PO-00142,1,ALC-005,Light Lager Draft Keg,Alcoholic Beverage,Beer,1/2 barrel keg,5,95.69,478.45,0.0,478.45
PO-00142,2,SUP-019,Plastic Wrap Roll,Supplies,Wrap/Film,roll,10,19.25,192.5,0.0,192.5
PO-00142,3,ALC-016,"Tequila, Reposado Premium",Alcoholic Beverage,Spirits,1L bottle,7,44.71,312.97,0.0,312.97
PO-00142,4,FRZ-002,Frozen Corn,Frozen/Refrigerated Goods,Frozen Vegetable,20 lb case,4,24.07,96.28,0.0,96.28
PO-00142,5,FRZ-027,"Spring Rolls, Vegetable",Frozen/Refrigerated Goods,Frozen Appetizer,case of 100,5,62.54,312.7,0.0,312.7
PO-00142,6,FRZ-024,Frozen Chicken Wings,Frozen/Refrigerated Goods,Frozen Protein,40 lb case,6,101.17,607.02,0.0,607.02
PO-00142,7,SUP-021,"Disposable Gloves, Nitrile",Supplies,Gloves,case of 1000,6,56.73,340.38,0.0,340.38
PO-00143,1,DRY-012,Brown Sugar,Dry Goods & Spices,Sugar,25 lb bag,9,18.19,163.71,0.0,163.71
PO-00143,2,DRY-016,"Paprika, Smoked",Dry Goods & Spices,Spice,1 lb bag,10,10.31,103.1,0.0,103.1
PO-00143,3,PRD-020,"Ginger, Fresh",Produce & Meat,Produce,10 lb case,1,30.41,30.41,0.0,30.41
PO-00143,4,LIQ-021,Crushed Tomatoes,Liquids/Pastes/Sauces,Canned Tomato,#10 can,9,10.66,95.94,0.0,95.94
PO-00143,5,ALC-018,"Bourbon, Premium",Alcoholic Beverage,Spirits,750ml bottle,6,45.15,270.9,0.0,270.9
PO-00143,6,SUP-014,Glass Cleaner,Supplies,Cleaning,1 gal jug,10,16.25,162.5,0.0,162.5
PO-00143,7,PRD-025,"Bacon, Sliced",Produce & Meat,Meat,15 lb case,8,68.61,548.88,0.0,548.88
PO-00144,1,SUP-007,"Plastic Cutlery, Forks",Supplies,Disposable,box of 1000,9,18.37,165.33,4.89,160.44
PO-00144,2,PRD-028,Ground Pork,Produce & Meat,Meat,case,10,3.9,39.0,0.0,39.0
PO-00144,3,LIQ-022,Diced Tomatoes,Liquids/Pastes/Sauces,Canned Tomato,#10 can,8,9.02,72.16,0.0,72.16
PO-00144,4,PRD-007,"Bell Peppers, Red",Produce & Meat,Produce,25 lb case,8,40.28,322.24,0.0,322.24
PO-00145,1,FRZ-002,Frozen Corn,Frozen/Refrigerated Goods,Frozen Vegetable,20 lb case,9,24.1,216.9,0.0,216.9
PO-00145,2,FRZ-009,Pizza Dough Balls,Frozen/Refrigerated Goods,Frozen Bread,case of 40,5,38.69,193.45,0.0,193.45
PO-00145,3,FRZ-005,"French Fries, Straight Cut",Frozen/Refrigerated Goods,Frozen Potato,30 lb case,7,33.7,235.9,0.0,235.9
PO-00145,4,NAB-013,"Drip Coffee, Medium Roast",Non-Alcoholic Beverage,Coffee,2 lb bag,2,16.53,33.06,0.0,33.06
PO-00145,5,LIQ-015,Caesar Dressing,Liquids/Pastes/Sauces,Sauce,1 gal jug,4,18.94,75.76,0.0,75.76
PO-00146,1,DRY-024,Baking Powder,Dry Goods & Spices,Baking,10 lb can,4,19.87,79.48,0.0,79.48
PO-00146,2,DRY-010,"Pinto Beans, Dry",Dry Goods & Spices,Legume,25 lb bag,2,21.62,43.24,0.0,43.24
PO-00146,3,ALC-021,"Whiskey, Rye",Alcoholic Beverage,Spirits,750ml bottle,4,37.66,150.64,0.0,150.64
PO-00146,4,ALC-009,Sauvignon Blanc,Alcoholic Beverage,Wine,case of 12,7,102.79,719.53,16.25,703.28
PO-00146,5,PRD-012,Carrots,Produce & Meat,Produce,25 lb bag,3,24.82,74.46,3.78,70.68
PO-00146,6,ALC-024,Coffee Liqueur,Alcoholic Beverage,Liqueur,750ml bottle,3,26.71,80.13,2.84,77.29
PO-00146,7,FRZ-013,Frozen Mixed Berries,Frozen/Refrigerated Goods,Frozen Fruit,10 lb bag,7,33.24,232.68,0.0,232.68
PO-00146,8,LIQ-011,BBQ Sauce,Liquids/Pastes/Sauces,Sauce,1 gal jug,1,16.73,16.73,0.0,16.73
PO-00147,1,SUP-005,"Napkins, Dinner",Supplies,Disposable,case of 3000,6,31.47,188.82,0.0,188.82
PO-00147,2,DRY-015,"Black Pepper, Ground",Dry Goods & Spices,Spice,1 lb bag,2,13.94,27.88,0.0,27.88
PO-00147,3,FRZ-007,"Hash Browns, Shredded",Frozen/Refrigerated Goods,Frozen Potato,20 lb case,2,27.31,54.62,2.81,51.81
PO-00147,4,FRZ-030,"Pie Crust, Frozen 9in",Frozen/Refrigerated Goods,Frozen Dessert,case of 24,7,34.01,238.07,0.0,238.07
PO-00148,1,PRD-025,"Bacon, Sliced",Produce & Meat,Meat,15 lb case,1,70.35,70.35,0.0,70.35
PO-00148,2,ALC-024,Coffee Liqueur,Alcoholic Beverage,Liqueur,750ml bottle,7,26.42,184.94,0.0,184.94
PO-00148,3,ALC-018,"Bourbon, Premium",Alcoholic Beverage,Spirits,750ml bottle,1,43.37,43.37,0.0,43.37
PO-00148,4,FRZ-011,Chocolate Ice Cream,Frozen/Refrigerated Goods,Frozen Dessert,3 gal tub,8,28.23,225.84,0.0,225.84
PO-00148,5,PRD-011,"Potatoes, Russet",Produce & Meat,Produce,50 lb bag,10,31.77,317.7,0.0,317.7
PO-00148,6,DRY-004,"White Rice, Long Grain",Dry Goods & Spices,Grain,50 lb bag,10,36.93,369.3,10.35,358.95
PO-00148,7,LIQ-014,Ranch Dressing,Liquids/Pastes/Sauces,Sauce,1 gal jug,4,20.07,80.28,0.0,80.28
PO-00149,1,NAB-001,Coca-Cola Syrup BIB,Non-Alcoholic Beverage,Soda,5 gal bag-in-box,9,64.45,580.05,11.85,568.2
PO-00149,2,PRD-021,"Ground Beef, 80/20",Produce & Meat,Meat,case,6,5.17,31.02,0.0,31.02
PO-00149,3,PRD-023,"Chicken Thighs, Boneless",Produce & Meat,Meat,case,7,3.74,26.18,0.0,26.18
PO-00149,4,PRD-028,Ground Pork,Produce & Meat,Meat,case,9,3.77,33.93,0.0,33.93
PO-00150,1,PRD-019,"Basil, Fresh",Produce & Meat,Produce,case of 12 bunches,7,23.48,164.36,0.0,164.36
PO-00150,2,DRY-011,Granulated Sugar,Dry Goods & Spices,Sugar,50 lb bag,2,26.01,52.02,0.0,52.02
PO-00150,3,LIQ-008,Soy Sauce,Liquids/Pastes/Sauces,Sauce,1 gal jug,3,12.62,37.86,1.91,35.95
PO-00150,4,SUP-026,Hand Soap,Supplies,Chemical,1 gal jug,9,16.7,150.3,0.0,150.3
PO-00150,5,FRZ-017,"Parmesan, Grated",Frozen/Refrigerated Goods,Dairy,5 lb bag,1,35.0,35.0,0.0,35.0
PO-00150,6,DRY-003,Cornmeal,Dry Goods & Spices,Flour,25 lb bag,1,17.7,17.7,0.0,17.7
PO-00150,7,FRZ-021,Sour Cream,Frozen/Refrigerated Goods,Dairy,5 lb tub,8,15.82,126.56,0.0,126.56
PO-00151,1,SUP-016,"Toilet Paper, Roll",Supplies,Paper Goods,case of 48,5,43.61,218.05,0.0,218.05
PO-00151,2,FRZ-004,"Frozen Spinach, Chopped",Frozen/Refrigerated Goods,Frozen Vegetable,20 lb case,3,26.56,79.68,0.0,79.68
PO-00151,3,LIQ-017,Tomato Paste,Liquids/Pastes/Sauces,Paste,#10 can,4,12.17,48.68,0.0,48.68
PO-00152,1,PRD-013,Celery,Produce & Meat,Produce,case of 30,3,30.41,91.23,3.34,87.89
PO-00152,2,NAB-028,Cold Brew Concentrate,Non-Alcoholic Beverage,Coffee,gallon,7,20.31,142.17,0.0,142.17
PO-00152,3,DRY-016,"Paprika, Smoked",Dry Goods & Spices,Spice,1 lb bag,1,9.7,9.7,0.0,9.7
PO-00152,4,ALC-022,"Scotch, Blended",Alcoholic Beverage,Spirits,750ml bottle,2,28.27,56.54,0.0,56.54
PO-00153,1,LIQ-026,"Vegetable Stock, Liquid",Liquids/Pastes/Sauces,Stock/Broth,1 gal jug,2,16.1,32.2,0.0,32.2
PO-00153,2,NAB-001,Coca-Cola Syrup BIB,Non-Alcoholic Beverage,Soda,5 gal bag-in-box,2,66.71,133.42,0.0,133.42
PO-00153,3,DRY-019,Garlic Powder,Dry Goods & Spices,Spice,1 lb bag,9,8.82,79.38,0.0,79.38
PO-00153,4,ALC-001,Domestic Draft Lager Keg,Alcoholic Beverage,Beer,1/2 barrel keg,8,114.71,917.68,0.0,917.68
PO-00153,5,FRZ-029,Frozen Diced Onions,Frozen/Refrigerated Goods,Frozen Vegetable,20 lb case,4,26.59,106.36,0.0,106.36
PO-00153,6,LIQ-014,Ranch Dressing,Liquids/Pastes/Sauces,Sauce,1 gal jug,8,21.05,168.4,0.0,168.4
PO-00154,1,ALC-030,"Vermouth, Dry",Alcoholic Beverage,Liqueur,1L bottle,2,12.12,24.24,0.0,24.24
PO-00154,2,LIQ-001,Canola Oil,Liquids/Pastes/Sauces,Oil,35 lb jug,6,43.65,261.9,19.87,242.03
PO-00154,3,LIQ-009,Hot Sauce,Liquids/Pastes/Sauces,Sauce,1 gal jug,6,23.64,141.84,0.0,141.84
PO-00154,4,NAB-001,Coca-Cola Syrup BIB,Non-Alcoholic Beverage,Soda,5 gal bag-in-box,3,68.29,204.87,0.0,204.87
PO-00154,5,PRD-021,"Ground Beef, 80/20",Produce & Meat,Meat,case,4,5.18,20.72,0.0,20.72
PO-00154,6,ALC-011,Rosé,Alcoholic Beverage,Wine,case of 12,4,85.77,343.08,0.0,343.08
PO-00155,1,NAB-021,Oat Milk,Non-Alcoholic Beverage,Milk/Dairy Bev,32 oz carton,8,6.14,49.12,0.0,49.12
PO-00155,2,NAB-017,Herbal Chamomile Tea Bags,Non-Alcoholic Beverage,Tea,box of 100,9,17.08,153.72,0.0,153.72
PO-00155,3,LIQ-028,Alfredo Sauce,Liquids/Pastes/Sauces,Sauce,4 lb tub,6,18.42,110.52,0.0,110.52
PO-00156,1,FRZ-007,"Hash Browns, Shredded",Frozen/Refrigerated Goods,Frozen Potato,20 lb case,3,28.63,85.89,0.0,85.89
PO-00156,2,LIQ-016,"Vinaigrette, Balsamic",Liquids/Pastes/Sauces,Sauce,1 gal jug,9,20.7,186.3,0.0,186.3
PO-00156,3,PRD-002,Iceberg Lettuce,Produce & Meat,Produce,case of 24 heads,1,27.84,27.84,0.0,27.84
PO-00156,4,NAB-015,Black Tea Bags,Non-Alcoholic Beverage,Tea,box of 100,2,15.13,30.26,0.0,30.26
PO-00156,5,LIQ-021,Crushed Tomatoes,Liquids/Pastes/Sauces,Canned Tomato,#10 can,5,10.73,53.65,0.0,53.65
PO-00156,6,DRY-028,Seasoned Bread Crumbs,Dry Goods & Spices,Breading,25 lb case,5,29.47,147.35,0.0,147.35
PO-00156,7,FRZ-003,Frozen Broccoli Florets,Frozen/Refrigerated Goods,Frozen Vegetable,20 lb case,6,30.01,180.06,0.0,180.06
PO-00157,1,LIQ-016,"Vinaigrette, Balsamic",Liquids/Pastes/Sauces,Sauce,1 gal jug,9,21.09,189.81,0.0,189.81
PO-00157,2,ALC-019,"Rum, White",Alcoholic Beverage,Spirits,1.75L bottle,2,19.02,38.04,0.0,38.04
PO-00157,3,LIQ-021,Crushed Tomatoes,Liquids/Pastes/Sauces,Canned Tomato,#10 can,5,10.14,50.7,0.0,50.7
PO-00157,4,PRD-002,Iceberg Lettuce,Produce & Meat,Produce,case of 24 heads,8,27.67,221.36,0.0,221.36
PO-00157,5,DRY-027,Panko Bread Crumbs,Dry Goods & Spices,Breading,25 lb case,6,32.98,197.88,0.0,197.88
PO-00157,6,SUP-021,"Disposable Gloves, Nitrile",Supplies,Gloves,case of 1000,5,59.4,297.0,0.0,297.0
PO-00158,1,NAB-027,Sparkling Lemon Water 12oz,Non-Alcoholic Beverage,Bottled Water,case of 24,6,17.22,103.32,0.0,103.32
PO-00158,2,FRZ-026,Mozzarella Sticks,Frozen/Refrigerated Goods,Frozen Appetizer,case of 240,7,58.28,407.96,0.0,407.96
PO-00158,3,PRD-027,Ribeye Steak,Produce & Meat,Meat,case,3,18.56,55.68,0.0,55.68
PO-00158,4,DRY-030,Sliced Almonds,Dry Goods & Spices,Nuts/Seeds,5 lb bag,5,29.18,145.9,0.0,145.9
PO-00158,5,LIQ-012,Buffalo Wing Sauce,Liquids/Pastes/Sauces,Sauce,1 gal jug,7,21.63,151.41,0.0,151.41
PO-00158,6,ALC-019,"Rum, White",Alcoholic Beverage,Spirits,1.75L bottle,6,19.81,118.86,0.0,118.86
PO-00159,1,SUP-004,"Paper Bags, Kraft",Supplies,To-Go,case of 500,2,32.26,64.52,4.69,59.83
PO-00159,2,SUP-001,"To-Go Containers, 32oz",Supplies,To-Go,case of 150,1,36.59,36.59,0.0,36.59
PO-00159,3,NAB-023,Root Beer Syrup BIB,Non-Alcoholic Beverage,Soda,5 gal bag-in-box,2,58.41,116.82,6.67,110.15
PO-00159,4,DRY-018,Chili Powder,Dry Goods & Spices,Spice,1 lb bag,7,8.88,62.16,0.0,62.16
PO-00159,5,DRY-007,"Spaghetti, Dry",Dry Goods & Spices,Pasta,20 lb case,5,20.3,101.5,0.0,101.5
PO-00160,1,DRY-016,"Paprika, Smoked",Dry Goods & Spices,Spice,1 lb bag,9,9.94,89.46,0.0,89.46
PO-00160,2,SUP-007,"Plastic Cutlery, Forks",Supplies,Disposable,box of 1000,10,19.2,192.0,0.0,192.0
PO-00160,3,DRY-007,"Spaghetti, Dry",Dry Goods & Spices,Pasta,20 lb case,9,21.12,190.08,0.0,190.08
PO-00160,4,LIQ-002,"Olive Oil, Extra Virgin",Liquids/Pastes/Sauces,Oil,3 L tin,9,25.82,232.38,0.0,232.38
PO-00160,5,FRZ-006,Tater Tots,Frozen/Refrigerated Goods,Frozen Potato,30 lb case,5,29.69,148.45,0.0,148.45
PO-00160,6,PRD-003,"Tomatoes, Roma",Produce & Meat,Produce,25 lb case,5,35.74,178.7,9.18,169.52
PO-00160,7,ALC-027,Non-Alcoholic Beer,Alcoholic Beverage,Beer,case of 24,3,36.11,108.33,0.0,108.33
PO-00160,8,PRD-016,Jalapeños,Produce & Meat,Produce,10 lb case,1,17.85,17.85,0.0,17.85
PO-00161,1,ALC-030,"Vermouth, Dry",Alcoholic Beverage,Liqueur,1L bottle,7,12.01,84.07,0.0,84.07
PO-00161,2,NAB-028,Cold Brew Concentrate,Non-Alcoholic Beverage,Coffee,gallon,2,19.95,39.9,0.0,39.9
PO-00161,3,DRY-008,"Penne, Dry",Dry Goods & Spices,Pasta,20 lb case,10,17.95,179.5,0.0,179.5
PO-00161,4,FRZ-009,Pizza Dough Balls,Frozen/Refrigerated Goods,Frozen Bread,case of 40,5,40.32,201.6,0.0,201.6
PO-00161,5,SUP-023,Food Storage Containers,Supplies,Storage,case of 100,5,36.95,184.75,0.0,184.75
PO-00161,6,DRY-006,Quinoa,Dry Goods & Spices,Grain,10 lb bag,3,30.56,91.68,2.44,89.24
PO-00161,7,NAB-029,Half & Half,Non-Alcoholic Beverage,Milk/Dairy Bev,quart,8,4.75,38.0,0.0,38.0
PO-00162,1,FRZ-007,"Hash Browns, Shredded",Frozen/Refrigerated Goods,Frozen Potato,20 lb case,8,26.99,215.92,0.0,215.92
PO-00162,2,ALC-016,"Tequila, Reposado Premium",Alcoholic Beverage,Spirits,1L bottle,3,44.33,132.99,4.39,128.6
PO-00162,3,LIQ-023,Tomato Puree,Liquids/Pastes/Sauces,Canned Tomato,#10 can,8,8.08,64.64,0.0,64.64
PO-00163,1,LIQ-009,Hot Sauce,Liquids/Pastes/Sauces,Sauce,1 gal jug,5,22.97,114.85,0.0,114.85
PO-00163,2,DRY-027,Panko Bread Crumbs,Dry Goods & Spices,Breading,25 lb case,2,34.9,69.8,0.0,69.8
PO-00163,3,NAB-025,Grapefruit Juice,Non-Alcoholic Beverage,Juice,46 oz can,7,5.81,40.67,0.0,40.67
PO-00164,1,SUP-010,"Dish Soap, Concentrate",Supplies,Cleaning,1 gal jug,9,26.23,236.07,0.0,236.07
PO-00164,2,DRY-030,Sliced Almonds,Dry Goods & Spices,Nuts/Seeds,5 lb bag,5,29.0,145.0,0.0,145.0
PO-00164,3,FRZ-012,"Cheesecake, Uncut",Frozen/Refrigerated Goods,Frozen Dessert,10 inch,4,20.45,81.8,0.0,81.8
PO-00164,4,ALC-029,Mezcal,Alcoholic Beverage,Spirits,750ml bottle,7,40.65,284.55,0.0,284.55
PO-00164,5,SUP-008,"Plastic Cutlery, Spoons",Supplies,Disposable,box of 1000,5,16.67,83.35,0.0,83.35
PO-00164,6,NAB-024,Club Soda Canister,Non-Alcoholic Beverage,Soda,5 gal canister,4,15.96,63.84,1.44,62.4
PO-00165,1,LIQ-007,Rice Wine Vinegar,Liquids/Pastes/Sauces,Vinegar,1 gal jug,2,19.96,39.92,1.36,38.56
PO-00165,2,ALC-003,"Mexican Lager, Bottled",Alcoholic Beverage,Beer,case of 24,6,41.9,251.4,0.0,251.4
PO-00165,3,PRD-026,NY Strip Steak,Produce & Meat,Meat,case,4,15.14,60.56,2.58,57.98
PO-00165,4,ALC-024,Coffee Liqueur,Alcoholic Beverage,Liqueur,750ml bottle,5,26.29,131.45,0.0,131.45
PO-00165,5,LIQ-006,Balsamic Vinegar,Liquids/Pastes/Sauces,Vinegar,1 gal jug,8,25.47,203.76,0.0,203.76
PO-00165,6,ALC-007,"Chardonnay, House White",Alcoholic Beverage,Wine,case of 12,8,83.47,667.76,0.0,667.76
PO-00165,7,LIQ-011,BBQ Sauce,Liquids/Pastes/Sauces,Sauce,1 gal jug,6,16.1,96.6,0.0,96.6
PO-00166,1,PRD-014,"Mushrooms, White Button",Produce & Meat,Produce,10 lb case,10,34.8,348.0,0.0,348.0
PO-00166,2,SUP-024,Container Lids,Supplies,Storage,case of 100,4,25.48,101.92,0.0,101.92
PO-00166,3,NAB-008,Cranberry Juice Cocktail,Non-Alcoholic Beverage,Juice,gallon,9,8.71,78.39,0.0,78.39
PO-00166,4,PRD-023,"Chicken Thighs, Boneless",Produce & Meat,Meat,case,8,3.77,30.16,0.0,30.16
PO-00166,5,DRY-014,Kosher Salt,Dry Goods & Spices,Spice,25 lb bag,5,9.94,49.7,0.0,49.7
PO-00167,1,SUP-007,"Plastic Cutlery, Forks",Supplies,Disposable,box of 1000,2,18.98,37.96,2.22,35.74
PO-00167,2,NAB-004,Ginger Ale Syrup BIB,Non-Alcoholic Beverage,Soda,5 gal bag-in-box,8,66.07,528.56,0.0,528.56
PO-00167,3,ALC-004,"Wheat Beer, Bottled",Alcoholic Beverage,Beer,case of 24,5,33.57,167.85,5.58,162.27
PO-00167,4,NAB-012,"Espresso Beans, Dark Roast",Non-Alcoholic Beverage,Coffee,5 lb bag,1,43.78,43.78,0.0,43.78
PO-00168,1,DRY-025,Baking Soda,Dry Goods & Spices,Baking,12 lb box,7,10.87,76.09,0.0,76.09
PO-00168,2,FRZ-019,"Butter, Unsalted",Frozen/Refrigerated Goods,Dairy,36 lb case,1,113.64,113.64,0.0,113.64
PO-00168,3,PRD-008,Avocados,Produce & Meat,Produce,case of 48,1,64.8,64.8,0.0,64.8
PO-00169,1,DRY-010,"Pinto Beans, Dry",Dry Goods & Spices,Legume,25 lb bag,9,22.12,199.08,0.0,199.08
PO-00169,2,LIQ-030,Honey,Liquids/Pastes/Sauces,Honey/Syrup,5 lb jug,10,18.42,184.2,0.0,184.2
PO-00169,3,FRZ-026,Mozzarella Sticks,Frozen/Refrigerated Goods,Frozen Appetizer,case of 240,7,57.39,401.73,0.0,401.73
PO-00169,4,DRY-002,Bread Flour,Dry Goods & Spices,Flour,50 lb bag,3,23.75,71.25,0.0,71.25
PO-00169,5,SUP-010,"Dish Soap, Concentrate",Supplies,Cleaning,1 gal jug,3,25.61,76.83,0.0,76.83
PO-00169,6,LIQ-029,Sriracha,Liquids/Pastes/Sauces,Sauce,1 gal jug,6,23.61,141.66,0.0,141.66
PO-00169,7,SUP-030,"Menu Paper, Cardstock",Supplies,Menu/Marketing,ream of 500,6,20.25,121.5,0.0,121.5
PO-00169,8,ALC-029,Mezcal,Alcoholic Beverage,Spirits,750ml bottle,7,41.38,289.66,0.0,289.66
PO-00170,1,SUP-016,"Toilet Paper, Roll",Supplies,Paper Goods,case of 48,5,43.91,219.55,0.0,219.55
PO-00170,2,DRY-018,Chili Powder,Dry Goods & Spices,Spice,1 lb bag,5,9.29,46.45,3.67,42.78
PO-00170,3,FRZ-001,Frozen Peas,Frozen/Refrigerated Goods,Frozen Vegetable,20 lb case,6,24.34,146.04,10.12,135.92
PO-00170,4,FRZ-013,Frozen Mixed Berries,Frozen/Refrigerated Goods,Frozen Fruit,10 lb bag,5,34.99,174.95,0.0,174.95
PO-00170,5,PRD-017,Cucumbers,Produce & Meat,Produce,case of 24,10,20.31,203.1,0.0,203.1
PO-00170,6,FRZ-004,"Frozen Spinach, Chopped",Frozen/Refrigerated Goods,Frozen Vegetable,20 lb case,1,25.39,25.39,0.0,25.39
PO-00170,7,NAB-009,Pineapple Juice,Non-Alcoholic Beverage,Juice,46 oz can,5,4.25,21.25,0.0,21.25
PO-00171,1,SUP-004,"Paper Bags, Kraft",Supplies,To-Go,case of 500,8,32.54,260.32,0.0,260.32
PO-00171,2,NAB-023,Root Beer Syrup BIB,Non-Alcoholic Beverage,Soda,5 gal bag-in-box,10,59.37,593.7,0.0,593.7
PO-00171,3,FRZ-025,Frozen Salmon Fillets,Frozen/Refrigerated Goods,Frozen Protein,10 lb box,5,93.17,465.85,31.91,433.94
PO-00171,4,SUP-017,Butcher Paper Roll,Supplies,Paper Goods,roll,1,30.41,30.41,0.0,30.41
PO-00172,1,PRD-012,Carrots,Produce & Meat,Produce,25 lb bag,1,24.16,24.16,0.0,24.16
PO-00172,2,SUP-007,"Plastic Cutlery, Forks",Supplies,Disposable,box of 1000,6,19.13,114.78,0.0,114.78
PO-00172,3,PRD-010,Lemons,Produce & Meat,Produce,case of 165,1,38.06,38.06,0.0,38.06
PO-00172,4,NAB-007,Orange Juice Concentrate,Non-Alcoholic Beverage,Juice,gallon,8,12.3,98.4,0.0,98.4
PO-00172,5,SUP-024,Container Lids,Supplies,Storage,case of 100,2,24.99,49.98,0.0,49.98
PO-00172,6,PRD-027,Ribeye Steak,Produce & Meat,Meat,case,7,18.98,132.86,5.34,127.52
PO-00172,7,DRY-020,Onion Powder,Dry Goods & Spices,Spice,1 lb bag,1,9.29,9.29,0.0,9.29
PO-00172,8,NAB-028,Cold Brew Concentrate,Non-Alcoholic Beverage,Coffee,gallon,7,20.03,140.21,0.0,140.21
PO-00173,1,SUP-020,Aluminum Foil Roll,Supplies,Wrap/Film,roll,5,29.71,148.55,0.0,148.55
PO-00173,2,SUP-012,Sanitizer Solution,Supplies,Cleaning,1 gal jug,10,17.7,177.0,10.67,166.33
PO-00173,3,ALC-029,Mezcal,Alcoholic Beverage,Spirits,750ml bottle,6,41.43,248.58,0.0,248.58
PO-00173,4,PRD-002,Iceberg Lettuce,Produce & Meat,Produce,case of 24 heads,1,26.9,26.9,0.0,26.9
PO-00173,5,LIQ-021,Crushed Tomatoes,Liquids/Pastes/Sauces,Canned Tomato,#10 can,6,10.26,61.56,0.0,61.56
PO-00173,6,DRY-004,"White Rice, Long Grain",Dry Goods & Spices,Grain,50 lb bag,8,37.22,297.76,0.0,297.76
PO-00174,1,NAB-026,Tomato Juice,Non-Alcoholic Beverage,Juice,46 oz can,2,4.57,9.14,0.0,9.14
PO-00174,2,ALC-021,"Whiskey, Rye",Alcoholic Beverage,Spirits,750ml bottle,6,37.63,225.78,0.0,225.78
PO-00174,3,LIQ-026,"Vegetable Stock, Liquid",Liquids/Pastes/Sauces,Stock/Broth,1 gal jug,4,16.82,67.28,0.0,67.28
PO-00174,4,ALC-005,Light Lager Draft Keg,Alcoholic Beverage,Beer,1/2 barrel keg,9,96.96,872.64,0.0,872.64
PO-00174,5,SUP-013,Bleach,Supplies,Cleaning,1 gal jug,3,7.98,23.94,0.0,23.94
PO-00174,6,SUP-005,"Napkins, Dinner",Supplies,Disposable,case of 3000,7,33.1,231.7,0.0,231.7
PO-00174,7,DRY-015,"Black Pepper, Ground",Dry Goods & Spices,Spice,1 lb bag,1,14.04,14.04,0.0,14.04
PO-00174,8,NAB-010,Lemon Juice (bottled),Non-Alcoholic Beverage,Juice,32 oz bottle,4,4.45,17.8,0.0,17.8
PO-00175,1,PRD-011,"Potatoes, Russet",Produce & Meat,Produce,50 lb bag,7,31.48,220.36,0.0,220.36
PO-00175,2,SUP-016,"Toilet Paper, Roll",Supplies,Paper Goods,case of 48,2,42.43,84.86,0.0,84.86
PO-00175,3,DRY-026,Cocoa Powder,Dry Goods & Spices,Baking,5 lb bag,10,21.2,212.0,0.0,212.0
PO-00175,4,ALC-024,Coffee Liqueur,Alcoholic Beverage,Liqueur,750ml bottle,9,24.9,224.1,0.0,224.1
PO-00175,5,NAB-003,Sprite Syrup BIB,Non-Alcoholic Beverage,Soda,5 gal bag-in-box,1,68.95,68.95,5.19,63.76
PO-00176,1,PRD-007,"Bell Peppers, Red",Produce & Meat,Produce,25 lb case,9,44.31,398.79,0.0,398.79
PO-00176,2,ALC-030,"Vermouth, Dry",Alcoholic Beverage,Liqueur,1L bottle,5,11.89,59.45,0.0,59.45
PO-00176,3,LIQ-030,Honey,Liquids/Pastes/Sauces,Honey/Syrup,5 lb jug,1,19.93,19.93,0.0,19.93
PO-00176,4,ALC-017,"Bourbon, Well",Alcoholic Beverage,Spirits,1.75L bottle,4,31.34,125.36,0.0,125.36
PO-00176,5,ALC-008,Pinot Noir,Alcoholic Beverage,Wine,case of 12,3,136.16,408.48,17.54,390.94
PO-00177,1,LIQ-017,Tomato Paste,Liquids/Pastes/Sauces,Paste,#10 can,3,11.88,35.64,0.0,35.64
PO-00177,2,DRY-030,Sliced Almonds,Dry Goods & Spices,Nuts/Seeds,5 lb bag,4,30.28,121.12,0.0,121.12
PO-00177,3,FRZ-013,Frozen Mixed Berries,Frozen/Refrigerated Goods,Frozen Fruit,10 lb bag,9,33.68,303.12,0.0,303.12
PO-00177,4,LIQ-009,Hot Sauce,Liquids/Pastes/Sauces,Sauce,1 gal jug,3,23.53,70.59,0.0,70.59
PO-00177,5,ALC-012,"Vodka, Well",Alcoholic Beverage,Spirits,1.75L bottle,3,25.17,75.51,0.0,75.51
PO-00178,1,DRY-023,"Cinnamon, Ground",Dry Goods & Spices,Spice,1 lb bag,4,9.09,36.36,1.13,35.23
PO-00178,2,DRY-005,Jasmine Rice,Dry Goods & Spices,Grain,50 lb bag,10,34.83,348.3,0.0,348.3
PO-00178,3,FRZ-006,Tater Tots,Frozen/Refrigerated Goods,Frozen Potato,30 lb case,10,31.29,312.9,0.0,312.9
PO-00178,4,PRD-016,Jalapeños,Produce & Meat,Produce,10 lb case,1,17.43,17.43,0.0,17.43
PO-00178,5,PRD-012,Carrots,Produce & Meat,Produce,25 lb bag,8,25.1,200.8,14.21,186.59
PO-00178,6,PRD-030,"Shrimp, Fresh 16/20",Produce & Meat,Seafood,case,6,11.79,70.74,0.0,70.74
PO-00179,1,DRY-008,"Penne, Dry",Dry Goods & Spices,Pasta,20 lb case,2,18.91,37.82,0.0,37.82
PO-00179,2,NAB-029,Half & Half,Non-Alcoholic Beverage,Milk/Dairy Bev,quart,8,4.99,39.92,0.0,39.92
PO-00179,3,PRD-009,Limes,Produce & Meat,Produce,case of 200,6,39.58,237.48,0.0,237.48
PO-00179,4,PRD-002,Iceberg Lettuce,Produce & Meat,Produce,case of 24 heads,7,28.38,198.66,0.0,198.66
PO-00179,5,NAB-028,Cold Brew Concentrate,Non-Alcoholic Beverage,Coffee,gallon,7,19.58,137.06,0.0,137.06
PO-00180,1,PRD-030,"Shrimp, Fresh 16/20",Produce & Meat,Seafood,case,9,11.9,107.1,0.0,107.1
PO-00180,2,SUP-011,"Degreaser, Kitchen",Supplies,Cleaning,1 gal jug,4,21.94,87.76,0.0,87.76
PO-00180,3,LIQ-019,Ginger Paste,Liquids/Pastes/Sauces,Paste,4 lb tub,5,17.99,89.95,0.0,89.95
PO-00180,4,NAB-019,Gatorade Fruit Punch,Non-Alcoholic Beverage,Energy/Sports,case of 24,3,21.34,64.02,0.0,64.02
PO-00181,1,NAB-020,Whole Milk,Non-Alcoholic Beverage,Milk/Dairy Bev,half gallon,9,2.83,25.47,1.14,24.33
PO-00181,2,SUP-016,"Toilet Paper, Roll",Supplies,Paper Goods,case of 48,3,42.73,128.19,0.0,128.19
PO-00181,3,LIQ-008,Soy Sauce,Liquids/Pastes/Sauces,Sauce,1 gal jug,4,13.19,52.76,0.0,52.76
PO-00181,4,NAB-023,Root Beer Syrup BIB,Non-Alcoholic Beverage,Soda,5 gal bag-in-box,6,55.88,335.28,0.0,335.28
PO-00181,5,ALC-025,Amaretto,Alcoholic Beverage,Liqueur,750ml bottle,3,22.4,67.2,0.0,67.2
PO-00181,6,LIQ-012,Buffalo Wing Sauce,Liquids/Pastes/Sauces,Sauce,1 gal jug,2,20.59,41.18,0.0,41.18
PO-00182,1,LIQ-015,Caesar Dressing,Liquids/Pastes/Sauces,Sauce,1 gal jug,3,19.88,59.64,0.0,59.64
PO-00182,2,NAB-018,Red Bull 8.4oz,Non-Alcoholic Beverage,Energy/Sports,case of 24,1,35.74,35.74,0.0,35.74
PO-00182,3,SUP-006,"Straws, Wrapped",Supplies,Disposable,box of 500,8,9.49,75.92,0.0,75.92
PO-00182,4,DRY-007,"Spaghetti, Dry",Dry Goods & Spices,Pasta,20 lb case,3,20.16,60.48,0.0,60.48
PO-00182,5,FRZ-025,Frozen Salmon Fillets,Frozen/Refrigerated Goods,Frozen Protein,10 lb box,5,92.28,461.4,23.0,438.4
PO-00182,6,PRD-021,"Ground Beef, 80/20",Produce & Meat,Meat,case,1,5.09,5.09,0.0,5.09
PO-00182,7,PRD-029,"Salmon Fillet, Fresh",Produce & Meat,Seafood,case,4,13.33,53.32,0.0,53.32
PO-00183,1,SUP-018,Parchment Paper Sheets,Supplies,Paper Goods,box of 1000,1,39.11,39.11,0.0,39.11
PO-00183,2,SUP-020,Aluminum Foil Roll,Supplies,Wrap/Film,roll,1,29.09,29.09,0.0,29.09
PO-00183,3,PRD-002,Iceberg Lettuce,Produce & Meat,Produce,case of 24 heads,5,28.24,141.2,0.0,141.2
PO-00183,4,ALC-029,Mezcal,Alcoholic Beverage,Spirits,750ml bottle,2,40.03,80.06,0.0,80.06
PO-00183,5,NAB-015,Black Tea Bags,Non-Alcoholic Beverage,Tea,box of 100,5,14.82,74.1,0.0,74.1
PO-00184,1,LIQ-003,Vegetable Oil,Liquids/Pastes/Sauces,Oil,35 lb jug,2,40.6,81.2,0.0,81.2
PO-00184,2,LIQ-005,White Vinegar,Liquids/Pastes/Sauces,Vinegar,1 gal jug,2,7.56,15.12,0.0,15.12
PO-00184,3,PRD-014,"Mushrooms, White Button",Produce & Meat,Produce,10 lb case,5,32.29,161.45,0.0,161.45
PO-00185,1,PRD-023,"Chicken Thighs, Boneless",Produce & Meat,Meat,case,5,3.93,19.65,0.0,19.65
PO-00185,2,LIQ-030,Honey,Liquids/Pastes/Sauces,Honey/Syrup,5 lb jug,5,19.85,99.25,0.0,99.25
PO-00185,3,LIQ-001,Canola Oil,Liquids/Pastes/Sauces,Oil,35 lb jug,6,44.7,268.2,0.0,268.2
PO-00185,4,NAB-008,Cranberry Juice Cocktail,Non-Alcoholic Beverage,Juice,gallon,8,9.21,73.68,0.0,73.68
PO-00185,5,DRY-027,Panko Bread Crumbs,Dry Goods & Spices,Breading,25 lb case,8,34.24,273.92,0.0,273.92
PO-00185,6,SUP-009,Toothpicks,Supplies,Disposable,box of 1000,4,4.37,17.48,0.0,17.48
PO-00185,7,PRD-021,"Ground Beef, 80/20",Produce & Meat,Meat,case,1,5.33,5.33,0.26,5.07
PO-00186,1,FRZ-023,"Frozen Shrimp, 21/25",Frozen/Refrigerated Goods,Frozen Protein,5 lb bag,5,64.17,320.85,0.0,320.85
PO-00186,2,LIQ-030,Honey,Liquids/Pastes/Sauces,Honey/Syrup,5 lb jug,5,18.35,91.75,0.0,91.75
PO-00186,3,SUP-008,"Plastic Cutlery, Spoons",Supplies,Disposable,box of 1000,1,16.94,16.94,0.68,16.26
PO-00186,4,DRY-002,Bread Flour,Dry Goods & Spices,Flour,50 lb bag,10,24.31,243.1,0.0,243.1
PO-00186,5,NAB-007,Orange Juice Concentrate,Non-Alcoholic Beverage,Juice,gallon,3,11.17,33.51,0.0,33.51
PO-00187,1,LIQ-007,Rice Wine Vinegar,Liquids/Pastes/Sauces,Vinegar,1 gal jug,5,20.56,102.8,0.0,102.8
PO-00187,2,PRD-011,"Potatoes, Russet",Produce & Meat,Produce,50 lb bag,9,32.72,294.48,0.0,294.48
PO-00187,3,LIQ-027,Marinara Sauce,Liquids/Pastes/Sauces,Sauce,#10 can,6,12.9,77.4,0.0,77.4
PO-00187,4,PRD-026,NY Strip Steak,Produce & Meat,Meat,case,6,15.82,94.92,2.75,92.17
PO-00187,5,LIQ-013,Teriyaki Sauce,Liquids/Pastes/Sauces,Sauce,1 gal jug,6,18.87,113.22,0.0,113.22
PO-00187,6,NAB-005,Still Water 16.9oz,Non-Alcoholic Beverage,Bottled Water,case of 24,3,6.96,20.88,0.0,20.88
PO-00188,1,SUP-017,Butcher Paper Roll,Supplies,Paper Goods,roll,3,30.85,92.55,6.21,86.34
PO-00188,2,DRY-015,"Black Pepper, Ground",Dry Goods & Spices,Spice,1 lb bag,2,14.19,28.38,0.0,28.38
PO-00188,3,DRY-026,Cocoa Powder,Dry Goods & Spices,Baking,5 lb bag,8,20.22,161.76,0.0,161.76
PO-00188,4,FRZ-010,Vanilla Ice Cream,Frozen/Refrigerated Goods,Frozen Dessert,3 gal tub,6,25.22,151.32,0.0,151.32
PO-00188,5,DRY-017,"Cumin, Ground",Dry Goods & Spices,Spice,1 lb bag,9,13.5,121.5,0.0,121.5
PO-00188,6,DRY-012,Brown Sugar,Dry Goods & Spices,Sugar,25 lb bag,2,17.2,34.4,0.0,34.4
PO-00189,1,ALC-005,Light Lager Draft Keg,Alcoholic Beverage,Beer,1/2 barrel keg,2,98.27,196.54,0.0,196.54
PO-00189,2,NAB-002,Diet Coke Syrup BIB,Non-Alcoholic Beverage,Soda,5 gal bag-in-box,5,60.85,304.25,19.93,284.32
PO-00189,3,FRZ-021,Sour Cream,Frozen/Refrigerated Goods,Dairy,5 lb tub,4,15.53,62.12,0.0,62.12
PO-00189,4,NAB-019,Gatorade Fruit Punch,Non-Alcoholic Beverage,Energy/Sports,case of 24,5,21.14,105.7,0.0,105.7
PO-00189,5,ALC-003,"Mexican Lager, Bottled",Alcoholic Beverage,Beer,case of 24,2,41.06,82.12,0.0,82.12
PO-00189,6,DRY-011,Granulated Sugar,Dry Goods & Spices,Sugar,50 lb bag,2,24.26,48.52,2.78,45.74
PO-00189,7,FRZ-006,Tater Tots,Frozen/Refrigerated Goods,Frozen Potato,30 lb case,4,31.0,124.0,0.0,124.0
PO-00190,1,DRY-029,Sesame Seeds,Dry Goods & Spices,Nuts/Seeds,5 lb bag,1,20.61,20.61,0.99,19.62
PO-00190,2,LIQ-017,Tomato Paste,Liquids/Pastes/Sauces,Paste,#10 can,2,12.45,24.9,0.0,24.9
PO-00190,3,DRY-030,Sliced Almonds,Dry Goods & Spices,Nuts/Seeds,5 lb bag,7,28.5,199.5,0.0,199.5
PO-00191,1,NAB-021,Oat Milk,Non-Alcoholic Beverage,Milk/Dairy Bev,32 oz carton,8,5.84,46.72,0.0,46.72
PO-00191,2,NAB-016,Green Tea Bags,Non-Alcoholic Beverage,Tea,box of 100,3,15.91,47.73,0.0,47.73
PO-00191,3,SUP-022,"Disposable Gloves, Vinyl",Supplies,Gloves,case of 1000,6,36.59,219.54,0.0,219.54
PO-00191,4,SUP-009,Toothpicks,Supplies,Disposable,box of 1000,6,4.29,25.74,0.0,25.74
PO-00191,5,PRD-004,"Onions, Yellow",Produce & Meat,Produce,50 lb bag,8,25.37,202.96,0.0,202.96
PO-00191,6,DRY-025,Baking Soda,Dry Goods & Spices,Baking,12 lb box,2,9.96,19.92,0.0,19.92
PO-00191,7,NAB-020,Whole Milk,Non-Alcoholic Beverage,Milk/Dairy Bev,half gallon,3,2.7,8.1,0.0,8.1
PO-00192,1,SUP-029,Aluminum Steam Table Pans,Supplies,Small Wares,case of 50,10,55.68,556.8,0.0,556.8
PO-00192,2,NAB-022,"Almond Milk, Unsweetened",Non-Alcoholic Beverage,Milk/Dairy Bev,32 oz carton,9,4.32,38.88,0.0,38.88
PO-00192,3,FRZ-018,Cream Cheese,Frozen/Refrigerated Goods,Dairy,3 lb block,2,12.19,24.38,0.0,24.38
PO-00192,4,LIQ-017,Tomato Paste,Liquids/Pastes/Sauces,Paste,#10 can,10,12.62,126.2,0.0,126.2
PO-00192,5,PRD-019,"Basil, Fresh",Produce & Meat,Produce,case of 12 bunches,10,25.0,250.0,0.0,250.0
PO-00192,6,NAB-006,Sparkling Water 12oz,Non-Alcoholic Beverage,Bottled Water,case of 24,4,17.45,69.8,0.0,69.8
PO-00192,7,DRY-022,"Oregano, Dried",Dry Goods & Spices,Spice,1 lb bag,10,13.47,134.7,0.0,134.7
PO-00192,8,SUP-014,Glass Cleaner,Supplies,Cleaning,1 gal jug,10,15.04,150.4,0.0,150.4
PO-00193,1,PRD-025,"Bacon, Sliced",Produce & Meat,Meat,15 lb case,4,67.0,268.0,0.0,268.0
PO-00193,2,SUP-014,Glass Cleaner,Supplies,Cleaning,1 gal jug,1,16.25,16.25,0.0,16.25
PO-00193,3,DRY-028,Seasoned Bread Crumbs,Dry Goods & Spices,Breading,25 lb case,8,30.68,245.44,0.0,245.44
PO-00193,4,DRY-019,Garlic Powder,Dry Goods & Spices,Spice,1 lb bag,10,8.34,83.4,0.0,83.4
PO-00193,5,FRZ-011,Chocolate Ice Cream,Frozen/Refrigerated Goods,Frozen Dessert,3 gal tub,6,27.59,165.54,0.0,165.54
PO-00193,6,LIQ-021,Crushed Tomatoes,Liquids/Pastes/Sauces,Canned Tomato,#10 can,5,10.92,54.6,0.0,54.6
PO-00193,7,PRD-011,"Potatoes, Russet",Produce & Meat,Produce,50 lb bag,6,33.55,201.3,0.0,201.3
PO-00194,1,LIQ-024,"Chicken Stock, Liquid",Liquids/Pastes/Sauces,Stock/Broth,1 gal jug,10,15.53,155.3,0.0,155.3
PO-00194,2,NAB-015,Black Tea Bags,Non-Alcoholic Beverage,Tea,box of 100,7,15.03,105.21,0.0,105.21
PO-00194,3,SUP-005,"Napkins, Dinner",Supplies,Disposable,case of 3000,4,32.34,129.36,0.0,129.36
PO-00194,4,ALC-026,"Stout, Bottled",Alcoholic Beverage,Beer,case of 24,4,43.84,175.36,0.0,175.36
PO-00194,5,SUP-013,Bleach,Supplies,Cleaning,1 gal jug,6,8.07,48.42,0.0,48.42
PO-00194,6,NAB-009,Pineapple Juice,Non-Alcoholic Beverage,Juice,46 oz can,3,4.25,12.75,0.31,12.44
PO-00194,7,ALC-010,Prosecco,Alcoholic Beverage,Wine,case of 12,8,107.58,860.64,0.0,860.64
PO-00195,1,DRY-023,"Cinnamon, Ground",Dry Goods & Spices,Spice,1 lb bag,7,9.6,67.2,0.0,67.2
PO-00195,2,PRD-010,Lemons,Produce & Meat,Produce,case of 165,10,37.92,379.2,18.92,360.28
PO-00195,3,ALC-017,"Bourbon, Well",Alcoholic Beverage,Spirits,1.75L bottle,9,30.68,276.12,0.0,276.12
PO-00195,4,FRZ-006,Tater Tots,Frozen/Refrigerated Goods,Frozen Potato,30 lb case,10,32.28,322.8,0.0,322.8
PO-00195,5,LIQ-024,"Chicken Stock, Liquid",Liquids/Pastes/Sauces,Stock/Broth,1 gal jug,10,16.39,163.9,0.0,163.9
PO-00195,6,SUP-024,Container Lids,Supplies,Storage,case of 100,10,24.47,244.7,0.0,244.7
PO-00195,7,PRD-003,"Tomatoes, Roma",Produce & Meat,Produce,25 lb case,3,37.32,111.96,0.0,111.96
PO-00196,1,PRD-019,"Basil, Fresh",Produce & Meat,Produce,case of 12 bunches,10,23.94,239.4,0.0,239.4
PO-00196,2,SUP-018,Parchment Paper Sheets,Supplies,Paper Goods,box of 1000,6,38.57,231.42,0.0,231.42
PO-00196,3,PRD-026,NY Strip Steak,Produce & Meat,Meat,case,8,14.48,115.84,0.0,115.84
PO-00196,4,SUP-019,Plastic Wrap Roll,Supplies,Wrap/Film,roll,6,19.88,119.28,0.0,119.28
PO-00196,5,NAB-006,Sparkling Water 12oz,Non-Alcoholic Beverage,Bottled Water,case of 24,5,18.17,90.85,0.0,90.85
PO-00196,6,SUP-029,Aluminum Steam Table Pans,Supplies,Small Wares,case of 50,10,53.3,533.0,0.0,533.0
PO-00197,1,PRD-011,"Potatoes, Russet",Produce & Meat,Produce,50 lb bag,1,32.91,32.91,0.0,32.91
PO-00197,2,DRY-017,"Cumin, Ground",Dry Goods & Spices,Spice,1 lb bag,9,12.64,113.76,7.62,106.14
PO-00197,3,SUP-001,"To-Go Containers, 32oz",Supplies,To-Go,case of 150,10,35.51,355.1,0.0,355.1
PO-00198,1,ALC-006,"Cabernet Sauvignon, House Red",Alcoholic Beverage,Wine,case of 12,9,79.51,715.59,0.0,715.59
PO-00198,2,LIQ-028,Alfredo Sauce,Liquids/Pastes/Sauces,Sauce,4 lb tub,2,17.52,35.04,0.0,35.04
PO-00198,3,FRZ-005,"French Fries, Straight Cut",Frozen/Refrigerated Goods,Frozen Potato,30 lb case,3,33.79,101.37,0.0,101.37
PO-00198,4,DRY-025,Baking Soda,Dry Goods & Spices,Baking,12 lb box,7,10.67,74.69,0.0,74.69
PO-00198,5,ALC-010,Prosecco,Alcoholic Beverage,Wine,case of 12,8,110.1,880.8,0.0,880.8
PO-00198,6,DRY-006,Quinoa,Dry Goods & Spices,Grain,10 lb bag,10,28.54,285.4,0.0,285.4
PO-00198,7,ALC-027,Non-Alcoholic Beer,Alcoholic Beverage,Beer,case of 24,5,34.65,173.25,0.0,173.25
PO-00198,8,FRZ-009,Pizza Dough Balls,Frozen/Refrigerated Goods,Frozen Bread,case of 40,3,38.07,114.21,0.0,114.21
PO-00199,1,SUP-026,Hand Soap,Supplies,Chemical,1 gal jug,9,15.94,143.46,0.0,143.46
PO-00199,2,LIQ-018,Garlic Paste,Liquids/Pastes/Sauces,Paste,4 lb tub,9,15.13,136.17,0.0,136.17
PO-00199,3,NAB-013,"Drip Coffee, Medium Roast",Non-Alcoholic Beverage,Coffee,2 lb bag,7,17.52,122.64,0.0,122.64
PO-00199,4,FRZ-021,Sour Cream,Frozen/Refrigerated Goods,Dairy,5 lb tub,5,15.55,77.75,0.0,77.75
PO-00199,5,LIQ-020,"Curry Paste, Red",Liquids/Pastes/Sauces,Paste,14 oz can,2,6.11,12.22,0.0,12.22
PO-00199,6,LIQ-015,Caesar Dressing,Liquids/Pastes/Sauces,Sauce,1 gal jug,8,19.34,154.72,0.0,154.72
PO-00199,7,PRD-029,"Salmon Fillet, Fresh",Produce & Meat,Seafood,case,10,13.67,136.7,0.0,136.7
PO-00200,1,NAB-020,Whole Milk,Non-Alcoholic Beverage,Milk/Dairy Bev,half gallon,5,2.63,13.15,0.0,13.15
PO-00200,2,FRZ-008,"Dinner Rolls, Par-Baked",Frozen/Refrigerated Goods,Frozen Bread,case of 200,10,37.46,374.6,28.59,346.01
PO-00200,3,SUP-027,Hand Sanitizer,Supplies,Chemical,1 gal jug,4,20.49,81.96,0.0,81.96
PO-00200,4,PRD-002,Iceberg Lettuce,Produce & Meat,Produce,case of 24 heads,2,27.7,55.4,3.12,52.28
PO-00200,5,DRY-025,Baking Soda,Dry Goods & Spices,Baking,12 lb box,10,10.28,102.8,0.0,102.8
PO-00200,6,ALC-030,"Vermouth, Dry",Alcoholic Beverage,Liqueur,1L bottle,2,12.04,24.08,0.0,24.08
PO-00201,1,SUP-014,Glass Cleaner,Supplies,Cleaning,1 gal jug,1,15.29,15.29,0.0,15.29
PO-00201,2,PRD-026,NY Strip Steak,Produce & Meat,Meat,case,1,14.98,14.98,0.0,14.98
PO-00201,3,FRZ-018,Cream Cheese,Frozen/Refrigerated Goods,Dairy,3 lb block,3,12.59,37.77,0.0,37.77
PO-00201,4,DRY-019,Garlic Powder,Dry Goods & Spices,Spice,1 lb bag,4,8.42,33.68,0.0,33.68
PO-00201,5,ALC-001,Domestic Draft Lager Keg,Alcoholic Beverage,Beer,1/2 barrel keg,8,110.2,881.6,46.23,835.37
PO-00201,6,NAB-006,Sparkling Water 12oz,Non-Alcoholic Beverage,Bottled Water,case of 24,10,17.25,172.5,0.0,172.5
PO-00202,1,SUP-017,Butcher Paper Roll,Supplies,Paper Goods,roll,1,31.24,31.24,0.0,31.24
PO-00202,2,FRZ-011,Chocolate Ice Cream,Frozen/Refrigerated Goods,Frozen Dessert,3 gal tub,5,28.9,144.5,0.0,144.5
PO-00202,3,DRY-004,"White Rice, Long Grain",Dry Goods & Spices,Grain,50 lb bag,7,34.88,244.16,0.0,244.16
PO-00203,1,FRZ-013,Frozen Mixed Berries,Frozen/Refrigerated Goods,Frozen Fruit,10 lb bag,6,35.55,213.3,10.15,203.15
PO-00203,2,LIQ-025,"Beef Stock, Liquid",Liquids/Pastes/Sauces,Stock/Broth,1 gal jug,4,17.09,68.36,0.0,68.36
PO-00203,3,ALC-003,"Mexican Lager, Bottled",Alcoholic Beverage,Beer,case of 24,7,38.13,266.91,0.0,266.91
PO-00203,4,LIQ-006,Balsamic Vinegar,Liquids/Pastes/Sauces,Vinegar,1 gal jug,7,25.0,175.0,0.0,175.0
PO-00203,5,PRD-012,Carrots,Produce & Meat,Produce,25 lb bag,6,24.96,149.76,0.0,149.76
PO-00203,6,NAB-022,"Almond Milk, Unsweetened",Non-Alcoholic Beverage,Milk/Dairy Bev,32 oz carton,8,4.43,35.44,0.0,35.44
PO-00203,7,ALC-024,Coffee Liqueur,Alcoholic Beverage,Liqueur,750ml bottle,4,24.78,99.12,7.91,91.21
PO-00203,8,DRY-024,Baking Powder,Dry Goods & Spices,Baking,10 lb can,7,18.76,131.32,6.89,124.43
PO-00204,1,NAB-015,Black Tea Bags,Non-Alcoholic Beverage,Tea,box of 100,9,15.78,142.02,0.0,142.02
PO-00204,2,DRY-027,Panko Bread Crumbs,Dry Goods & Spices,Breading,25 lb case,9,34.39,309.51,16.95,292.56
PO-00204,3,FRZ-003,Frozen Broccoli Florets,Frozen/Refrigerated Goods,Frozen Vegetable,20 lb case,1,30.93,30.93,0.0,30.93
PO-00204,4,ALC-001,Domestic Draft Lager Keg,Alcoholic Beverage,Beer,1/2 barrel keg,1,113.73,113.73,0.0,113.73
PO-00204,5,ALC-029,Mezcal,Alcoholic Beverage,Spirits,750ml bottle,1,43.5,43.5,0.0,43.5
PO-00205,1,ALC-001,Domestic Draft Lager Keg,Alcoholic Beverage,Beer,1/2 barrel keg,4,117.27,469.08,15.08,454.0
PO-00205,2,LIQ-026,"Vegetable Stock, Liquid",Liquids/Pastes/Sauces,Stock/Broth,1 gal jug,7,16.49,115.43,0.0,115.43
PO-00205,3,NAB-006,Sparkling Water 12oz,Non-Alcoholic Beverage,Bottled Water,case of 24,10,18.2,182.0,0.0,182.0
PO-00205,4,NAB-022,"Almond Milk, Unsweetened",Non-Alcoholic Beverage,Milk/Dairy Bev,32 oz carton,4,4.19,16.76,0.0,16.76
PO-00205,5,SUP-014,Glass Cleaner,Supplies,Cleaning,1 gal jug,6,15.79,94.74,3.45,91.29
PO-00205,6,LIQ-010,Worcestershire Sauce,Liquids/Pastes/Sauces,Sauce,1 gal jug,3,18.03,54.09,0.0,54.09
PO-00205,7,PRD-004,"Onions, Yellow",Produce & Meat,Produce,50 lb bag,8,24.57,196.56,0.0,196.56
PO-00206,1,ALC-013,"Vodka, Premium",Alcoholic Beverage,Spirits,1L bottle,5,33.58,167.9,0.0,167.9
PO-00206,2,NAB-008,Cranberry Juice Cocktail,Non-Alcoholic Beverage,Juice,gallon,8,9.39,75.12,0.0,75.12
PO-00206,3,SUP-029,Aluminum Steam Table Pans,Supplies,Small Wares,case of 50,5,54.26,271.3,0.0,271.3
PO-00206,4,SUP-030,"Menu Paper, Cardstock",Supplies,Menu/Marketing,ream of 500,3,19.97,59.91,0.0,59.91
PO-00206,5,NAB-017,Herbal Chamomile Tea Bags,Non-Alcoholic Beverage,Tea,box of 100,3,15.87,47.61,0.0,47.61
PO-00206,6,PRD-005,"Garlic, Fresh",Produce & Meat,Produce,10 lb case,2,37.34,74.68,0.0,74.68
PO-00207,1,LIQ-001,Canola Oil,Liquids/Pastes/Sauces,Oil,35 lb jug,9,42.0,378.0,0.0,378.0
PO-00207,2,NAB-012,"Espresso Beans, Dark Roast",Non-Alcoholic Beverage,Coffee,5 lb bag,4,42.7,170.8,0.0,170.8
PO-00207,3,LIQ-022,Diced Tomatoes,Liquids/Pastes/Sauces,Canned Tomato,#10 can,3,8.36,25.08,0.0,25.08
PO-00208,1,LIQ-004,Sesame Oil,Liquids/Pastes/Sauces,Oil,1 gal jug,8,29.09,232.72,14.99,217.73
PO-00208,2,DRY-029,Sesame Seeds,Dry Goods & Spices,Nuts/Seeds,5 lb bag,3,21.4,64.2,0.0,64.2
PO-00208,3,FRZ-012,"Cheesecake, Uncut",Frozen/Refrigerated Goods,Frozen Dessert,10 inch,9,18.76,168.84,12.44,156.4
PO-00208,4,PRD-027,Ribeye Steak,Produce & Meat,Meat,case,10,19.82,198.2,0.0,198.2
PO-00209,1,PRD-016,Jalapeños,Produce & Meat,Produce,10 lb case,4,17.69,70.76,3.9,66.86
PO-00209,2,DRY-023,"Cinnamon, Ground",Dry Goods & Spices,Spice,1 lb bag,7,8.89,62.23,4.71,57.52
PO-00209,3,SUP-007,"Plastic Cutlery, Forks",Supplies,Disposable,box of 1000,7,18.92,132.44,0.0,132.44
PO-00209,4,ALC-020,"Rum, Spiced",Alcoholic Beverage,Spirits,1L bottle,4,20.6,82.4,0.0,82.4
PO-00210,1,ALC-001,Domestic Draft Lager Keg,Alcoholic Beverage,Beer,1/2 barrel keg,4,116.82,467.28,0.0,467.28
PO-00210,2,FRZ-025,Frozen Salmon Fillets,Frozen/Refrigerated Goods,Frozen Protein,10 lb box,10,98.11,981.1,0.0,981.1
PO-00210,3,FRZ-007,"Hash Browns, Shredded",Frozen/Refrigerated Goods,Frozen Potato,20 lb case,9,27.85,250.65,0.0,250.65
PO-00210,4,ALC-023,Triple Sec,Alcoholic Beverage,Liqueur,1L bottle,9,14.95,134.55,0.0,134.55
PO-00211,1,FRZ-015,Shredded Mozzarella,Frozen/Refrigerated Goods,Dairy,5 lb bag,7,19.49,136.43,0.0,136.43
PO-00211,2,SUP-010,"Dish Soap, Concentrate",Supplies,Cleaning,1 gal jug,8,24.42,195.36,0.0,195.36
PO-00211,3,SUP-024,Container Lids,Supplies,Storage,case of 100,7,24.81,173.67,0.0,173.67
PO-00211,4,LIQ-002,"Olive Oil, Extra Virgin",Liquids/Pastes/Sauces,Oil,3 L tin,2,26.17,52.34,0.0,52.34
PO-00211,5,ALC-008,Pinot Noir,Alcoholic Beverage,Wine,case of 12,9,127.56,1148.04,0.0,1148.04
PO-00211,6,SUP-029,Aluminum Steam Table Pans,Supplies,Small Wares,case of 50,7,56.98,398.86,0.0,398.86
PO-00212,1,PRD-011,"Potatoes, Russet",Produce & Meat,Produce,50 lb bag,1,32.95,32.95,0.0,32.95
PO-00212,2,DRY-017,"Cumin, Ground",Dry Goods & Spices,Spice,1 lb bag,3,13.14,39.42,0.0,39.42
PO-00212,3,DRY-008,"Penne, Dry",Dry Goods & Spices,Pasta,20 lb case,6,18.26,109.56,0.0,109.56
PO-00212,4,PRD-013,Celery,Produce & Meat,Produce,case of 30,1,30.56,30.56,0.0,30.56
PO-00212,5,FRZ-010,Vanilla Ice Cream,Frozen/Refrigerated Goods,Frozen Dessert,3 gal tub,6,25.0,150.0,0.0,150.0
PO-00212,6,FRZ-026,Mozzarella Sticks,Frozen/Refrigerated Goods,Frozen Appetizer,case of 240,5,56.46,282.3,0.0,282.3
PO-00213,1,PRD-030,"Shrimp, Fresh 16/20",Produce & Meat,Seafood,case,6,11.37,68.22,0.0,68.22
PO-00213,2,LIQ-008,Soy Sauce,Liquids/Pastes/Sauces,Sauce,1 gal jug,6,12.11,72.66,0.0,72.66
PO-00213,3,NAB-019,Gatorade Fruit Punch,Non-Alcoholic Beverage,Energy/Sports,case of 24,2,21.94,43.88,0.0,43.88
PO-00214,1,SUP-016,"Toilet Paper, Roll",Supplies,Paper Goods,case of 48,5,42.31,211.55,0.0,211.55
PO-00214,2,LIQ-012,Buffalo Wing Sauce,Liquids/Pastes/Sauces,Sauce,1 gal jug,1,21.24,21.24,0.86,20.38
PO-00214,3,SUP-015,"Paper Towels, Roll",Supplies,Paper Goods,case of 12,9,41.27,371.43,0.0,371.43
PO-00214,4,DRY-002,Bread Flour,Dry Goods & Spices,Flour,50 lb bag,9,24.5,220.5,0.0,220.5
PO-00214,5,DRY-011,Granulated Sugar,Dry Goods & Spices,Sugar,50 lb bag,5,25.2,126.0,0.0,126.0
PO-00214,6,DRY-030,Sliced Almonds,Dry Goods & Spices,Nuts/Seeds,5 lb bag,2,29.34,58.68,0.0,58.68
PO-00215,1,DRY-007,"Spaghetti, Dry",Dry Goods & Spices,Pasta,20 lb case,8,21.24,169.92,0.0,169.92
PO-00215,2,FRZ-018,Cream Cheese,Frozen/Refrigerated Goods,Dairy,3 lb block,1,11.85,11.85,0.0,11.85
PO-00215,3,ALC-002,Craft IPA Keg,Alcoholic Beverage,Beer,1/6 barrel keg,9,117.19,1054.71,0.0,1054.71
PO-00216,1,LIQ-020,"Curry Paste, Red",Liquids/Pastes/Sauces,Paste,14 oz can,8,6.44,51.52,0.0,51.52
PO-00216,2,ALC-026,"Stout, Bottled",Alcoholic Beverage,Beer,case of 24,9,44.82,403.38,0.0,403.38
PO-00216,3,DRY-008,"Penne, Dry",Dry Goods & Spices,Pasta,20 lb case,3,18.07,54.21,0.0,54.21
PO-00216,4,FRZ-023,"Frozen Shrimp, 21/25",Frozen/Refrigerated Goods,Frozen Protein,5 lb bag,5,62.06,310.3,0.0,310.3
PO-00216,5,SUP-025,"Deli Cups w/ Lids, 8oz",Supplies,Storage,case of 500,5,36.72,183.6,0.0,183.6
PO-00216,6,SUP-027,Hand Sanitizer,Supplies,Chemical,1 gal jug,6,19.26,115.56,0.0,115.56
PO-00216,7,PRD-014,"Mushrooms, White Button",Produce & Meat,Produce,10 lb case,10,35.05,350.5,0.0,350.5
PO-00217,1,NAB-025,Grapefruit Juice,Non-Alcoholic Beverage,Juice,46 oz can,6,5.66,33.96,0.0,33.96
PO-00217,2,LIQ-029,Sriracha,Liquids/Pastes/Sauces,Sauce,1 gal jug,1,23.53,23.53,0.0,23.53
PO-00217,3,DRY-005,Jasmine Rice,Dry Goods & Spices,Grain,50 lb bag,3,35.56,106.68,0.0,106.68
PO-00218,1,PRD-025,"Bacon, Sliced",Produce & Meat,Meat,15 lb case,9,73.36,660.24,0.0,660.24
PO-00218,2,DRY-004,"White Rice, Long Grain",Dry Goods & Spices,Grain,50 lb bag,5,34.88,174.4,0.0,174.4
PO-00218,3,FRZ-010,Vanilla Ice Cream,Frozen/Refrigerated Goods,Frozen Dessert,3 gal tub,10,25.57,255.7,0.0,255.7
PO-00218,4,DRY-019,Garlic Powder,Dry Goods & Spices,Spice,1 lb bag,8,8.68,69.44,0.0,69.44
PO-00218,5,SUP-016,"Toilet Paper, Roll",Supplies,Paper Goods,case of 48,8,41.28,330.24,0.0,330.24
PO-00218,6,NAB-003,Sprite Syrup BIB,Non-Alcoholic Beverage,Soda,5 gal bag-in-box,9,66.06,594.54,12.78,581.76
PO-00219,1,LIQ-015,Caesar Dressing,Liquids/Pastes/Sauces,Sauce,1 gal jug,9,18.26,164.34,0.0,164.34
PO-00219,2,ALC-013,"Vodka, Premium",Alcoholic Beverage,Spirits,1L bottle,2,33.67,67.34,0.0,67.34
PO-00219,3,LIQ-005,White Vinegar,Liquids/Pastes/Sauces,Vinegar,1 gal jug,8,7.23,57.84,0.0,57.84
PO-00219,4,FRZ-010,Vanilla Ice Cream,Frozen/Refrigerated Goods,Frozen Dessert,3 gal tub,1,26.39,26.39,0.0,26.39
PO-00219,5,ALC-027,Non-Alcoholic Beer,Alcoholic Beverage,Beer,case of 24,3,34.71,104.13,0.0,104.13
PO-00219,6,DRY-006,Quinoa,Dry Goods & Spices,Grain,10 lb bag,7,29.31,205.17,0.0,205.17
PO-00219,7,PRD-018,"Spinach, Fresh",Produce & Meat,Produce,4 lb case,6,18.94,113.64,0.0,113.64
PO-00220,1,SUP-016,"Toilet Paper, Roll",Supplies,Paper Goods,case of 48,3,43.36,130.08,0.0,130.08
PO-00220,2,FRZ-011,Chocolate Ice Cream,Frozen/Refrigerated Goods,Frozen Dessert,3 gal tub,9,28.36,255.24,0.0,255.24
PO-00220,3,ALC-012,"Vodka, Well",Alcoholic Beverage,Spirits,1.75L bottle,10,23.92,239.2,0.0,239.2
PO-00220,4,LIQ-012,Buffalo Wing Sauce,Liquids/Pastes/Sauces,Sauce,1 gal jug,7,20.52,143.64,0.0,143.64
PO-00221,1,ALC-015,"Tequila, Blanco Premium",Alcoholic Beverage,Spirits,1L bottle,5,34.56,172.8,0.0,172.8
PO-00221,2,ALC-002,Craft IPA Keg,Alcoholic Beverage,Beer,1/6 barrel keg,9,109.74,987.66,0.0,987.66
PO-00221,3,NAB-026,Tomato Juice,Non-Alcoholic Beverage,Juice,46 oz can,1,4.51,4.51,0.0,4.51
PO-00221,4,SUP-004,"Paper Bags, Kraft",Supplies,To-Go,case of 500,8,31.95,255.6,15.32,240.28
PO-00221,5,DRY-022,"Oregano, Dried",Dry Goods & Spices,Spice,1 lb bag,3,12.97,38.91,0.0,38.91
PO-00221,6,ALC-026,"Stout, Bottled",Alcoholic Beverage,Beer,case of 24,4,44.78,179.12,11.8,167.32
PO-00221,7,FRZ-028,"Yogurt, Plain",Frozen/Refrigerated Goods,Dairy,5 lb tub,2,14.14,28.28,0.0,28.28
PO-00222,1,SUP-012,Sanitizer Solution,Supplies,Cleaning,1 gal jug,3,18.7,56.1,0.0,56.1
PO-00222,2,NAB-005,Still Water 16.9oz,Non-Alcoholic Beverage,Bottled Water,case of 24,6,6.56,39.36,0.0,39.36
PO-00222,3,DRY-021,Cayenne Pepper,Dry Goods & Spices,Spice,1 lb bag,6,9.87,59.22,2.22,57.0
PO-00222,4,ALC-023,Triple Sec,Alcoholic Beverage,Liqueur,1L bottle,2,15.81,31.62,0.0,31.62
PO-00222,5,NAB-015,Black Tea Bags,Non-Alcoholic Beverage,Tea,box of 100,3,15.72,47.16,0.0,47.16
PO-00222,6,ALC-019,"Rum, White",Alcoholic Beverage,Spirits,1.75L bottle,3,20.12,60.36,0.0,60.36
PO-00222,7,DRY-027,Panko Bread Crumbs,Dry Goods & Spices,Breading,25 lb case,5,35.05,175.25,0.0,175.25
PO-00222,8,DRY-004,"White Rice, Long Grain",Dry Goods & Spices,Grain,50 lb bag,6,36.18,217.08,11.9,205.18
PO-00223,1,FRZ-018,Cream Cheese,Frozen/Refrigerated Goods,Dairy,3 lb block,4,11.87,47.48,0.0,47.48
PO-00223,2,ALC-001,Domestic Draft Lager Keg,Alcoholic Beverage,Beer,1/2 barrel keg,9,114.53,1030.77,0.0,1030.77
PO-00223,3,NAB-022,"Almond Milk, Unsweetened",Non-Alcoholic Beverage,Milk/Dairy Bev,32 oz carton,2,4.36,8.72,0.0,8.72
PO-00223,4,ALC-025,Amaretto,Alcoholic Beverage,Liqueur,750ml bottle,2,22.42,44.84,0.0,44.84
PO-00223,5,NAB-030,Powerade Blue,Non-Alcoholic Beverage,Energy/Sports,case of 24,8,18.33,146.64,0.0,146.64
PO-00223,6,LIQ-014,Ranch Dressing,Liquids/Pastes/Sauces,Sauce,1 gal jug,3,20.5,61.5,0.0,61.5
PO-00224,1,SUP-007,"Plastic Cutlery, Forks",Supplies,Disposable,box of 1000,4,18.64,74.56,1.84,72.72
PO-00224,2,PRD-021,"Ground Beef, 80/20",Produce & Meat,Meat,case,2,5.19,10.38,0.69,9.69
PO-00224,3,NAB-016,Green Tea Bags,Non-Alcoholic Beverage,Tea,box of 100,1,15.62,15.62,0.0,15.62
PO-00224,4,ALC-008,Pinot Noir,Alcoholic Beverage,Wine,case of 12,9,124.84,1123.56,0.0,1123.56
PO-00225,1,DRY-002,Bread Flour,Dry Goods & Spices,Flour,50 lb bag,5,23.7,118.5,0.0,118.5
PO-00225,2,PRD-006,"Bell Peppers, Green",Produce & Meat,Produce,25 lb case,3,38.74,116.22,0.0,116.22
PO-00225,3,SUP-030,"Menu Paper, Cardstock",Supplies,Menu/Marketing,ream of 500,10,20.72,207.2,0.0,207.2
PO-00225,4,ALC-029,Mezcal,Alcoholic Beverage,Spirits,750ml bottle,2,42.04,84.08,0.0,84.08
PO-00225,5,FRZ-023,"Frozen Shrimp, 21/25",Frozen/Refrigerated Goods,Frozen Protein,5 lb bag,9,64.95,584.55,0.0,584.55
PO-00225,6,NAB-007,Orange Juice Concentrate,Non-Alcoholic Beverage,Juice,gallon,5,11.36,56.8,0.0,56.8
PO-00225,7,NAB-027,Sparkling Lemon Water 12oz,Non-Alcoholic Beverage,Bottled Water,case of 24,1,17.03,17.03,0.0,17.03
PO-00226,1,LIQ-012,Buffalo Wing Sauce,Liquids/Pastes/Sauces,Sauce,1 gal jug,9,21.24,191.16,0.0,191.16
PO-00226,2,ALC-025,Amaretto,Alcoholic Beverage,Liqueur,750ml bottle,6,20.69,124.14,3.3,120.84
PO-00226,3,FRZ-013,Frozen Mixed Berries,Frozen/Refrigerated Goods,Frozen Fruit,10 lb bag,6,33.09,198.54,0.0,198.54
PO-00226,4,PRD-017,Cucumbers,Produce & Meat,Produce,case of 24,1,20.41,20.41,1.01,19.4
PO-00226,5,NAB-023,Root Beer Syrup BIB,Non-Alcoholic Beverage,Soda,5 gal bag-in-box,8,57.6,460.8,0.0,460.8
PO-00226,6,SUP-016,"Toilet Paper, Roll",Supplies,Paper Goods,case of 48,8,42.13,337.04,0.0,337.04
PO-00226,7,FRZ-001,Frozen Peas,Frozen/Refrigerated Goods,Frozen Vegetable,20 lb case,7,24.82,173.74,0.0,173.74
PO-00226,8,FRZ-004,"Frozen Spinach, Chopped",Frozen/Refrigerated Goods,Frozen Vegetable,20 lb case,8,25.17,201.36,0.0,201.36
PO-00227,1,PRD-029,"Salmon Fillet, Fresh",Produce & Meat,Seafood,case,2,13.6,27.2,0.0,27.2
PO-00227,2,SUP-026,Hand Soap,Supplies,Chemical,1 gal jug,3,16.88,50.64,3.98,46.66
PO-00227,3,NAB-023,Root Beer Syrup BIB,Non-Alcoholic Beverage,Soda,5 gal bag-in-box,10,57.33,573.3,0.0,573.3
PO-00227,4,ALC-002,Craft IPA Keg,Alcoholic Beverage,Beer,1/6 barrel keg,4,110.86,443.44,0.0,443.44
PO-00227,5,ALC-006,"Cabernet Sauvignon, House Red",Alcoholic Beverage,Wine,case of 12,5,83.98,419.9,0.0,419.9
PO-00227,6,LIQ-015,Caesar Dressing,Liquids/Pastes/Sauces,Sauce,1 gal jug,10,19.69,196.9,0.0,196.9
PO-00227,7,SUP-001,"To-Go Containers, 32oz",Supplies,To-Go,case of 150,7,37.46,262.22,0.0,262.22
PO-00228,1,LIQ-010,Worcestershire Sauce,Liquids/Pastes/Sauces,Sauce,1 gal jug,2,18.0,36.0,0.0,36.0
PO-00228,2,DRY-009,"Black Beans, Dry",Dry Goods & Spices,Legume,25 lb bag,3,21.42,64.26,0.0,64.26
PO-00228,3,PRD-019,"Basil, Fresh",Produce & Meat,Produce,case of 12 bunches,3,24.28,72.84,0.0,72.84
PO-00228,4,NAB-030,Powerade Blue,Non-Alcoholic Beverage,Energy/Sports,case of 24,2,17.81,35.62,0.0,35.62
PO-00228,5,NAB-001,Coca-Cola Syrup BIB,Non-Alcoholic Beverage,Soda,5 gal bag-in-box,8,67.93,543.44,0.0,543.44
PO-00228,6,NAB-022,"Almond Milk, Unsweetened",Non-Alcoholic Beverage,Milk/Dairy Bev,32 oz carton,8,4.14,33.12,0.0,33.12
PO-00229,1,ALC-021,"Whiskey, Rye",Alcoholic Beverage,Spirits,750ml bottle,1,37.52,37.52,2.0,35.52
PO-00229,2,FRZ-016,Shredded Cheddar,Frozen/Refrigerated Goods,Dairy,5 lb bag,5,19.01,95.05,0.0,95.05
PO-00229,3,FRZ-024,Frozen Chicken Wings,Frozen/Refrigerated Goods,Frozen Protein,40 lb case,7,101.48,710.36,44.71,665.65
PO-00229,4,FRZ-002,Frozen Corn,Frozen/Refrigerated Goods,Frozen Vegetable,20 lb case,2,24.5,49.0,0.0,49.0
PO-00229,5,SUP-013,Bleach,Supplies,Cleaning,1 gal jug,9,7.79,70.11,0.0,70.11
PO-00229,6,SUP-021,"Disposable Gloves, Nitrile",Supplies,Gloves,case of 1000,8,57.35,458.8,0.0,458.8
PO-00230,1,PRD-023,"Chicken Thighs, Boneless",Produce & Meat,Meat,case,10,3.72,37.2,2.61,34.59
PO-00230,2,LIQ-003,Vegetable Oil,Liquids/Pastes/Sauces,Oil,35 lb jug,10,38.46,384.6,28.26,356.34
PO-00230,3,LIQ-022,Diced Tomatoes,Liquids/Pastes/Sauces,Canned Tomato,#10 can,2,8.48,16.96,0.0,16.96
PO-00230,4,DRY-014,Kosher Salt,Dry Goods & Spices,Spice,25 lb bag,7,10.81,75.67,0.0,75.67
PO-00230,5,SUP-030,"Menu Paper, Cardstock",Supplies,Menu/Marketing,ream of 500,4,20.47,81.88,0.0,81.88
PO-00230,6,DRY-001,All-Purpose Flour,Dry Goods & Spices,Flour,50 lb bag,2,22.12,44.24,0.0,44.24
PO-00230,7,DRY-013,Powdered Sugar,Dry Goods & Spices,Sugar,25 lb bag,5,19.94,99.7,3.01,96.69
PO-00231,1,PRD-021,"Ground Beef, 80/20",Produce & Meat,Meat,case,6,4.85,29.1,0.0,29.1
PO-00231,2,DRY-027,Panko Bread Crumbs,Dry Goods & Spices,Breading,25 lb case,10,33.42,334.2,16.48,317.72
PO-00231,3,LIQ-013,Teriyaki Sauce,Liquids/Pastes/Sauces,Sauce,1 gal jug,4,18.6,74.4,0.0,74.4
PO-00232,1,LIQ-025,"Beef Stock, Liquid",Liquids/Pastes/Sauces,Stock/Broth,1 gal jug,5,16.17,80.85,6.45,74.4
PO-00232,2,SUP-008,"Plastic Cutlery, Spoons",Supplies,Disposable,box of 1000,4,17.07,68.28,0.0,68.28
PO-00232,3,NAB-027,Sparkling Lemon Water 12oz,Non-Alcoholic Beverage,Bottled Water,case of 24,10,17.37,173.7,6.98,166.72
PO-00232,4,LIQ-030,Honey,Liquids/Pastes/Sauces,Honey/Syrup,5 lb jug,9,18.35,165.15,0.0,165.15
PO-00233,1,LIQ-009,Hot Sauce,Liquids/Pastes/Sauces,Sauce,1 gal jug,9,24.11,216.99,0.0,216.99
PO-00233,2,DRY-030,Sliced Almonds,Dry Goods & Spices,Nuts/Seeds,5 lb bag,9,28.3,254.7,0.0,254.7
PO-00233,3,DRY-002,Bread Flour,Dry Goods & Spices,Flour,50 lb bag,4,24.76,99.04,0.0,99.04
PO-00233,4,FRZ-011,Chocolate Ice Cream,Frozen/Refrigerated Goods,Frozen Dessert,3 gal tub,8,29.35,234.8,0.0,234.8
PO-00233,5,FRZ-004,"Frozen Spinach, Chopped",Frozen/Refrigerated Goods,Frozen Vegetable,20 lb case,10,26.66,266.6,0.0,266.6
PO-00233,6,DRY-018,Chili Powder,Dry Goods & Spices,Spice,1 lb bag,10,9.65,96.5,0.0,96.5
PO-00233,7,LIQ-008,Soy Sauce,Liquids/Pastes/Sauces,Sauce,1 gal jug,4,12.13,48.52,0.0,48.52
PO-00233,8,FRZ-013,Frozen Mixed Berries,Frozen/Refrigerated Goods,Frozen Fruit,10 lb bag,3,33.13,99.39,0.0,99.39
PO-00234,1,FRZ-027,"Spring Rolls, Vegetable",Frozen/Refrigerated Goods,Frozen Appetizer,case of 100,5,60.1,300.5,0.0,300.5
PO-00234,2,FRZ-016,Shredded Cheddar,Frozen/Refrigerated Goods,Dairy,5 lb bag,7,18.46,129.22,0.0,129.22
PO-00234,3,ALC-021,"Whiskey, Rye",Alcoholic Beverage,Spirits,750ml bottle,4,39.27,157.08,0.0,157.08
PO-00234,4,NAB-026,Tomato Juice,Non-Alcoholic Beverage,Juice,46 oz can,5,4.47,22.35,0.0,22.35
PO-00234,5,ALC-005,Light Lager Draft Keg,Alcoholic Beverage,Beer,1/2 barrel keg,9,92.49,832.41,0.0,832.41
PO-00234,6,ALC-016,"Tequila, Reposado Premium",Alcoholic Beverage,Spirits,1L bottle,8,47.16,377.28,0.0,377.28
PO-00234,7,NAB-010,Lemon Juice (bottled),Non-Alcoholic Beverage,Juice,32 oz bottle,2,4.44,8.88,0.0,8.88
PO-00235,1,ALC-013,"Vodka, Premium",Alcoholic Beverage,Spirits,1L bottle,9,33.31,299.79,0.0,299.79
PO-00235,2,FRZ-008,"Dinner Rolls, Par-Baked",Frozen/Refrigerated Goods,Frozen Bread,case of 200,10,39.38,393.8,0.0,393.8
PO-00235,3,SUP-003,"To-Go Cup Lids, Dome",Supplies,To-Go,case of 1000,5,33.68,168.4,0.0,168.4
PO-00235,4,PRD-014,"Mushrooms, White Button",Produce & Meat,Produce,10 lb case,10,32.15,321.5,21.99,299.51
PO-00235,5,SUP-024,Container Lids,Supplies,Storage,case of 100,10,24.38,243.8,0.0,243.8
PO-00235,6,ALC-008,Pinot Noir,Alcoholic Beverage,Wine,case of 12,4,134.97,539.88,0.0,539.88
PO-00235,7,ALC-020,"Rum, Spiced",Alcoholic Beverage,Spirits,1L bottle,2,20.11,40.22,0.0,40.22
PO-00235,8,ALC-004,"Wheat Beer, Bottled",Alcoholic Beverage,Beer,case of 24,8,34.46,275.68,0.0,275.68
PO-00236,1,DRY-017,"Cumin, Ground",Dry Goods & Spices,Spice,1 lb bag,6,13.16,78.96,0.0,78.96
PO-00236,2,DRY-027,Panko Bread Crumbs,Dry Goods & Spices,Breading,25 lb case,10,32.17,321.7,20.71,300.99
PO-00236,3,PRD-007,"Bell Peppers, Red",Produce & Meat,Produce,25 lb case,1,43.48,43.48,0.0,43.48
PO-00236,4,ALC-008,Pinot Noir,Alcoholic Beverage,Wine,case of 12,4,134.74,538.96,0.0,538.96
PO-00236,5,ALC-011,Rosé,Alcoholic Beverage,Wine,case of 12,6,87.41,524.46,0.0,524.46
PO-00236,6,NAB-016,Green Tea Bags,Non-Alcoholic Beverage,Tea,box of 100,9,15.51,139.59,0.0,139.59
PO-00236,7,ALC-030,"Vermouth, Dry",Alcoholic Beverage,Liqueur,1L bottle,7,12.87,90.09,7.0,83.09
PO-00237,1,SUP-008,"Plastic Cutlery, Spoons",Supplies,Disposable,box of 1000,8,17.87,142.96,0.0,142.96
PO-00237,2,FRZ-012,"Cheesecake, Uncut",Frozen/Refrigerated Goods,Frozen Dessert,10 inch,6,19.52,117.12,0.0,117.12
PO-00237,3,SUP-030,"Menu Paper, Cardstock",Supplies,Menu/Marketing,ream of 500,2,20.91,41.82,0.0,41.82
PO-00237,4,LIQ-004,Sesame Oil,Liquids/Pastes/Sauces,Oil,1 gal jug,9,28.79,259.11,11.73,247.38
PO-00237,5,NAB-024,Club Soda Canister,Non-Alcoholic Beverage,Soda,5 gal canister,9,16.5,148.5,0.0,148.5
PO-00237,6,DRY-029,Sesame Seeds,Dry Goods & Spices,Nuts/Seeds,5 lb bag,1,20.43,20.43,0.0,20.43
PO-00238,1,LIQ-010,Worcestershire Sauce,Liquids/Pastes/Sauces,Sauce,1 gal jug,9,16.98,152.82,0.0,152.82
PO-00238,2,LIQ-016,"Vinaigrette, Balsamic",Liquids/Pastes/Sauces,Sauce,1 gal jug,3,22.1,66.3,0.0,66.3
PO-00238,3,NAB-026,Tomato Juice,Non-Alcoholic Beverage,Juice,46 oz can,6,4.73,28.38,0.0,28.38
PO-00238,4,ALC-010,Prosecco,Alcoholic Beverage,Wine,case of 12,3,117.28,351.84,0.0,351.84
PO-00239,1,SUP-012,Sanitizer Solution,Supplies,Cleaning,1 gal jug,8,18.75,150.0,0.0,150.0
PO-00239,2,DRY-004,"White Rice, Long Grain",Dry Goods & Spices,Grain,50 lb bag,3,36.19,108.57,6.2,102.37
PO-00239,3,NAB-005,Still Water 16.9oz,Non-Alcoholic Beverage,Bottled Water,case of 24,3,6.94,20.82,0.88,19.94
PO-00239,4,SUP-018,Parchment Paper Sheets,Supplies,Paper Goods,box of 1000,2,42.19,84.38,4.35,80.03
PO-00239,5,PRD-002,Iceberg Lettuce,Produce & Meat,Produce,case of 24 heads,8,28.07,224.56,0.0,224.56
PO-00239,6,SUP-020,Aluminum Foil Roll,Supplies,Wrap/Film,roll,4,30.48,121.92,0.0,121.92
PO-00240,1,DRY-008,"Penne, Dry",Dry Goods & Spices,Pasta,20 lb case,5,17.91,89.55,0.0,89.55
PO-00240,2,SUP-023,Food Storage Containers,Supplies,Storage,case of 100,3,35.69,107.07,0.0,107.07
PO-00240,3,NAB-028,Cold Brew Concentrate,Non-Alcoholic Beverage,Coffee,gallon,5,19.79,98.95,0.0,98.95
PO-00240,4,LIQ-004,Sesame Oil,Liquids/Pastes/Sauces,Oil,1 gal jug,8,27.48,219.84,0.0,219.84
PO-00241,1,PRD-013,Celery,Produce & Meat,Produce,case of 30,2,30.24,60.48,1.42,59.06
PO-00241,2,DRY-028,Seasoned Bread Crumbs,Dry Goods & Spices,Breading,25 lb case,4,29.69,118.76,0.0,118.76
PO-00241,3,FRZ-005,"French Fries, Straight Cut",Frozen/Refrigerated Goods,Frozen Potato,30 lb case,10,32.98,329.8,0.0,329.8
PO-00241,4,PRD-020,"Ginger, Fresh",Produce & Meat,Produce,10 lb case,10,31.55,315.5,0.0,315.5
PO-00242,1,LIQ-028,Alfredo Sauce,Liquids/Pastes/Sauces,Sauce,4 lb tub,3,17.23,51.69,0.0,51.69
PO-00242,2,DRY-025,Baking Soda,Dry Goods & Spices,Baking,12 lb box,8,10.86,86.88,3.39,83.49
PO-00242,3,ALC-006,"Cabernet Sauvignon, House Red",Alcoholic Beverage,Wine,case of 12,3,82.38,247.14,0.0,247.14
PO-00242,4,FRZ-019,"Butter, Unsalted",Frozen/Refrigerated Goods,Dairy,36 lb case,3,108.33,324.99,0.0,324.99
PO-00242,5,NAB-013,"Drip Coffee, Medium Roast",Non-Alcoholic Beverage,Coffee,2 lb bag,5,17.55,87.75,0.0,87.75
PO-00242,6,LIQ-005,White Vinegar,Liquids/Pastes/Sauces,Vinegar,1 gal jug,5,7.62,38.1,0.0,38.1
PO-00243,1,FRZ-027,"Spring Rolls, Vegetable",Frozen/Refrigerated Goods,Frozen Appetizer,case of 100,3,58.91,176.73,5.48,171.25
PO-00243,2,PRD-019,"Basil, Fresh",Produce & Meat,Produce,case of 12 bunches,3,23.78,71.34,0.0,71.34
PO-00243,3,DRY-003,Cornmeal,Dry Goods & Spices,Flour,25 lb bag,8,16.8,134.4,5.56,128.84
PO-00243,4,PRD-018,"Spinach, Fresh",Produce & Meat,Produce,4 lb case,8,19.76,158.08,0.0,158.08
PO-00244,1,DRY-030,Sliced Almonds,Dry Goods & Spices,Nuts/Seeds,5 lb bag,10,30.69,306.9,0.0,306.9
PO-00244,2,ALC-029,Mezcal,Alcoholic Beverage,Spirits,750ml bottle,10,42.11,421.1,0.0,421.1
PO-00244,3,SUP-012,Sanitizer Solution,Supplies,Cleaning,1 gal jug,10,17.13,171.3,0.0,171.3
PO-00244,4,LIQ-029,Sriracha,Liquids/Pastes/Sauces,Sauce,1 gal jug,4,24.36,97.44,0.0,97.44
PO-00245,1,SUP-022,"Disposable Gloves, Vinyl",Supplies,Gloves,case of 1000,8,34.47,275.76,0.0,275.76
PO-00245,2,FRZ-025,Frozen Salmon Fillets,Frozen/Refrigerated Goods,Frozen Protein,10 lb box,8,98.65,789.2,0.0,789.2
PO-00245,3,ALC-006,"Cabernet Sauvignon, House Red",Alcoholic Beverage,Wine,case of 12,1,80.24,80.24,0.0,80.24
PO-00246,1,PRD-030,"Shrimp, Fresh 16/20",Produce & Meat,Seafood,case,2,12.18,24.36,0.0,24.36
PO-00246,2,PRD-008,Avocados,Produce & Meat,Produce,case of 48,2,67.03,134.06,0.0,134.06
PO-00246,3,ALC-011,Rosé,Alcoholic Beverage,Wine,case of 12,7,85.58,599.06,42.62,556.44
PO-00246,4,ALC-020,"Rum, Spiced",Alcoholic Beverage,Spirits,1L bottle,7,19.99,139.93,0.0,139.93
PO-00246,5,NAB-028,Cold Brew Concentrate,Non-Alcoholic Beverage,Coffee,gallon,3,21.04,63.12,3.12,60.0
PO-00246,6,PRD-012,Carrots,Produce & Meat,Produce,25 lb bag,5,24.47,122.35,0.0,122.35
PO-00246,7,DRY-005,Jasmine Rice,Dry Goods & Spices,Grain,50 lb bag,6,34.29,205.74,0.0,205.74
PO-00246,8,DRY-007,"Spaghetti, Dry",Dry Goods & Spices,Pasta,20 lb case,9,21.52,193.68,0.0,193.68
PO-00247,1,LIQ-004,Sesame Oil,Liquids/Pastes/Sauces,Oil,1 gal jug,6,26.93,161.58,0.0,161.58
PO-00247,2,NAB-024,Club Soda Canister,Non-Alcoholic Beverage,Soda,5 gal canister,3,16.41,49.23,0.0,49.23
PO-00247,3,DRY-008,"Penne, Dry",Dry Goods & Spices,Pasta,20 lb case,9,18.48,166.32,8.0,158.32
PO-00247,4,LIQ-020,"Curry Paste, Red",Liquids/Pastes/Sauces,Paste,14 oz can,8,6.0,48.0,0.0,48.0
PO-00247,5,NAB-016,Green Tea Bags,Non-Alcoholic Beverage,Tea,box of 100,5,15.97,79.85,0.0,79.85
PO-00248,1,ALC-016,"Tequila, Reposado Premium",Alcoholic Beverage,Spirits,1L bottle,5,46.55,232.75,0.0,232.75
PO-00248,2,FRZ-030,"Pie Crust, Frozen 9in",Frozen/Refrigerated Goods,Frozen Dessert,case of 24,9,32.95,296.55,19.11,277.44
PO-00248,3,FRZ-022,"Eggs, Large",Frozen/Refrigerated Goods,Dairy,case of 15 dz,3,53.97,161.91,0.0,161.91
PO-00248,4,SUP-020,Aluminum Foil Roll,Supplies,Wrap/Film,roll,7,29.11,203.77,0.0,203.77
PO-00248,5,NAB-026,Tomato Juice,Non-Alcoholic Beverage,Juice,46 oz can,10,4.55,45.5,0.0,45.5
PO-00248,6,FRZ-024,Frozen Chicken Wings,Frozen/Refrigerated Goods,Frozen Protein,40 lb case,8,107.71,861.68,0.0,861.68
PO-00248,7,PRD-001,Romaine Lettuce,Produce & Meat,Produce,case of 24 heads,3,33.31,99.93,0.0,99.93
PO-00249,1,NAB-014,"Decaf Coffee, Medium Roast",Non-Alcoholic Beverage,Coffee,2 lb bag,7,18.27,127.89,0.0,127.89
PO-00249,2,NAB-008,Cranberry Juice Cocktail,Non-Alcoholic Beverage,Juice,gallon,10,9.53,95.3,0.0,95.3
PO-00249,3,FRZ-008,"Dinner Rolls, Par-Baked",Frozen/Refrigerated Goods,Frozen Bread,case of 200,10,38.52,385.2,0.0,385.2
PO-00249,4,ALC-004,"Wheat Beer, Bottled",Alcoholic Beverage,Beer,case of 24,7,33.48,234.36,0.0,234.36
PO-00249,5,SUP-029,Aluminum Steam Table Pans,Supplies,Small Wares,case of 50,3,53.59,160.77,4.29,156.48
PO-00249,6,ALC-013,"Vodka, Premium",Alcoholic Beverage,Spirits,1L bottle,4,31.48,125.92,0.0,125.92
PO-00249,7,LIQ-005,White Vinegar,Liquids/Pastes/Sauces,Vinegar,1 gal jug,3,7.1,21.3,0.0,21.3
PO-00250,1,NAB-002,Diet Coke Syrup BIB,Non-Alcoholic Beverage,Soda,5 gal bag-in-box,8,59.73,477.84,0.0,477.84
PO-00250,2,ALC-005,Light Lager Draft Keg,Alcoholic Beverage,Beer,1/2 barrel keg,10,91.76,917.6,0.0,917.6
PO-00250,3,DRY-011,Granulated Sugar,Dry Goods & Spices,Sugar,50 lb bag,6,24.85,149.1,8.62,140.48
PO-00250,4,DRY-003,Cornmeal,Dry Goods & Spices,Flour,25 lb bag,7,17.27,120.89,0.0,120.89
PO-00250,5,PRD-018,"Spinach, Fresh",Produce & Meat,Produce,4 lb case,10,19.82,198.2,0.0,198.2
PO-00250,6,FRZ-006,Tater Tots,Frozen/Refrigerated Goods,Frozen Potato,30 lb case,1,32.5,32.5,0.0,32.5
PO-00251,1,SUP-028,Chafing Fuel Cans,Supplies,Small Wares,case of 24,1,40.48,40.48,0.0,40.48
PO-00251,2,PRD-005,"Garlic, Fresh",Produce & Meat,Produce,10 lb case,8,37.77,302.16,0.0,302.16
PO-00251,3,SUP-019,Plastic Wrap Roll,Supplies,Wrap/Film,roll,4,19.41,77.64,0.0,77.64
